control,stratification,primary,draw,estimate_pp,observed_estimate_pp,seed
permuted_anchor_pseudo_edge,repository_month,True,1,16.750491484554278,17.34652360493298,20260827
permuted_anchor_pseudo_edge,repository_month,True,2,16.272536680461663,17.34652360493298,20260827
permuted_anchor_pseudo_edge,repository_month,True,3,16.560753605464107,17.34652360493298,20260827
permuted_anchor_pseudo_edge,repository_month,True,4,15.652050804626041,17.34652360493298,20260827
permuted_anchor_pseudo_edge,repository_month,True,5,16.093432723829387,17.34652360493298,20260827
permuted_anchor_pseudo_edge,repository_month,True,6,15.626272457019615,17.34652360493298,20260827
permuted_anchor_pseudo_edge,repository_month,True,7,16.50643857218662,17.34652360493298,20260827
permuted_anchor_pseudo_edge,repository_month,True,8,17.603284220645783,17.34652360493298,20260827
permuted_anchor_pseudo_edge,repository_month,True,9,16.53063503224059,17.34652360493298,20260827
permuted_anchor_pseudo_edge,repository_month,True,10,17.620498393914254,17.34652360493298,20260827
permuted_anchor_pseudo_edge,repository_month,True,11,15.262276136214572,17.34652360493298,20260827
permuted_anchor_pseudo_edge,repository_month,True,12,15.278966903324756,17.34652360493298,20260827
permuted_anchor_pseudo_edge,repository_month,True,13,15.320993564021737,17.34652360493298,20260827
permuted_anchor_pseudo_edge,repository_month,True,14,16.796862792655286,17.34652360493298,20260827
permuted_anchor_pseudo_edge,repository_month,True,15,16.53968902667632,17.34652360493298,20260827
permuted_anchor_pseudo_edge,repository_month,True,16,15.32198975281999,17.34652360493298,20260827
permuted_anchor_pseudo_edge,repository_month,True,17,15.301092378133646,17.34652360493298,20260827
permuted_anchor_pseudo_edge,repository_month,True,18,15.048586454435945,17.34652360493298,20260827
permuted_anchor_pseudo_edge,repository_month,True,19,16.810939932795627,17.34652360493298,20260827
permuted_anchor_pseudo_edge,repository_month,True,20,16.445524770378935,17.34652360493298,20260827
permuted_anchor_pseudo_edge,repository_month,True,21,15.087428287778321,17.34652360493298,20260827
permuted_anchor_pseudo_edge,repository_month,True,22,15.628804721183801,17.34652360493298,20260827
permuted_anchor_pseudo_edge,repository_month,True,23,15.29633417953164,17.34652360493298,20260827
permuted_anchor_pseudo_edge,repository_month,True,24,16.717384063388504,17.34652360493298,20260827
permuted_anchor_pseudo_edge,repository_month,True,25,16.760735489085533,17.34652360493298,20260827
permuted_anchor_pseudo_edge,repository_month,True,26,16.545174645488366,17.34652360493298,20260827
permuted_anchor_pseudo_edge,repository_month,True,27,15.077122101494417,17.34652360493298,20260827
permuted_anchor_pseudo_edge,repository_month,True,28,16.097829126925504,17.34652360493298,20260827
permuted_anchor_pseudo_edge,repository_month,True,29,17.59412984725701,17.34652360493298,20260827
permuted_anchor_pseudo_edge,repository_month,True,30,16.60299893204421,17.34652360493298,20260827
permuted_anchor_pseudo_edge,repository_month,True,31,17.686221556225135,17.34652360493298,20260827
permuted_anchor_pseudo_edge,repository_month,True,32,16.53077013845402,17.34652360493298,20260827
permuted_anchor_pseudo_edge,repository_month,True,33,15.285817363039481,17.34652360493298,20260827
permuted_anchor_pseudo_edge,repository_month,True,34,16.32576156940571,17.34652360493298,20260827
permuted_anchor_pseudo_edge,repository_month,True,35,15.675953606155455,17.34652360493298,20260827
permuted_anchor_pseudo_edge,repository_month,True,36,16.310979113819148,17.34652360493298,20260827
permuted_anchor_pseudo_edge,repository_month,True,37,15.460288430489166,17.34652360493298,20260827
permuted_anchor_pseudo_edge,repository_month,True,38,16.551594448487823,17.34652360493298,20260827
permuted_anchor_pseudo_edge,repository_month,True,39,15.306174669334252,17.34652360493298,20260827
permuted_anchor_pseudo_edge,repository_month,True,40,16.72039222166759,17.34652360493298,20260827
permuted_anchor_pseudo_edge,repository_month,True,41,16.783369310647423,17.34652360493298,20260827
permuted_anchor_pseudo_edge,repository_month,True,42,15.307110523429909,17.34652360493298,20260827
permuted_anchor_pseudo_edge,repository_month,True,43,16.336422952637623,17.34652360493298,20260827
permuted_anchor_pseudo_edge,repository_month,True,44,16.809697573249302,17.34652360493298,20260827
permuted_anchor_pseudo_edge,repository_month,True,45,16.74393035843287,17.34652360493298,20260827
permuted_anchor_pseudo_edge,repository_month,True,46,16.341523998477296,17.34652360493298,20260827
permuted_anchor_pseudo_edge,repository_month,True,47,16.369782375256836,17.34652360493298,20260827
permuted_anchor_pseudo_edge,repository_month,True,48,16.175710462878293,17.34652360493298,20260827
permuted_anchor_pseudo_edge,repository_month,True,49,17.414920176487918,17.34652360493298,20260827
permuted_anchor_pseudo_edge,repository_month,True,50,15.64373084601851,17.34652360493298,20260827
permuted_anchor_pseudo_edge,repository_month,True,51,17.643378907411396,17.34652360493298,20260827
permuted_anchor_pseudo_edge,repository_month,True,52,16.317538198809235,17.34652360493298,20260827
permuted_anchor_pseudo_edge,repository_month,True,53,16.445707156111222,17.34652360493298,20260827
permuted_anchor_pseudo_edge,repository_month,True,54,15.25690450363155,17.34652360493298,20260827
permuted_anchor_pseudo_edge,repository_month,True,55,16.417778530866837,17.34652360493298,20260827
permuted_anchor_pseudo_edge,repository_month,True,56,16.145804725716413,17.34652360493298,20260827
permuted_anchor_pseudo_edge,repository_month,True,57,16.489214777983953,17.34652360493298,20260827
permuted_anchor_pseudo_edge,repository_month,True,58,15.318533447983679,17.34652360493298,20260827
permuted_anchor_pseudo_edge,repository_month,True,59,15.65631279043136,17.34652360493298,20260827
permuted_anchor_pseudo_edge,repository_month,True,60,15.35011910694021,17.34652360493298,20260827
permuted_anchor_pseudo_edge,repository_month,True,61,16.413083050312334,17.34652360493298,20260827
permuted_anchor_pseudo_edge,repository_month,True,62,16.559287751567055,17.34652360493298,20260827
permuted_anchor_pseudo_edge,repository_month,True,63,16.592844604008906,17.34652360493298,20260827
permuted_anchor_pseudo_edge,repository_month,True,64,15.621702110431995,17.34652360493298,20260827
permuted_anchor_pseudo_edge,repository_month,True,65,16.34354620328339,17.34652360493298,20260827
permuted_anchor_pseudo_edge,repository_month,True,66,17.619438533651984,17.34652360493298,20260827
permuted_anchor_pseudo_edge,repository_month,True,67,15.717540077861466,17.34652360493298,20260827
permuted_anchor_pseudo_edge,repository_month,True,68,16.53320525895805,17.34652360493298,20260827
permuted_anchor_pseudo_edge,repository_month,True,69,16.388120615131445,17.34652360493298,20260827
permuted_anchor_pseudo_edge,repository_month,True,70,16.70250316817106,17.34652360493298,20260827
permuted_anchor_pseudo_edge,repository_month,True,71,16.72672569707056,17.34652360493298,20260827
permuted_anchor_pseudo_edge,repository_month,True,72,15.286163358911537,17.34652360493298,20260827
permuted_anchor_pseudo_edge,repository_month,True,73,16.50526159762298,17.34652360493298,20260827
permuted_anchor_pseudo_edge,repository_month,True,74,15.245064422177673,17.34652360493298,20260827
permuted_anchor_pseudo_edge,repository_month,True,75,16.697096251431038,17.34652360493298,20260827
permuted_anchor_pseudo_edge,repository_month,True,76,15.717107631321884,17.34652360493298,20260827
permuted_anchor_pseudo_edge,repository_month,True,77,17.616502883359335,17.34652360493298,20260827
permuted_anchor_pseudo_edge,repository_month,True,78,16.57573673906052,17.34652360493298,20260827
permuted_anchor_pseudo_edge,repository_month,True,79,15.262342024941141,17.34652360493298,20260827
permuted_anchor_pseudo_edge,repository_month,True,80,17.667555700360534,17.34652360493298,20260827
permuted_anchor_pseudo_edge,repository_month,True,81,17.368502846034037,17.34652360493298,20260827
permuted_anchor_pseudo_edge,repository_month,True,82,16.740647826537682,17.34652360493298,20260827
permuted_anchor_pseudo_edge,repository_month,True,83,16.531368748809903,17.34652360493298,20260827
permuted_anchor_pseudo_edge,repository_month,True,84,15.117562311485496,17.34652360493298,20260827
permuted_anchor_pseudo_edge,repository_month,True,85,16.714061534123356,17.34652360493298,20260827
permuted_anchor_pseudo_edge,repository_month,True,86,15.336182845157381,17.34652360493298,20260827
permuted_anchor_pseudo_edge,repository_month,True,87,15.433679206794626,17.34652360493298,20260827
permuted_anchor_pseudo_edge,repository_month,True,88,15.325725828501557,17.34652360493298,20260827
permuted_anchor_pseudo_edge,repository_month,True,89,16.383939470615353,17.34652360493298,20260827
permuted_anchor_pseudo_edge,repository_month,True,90,15.27355879427862,17.34652360493298,20260827
permuted_anchor_pseudo_edge,repository_month,True,91,16.575036311434204,17.34652360493298,20260827
permuted_anchor_pseudo_edge,repository_month,True,92,15.2521770029811,17.34652360493298,20260827
permuted_anchor_pseudo_edge,repository_month,True,93,16.797980829257426,17.34652360493298,20260827
permuted_anchor_pseudo_edge,repository_month,True,94,16.32613328061879,17.34652360493298,20260827
permuted_anchor_pseudo_edge,repository_month,True,95,16.12886489996555,17.34652360493298,20260827
permuted_anchor_pseudo_edge,repository_month,True,96,15.33930673990439,17.34652360493298,20260827
permuted_anchor_pseudo_edge,repository_month,True,97,15.281675470741266,17.34652360493298,20260827
permuted_anchor_pseudo_edge,repository_month,True,98,16.72441621012628,17.34652360493298,20260827
permuted_anchor_pseudo_edge,repository_month,True,99,16.523545853373296,17.34652360493298,20260827
permuted_anchor_pseudo_edge,repository_month,True,100,16.306416141424553,17.34652360493298,20260827
permuted_anchor_pseudo_edge,repository_month,True,101,16.42592566262683,17.34652360493298,20260827
permuted_anchor_pseudo_edge,repository_month,True,102,15.728037549712598,17.34652360493298,20260827
permuted_anchor_pseudo_edge,repository_month,True,103,16.39420560637526,17.34652360493298,20260827
permuted_anchor_pseudo_edge,repository_month,True,104,15.25726851383201,17.34652360493298,20260827
permuted_anchor_pseudo_edge,repository_month,True,105,15.281871396793237,17.34652360493298,20260827
permuted_anchor_pseudo_edge,repository_month,True,106,16.167577955275014,17.34652360493298,20260827
permuted_anchor_pseudo_edge,repository_month,True,107,16.51674048938048,17.34652360493298,20260827
permuted_anchor_pseudo_edge,repository_month,True,108,16.470579238484355,17.34652360493298,20260827
permuted_anchor_pseudo_edge,repository_month,True,109,15.37107851531649,17.34652360493298,20260827
permuted_anchor_pseudo_edge,repository_month,True,110,17.609103517928176,17.34652360493298,20260827
permuted_anchor_pseudo_edge,repository_month,True,111,16.756277876221827,17.34652360493298,20260827
permuted_anchor_pseudo_edge,repository_month,True,112,16.47411858448376,17.34652360493298,20260827
permuted_anchor_pseudo_edge,repository_month,True,113,16.74253310868752,17.34652360493298,20260827
permuted_anchor_pseudo_edge,repository_month,True,114,16.448091934460006,17.34652360493298,20260827
permuted_anchor_pseudo_edge,repository_month,True,115,16.554280497785147,17.34652360493298,20260827
permuted_anchor_pseudo_edge,repository_month,True,116,16.16239132195039,17.34652360493298,20260827
permuted_anchor_pseudo_edge,repository_month,True,117,16.34729724962181,17.34652360493298,20260827
permuted_anchor_pseudo_edge,repository_month,True,118,16.303338754981063,17.34652360493298,20260827
permuted_anchor_pseudo_edge,repository_month,True,119,17.368820541569715,17.34652360493298,20260827
permuted_anchor_pseudo_edge,repository_month,True,120,16.53049467816576,17.34652360493298,20260827
permuted_anchor_pseudo_edge,repository_month,True,121,15.239232954201912,17.34652360493298,20260827
permuted_anchor_pseudo_edge,repository_month,True,122,16.76128015780698,17.34652360493298,20260827
permuted_anchor_pseudo_edge,repository_month,True,123,16.671469074818088,17.34652360493298,20260827
permuted_anchor_pseudo_edge,repository_month,True,124,16.295973631014007,17.34652360493298,20260827
permuted_anchor_pseudo_edge,repository_month,True,125,17.360146183315454,17.34652360493298,20260827
permuted_anchor_pseudo_edge,repository_month,True,126,16.72672569707056,17.34652360493298,20260827
permuted_anchor_pseudo_edge,repository_month,True,127,15.109048431214193,17.34652360493298,20260827
permuted_anchor_pseudo_edge,repository_month,True,128,16.33252760870455,17.34652360493298,20260827
permuted_anchor_pseudo_edge,repository_month,True,129,16.24536476677267,17.34652360493298,20260827
permuted_anchor_pseudo_edge,repository_month,True,130,15.076703676232043,17.34652360493298,20260827
permuted_anchor_pseudo_edge,repository_month,True,131,15.315105579012467,17.34652360493298,20260827
permuted_anchor_pseudo_edge,repository_month,True,132,16.752723690424023,17.34652360493298,20260827
permuted_anchor_pseudo_edge,repository_month,True,133,16.755922639099254,17.34652360493298,20260827
permuted_anchor_pseudo_edge,repository_month,True,134,16.778896442942745,17.34652360493298,20260827
permuted_anchor_pseudo_edge,repository_month,True,135,16.441888505342593,17.34652360493298,20260827
permuted_anchor_pseudo_edge,repository_month,True,136,16.45411426141359,17.34652360493298,20260827
permuted_anchor_pseudo_edge,repository_month,True,137,15.67634487265464,17.34652360493298,20260827
permuted_anchor_pseudo_edge,repository_month,True,138,15.698538140229779,17.34652360493298,20260827
permuted_anchor_pseudo_edge,repository_month,True,139,16.10407264944494,17.34652360493298,20260827
permuted_anchor_pseudo_edge,repository_month,True,140,16.48367214193433,17.34652360493298,20260827
permuted_anchor_pseudo_edge,repository_month,True,141,16.142255185446576,17.34652360493298,20260827
permuted_anchor_pseudo_edge,repository_month,True,142,17.602921628238587,17.34652360493298,20260827
permuted_anchor_pseudo_edge,repository_month,True,143,16.49633781076233,17.34652360493298,20260827
permuted_anchor_pseudo_edge,repository_month,True,144,16.686541823051577,17.34652360493298,20260827
permuted_anchor_pseudo_edge,repository_month,True,145,16.723938316354687,17.34652360493298,20260827
permuted_anchor_pseudo_edge,repository_month,True,146,17.541167484356166,17.34652360493298,20260827
permuted_anchor_pseudo_edge,repository_month,True,147,16.28737436268399,17.34652360493298,20260827
permuted_anchor_pseudo_edge,repository_month,True,148,16.5146694433003,17.34652360493298,20260827
permuted_anchor_pseudo_edge,repository_month,True,149,17.598098165111136,17.34652360493298,20260827
permuted_anchor_pseudo_edge,repository_month,True,150,16.35010573173863,17.34652360493298,20260827
permuted_anchor_pseudo_edge,repository_month,True,151,16.448915201437124,17.34652360493298,20260827
permuted_anchor_pseudo_edge,repository_month,True,152,17.63015306345558,17.34652360493298,20260827
permuted_anchor_pseudo_edge,repository_month,True,153,16.310059868398383,17.34652360493298,20260827
permuted_anchor_pseudo_edge,repository_month,True,154,16.522777783580704,17.34652360493298,20260827
permuted_anchor_pseudo_edge,repository_month,True,155,16.743902573499845,17.34652360493298,20260827
permuted_anchor_pseudo_edge,repository_month,True,156,15.608192864147256,17.34652360493298,20260827
permuted_anchor_pseudo_edge,repository_month,True,157,15.005167002533657,17.34652360493298,20260827
permuted_anchor_pseudo_edge,repository_month,True,158,16.549662824600695,17.34652360493298,20260827
permuted_anchor_pseudo_edge,repository_month,True,159,16.357985097576215,17.34652360493298,20260827
permuted_anchor_pseudo_edge,repository_month,True,160,16.323951154470944,17.34652360493298,20260827
permuted_anchor_pseudo_edge,repository_month,True,161,16.72441621012628,17.34652360493298,20260827
permuted_anchor_pseudo_edge,repository_month,True,162,16.71014750274662,17.34652360493298,20260827
permuted_anchor_pseudo_edge,repository_month,True,163,17.547238581601647,17.34652360493298,20260827
permuted_anchor_pseudo_edge,repository_month,True,164,15.30042938187287,17.34652360493298,20260827
permuted_anchor_pseudo_edge,repository_month,True,165,16.405902866684592,17.34652360493298,20260827
permuted_anchor_pseudo_edge,repository_month,True,166,15.225133607435973,17.34652360493298,20260827
permuted_anchor_pseudo_edge,repository_month,True,167,17.643409025870433,17.34652360493298,20260827
permuted_anchor_pseudo_edge,repository_month,True,168,16.536023014133825,17.34652360493298,20260827
permuted_anchor_pseudo_edge,repository_month,True,169,15.270880982046927,17.34652360493298,20260827
permuted_anchor_pseudo_edge,repository_month,True,170,15.599052435265568,17.34652360493298,20260827
permuted_anchor_pseudo_edge,repository_month,True,171,16.348797470253054,17.34652360493298,20260827
permuted_anchor_pseudo_edge,repository_month,True,172,15.674563465349097,17.34652360493298,20260827
permuted_anchor_pseudo_edge,repository_month,True,173,16.506802948280775,17.34652360493298,20260827
permuted_anchor_pseudo_edge,repository_month,True,174,17.65418884905545,17.34652360493298,20260827
permuted_anchor_pseudo_edge,repository_month,True,175,15.221997483161449,17.34652360493298,20260827
permuted_anchor_pseudo_edge,repository_month,True,176,16.387517158596378,17.34652360493298,20260827
permuted_anchor_pseudo_edge,repository_month,True,177,16.76453435226768,17.34652360493298,20260827
permuted_anchor_pseudo_edge,repository_month,True,178,16.70886064538248,17.34652360493298,20260827
permuted_anchor_pseudo_edge,repository_month,True,179,15.037967410907168,17.34652360493298,20260827
permuted_anchor_pseudo_edge,repository_month,True,180,15.691278797443456,17.34652360493298,20260827
permuted_anchor_pseudo_edge,repository_month,True,181,16.252987149902655,17.34652360493298,20260827
permuted_anchor_pseudo_edge,repository_month,True,182,17.34115288312445,17.34652360493298,20260827
permuted_anchor_pseudo_edge,repository_month,True,183,16.54626206973725,17.34652360493298,20260827
permuted_anchor_pseudo_edge,repository_month,True,184,16.430234977224252,17.34652360493298,20260827
permuted_anchor_pseudo_edge,repository_month,True,185,15.651088442395253,17.34652360493298,20260827
permuted_anchor_pseudo_edge,repository_month,True,186,15.673111589657468,17.34652360493298,20260827
permuted_anchor_pseudo_edge,repository_month,True,187,15.455477858815739,17.34652360493298,20260827
permuted_anchor_pseudo_edge,repository_month,True,188,15.638163701240915,17.34652360493298,20260827
permuted_anchor_pseudo_edge,repository_month,True,189,15.25181979535114,17.34652360493298,20260827
permuted_anchor_pseudo_edge,repository_month,True,190,16.487278758672847,17.34652360493298,20260827
permuted_anchor_pseudo_edge,repository_month,True,191,16.49917290537316,17.34652360493298,20260827
permuted_anchor_pseudo_edge,repository_month,True,192,16.81316945795612,17.34652360493298,20260827
permuted_anchor_pseudo_edge,repository_month,True,193,16.390082767981305,17.34652360493298,20260827
permuted_anchor_pseudo_edge,repository_month,True,194,15.670728084782084,17.34652360493298,20260827
permuted_anchor_pseudo_edge,repository_month,True,195,16.727433090284947,17.34652360493298,20260827
permuted_anchor_pseudo_edge,repository_month,True,196,16.564483849203963,17.34652360493298,20260827
permuted_anchor_pseudo_edge,repository_month,True,197,15.707379244537634,17.34652360493298,20260827
permuted_anchor_pseudo_edge,repository_month,True,198,15.43127400926071,17.34652360493298,20260827
permuted_anchor_pseudo_edge,repository_month,True,199,16.590133322223082,17.34652360493298,20260827
permuted_anchor_pseudo_edge,repository_month,True,200,16.515471645805267,17.34652360493298,20260827
permuted_anchor_pseudo_edge,repository_month,True,201,16.52650699254181,17.34652360493298,20260827
permuted_anchor_pseudo_edge,repository_month,True,202,16.346155864732133,17.34652360493298,20260827
permuted_anchor_pseudo_edge,repository_month,True,203,15.634139162804154,17.34652360493298,20260827
permuted_anchor_pseudo_edge,repository_month,True,204,15.041680222662702,17.34652360493298,20260827
permuted_anchor_pseudo_edge,repository_month,True,205,17.65967149570407,17.34652360493298,20260827
permuted_anchor_pseudo_edge,repository_month,True,206,16.427098857704415,17.34652360493298,20260827
permuted_anchor_pseudo_edge,repository_month,True,207,16.489610675353255,17.34652360493298,20260827
permuted_anchor_pseudo_edge,repository_month,True,208,16.416788650250133,17.34652360493298,20260827
permuted_anchor_pseudo_edge,repository_month,True,209,15.037907557044683,17.34652360493298,20260827
permuted_anchor_pseudo_edge,repository_month,True,210,15.661165878392758,17.34652360493298,20260827
permuted_anchor_pseudo_edge,repository_month,True,211,15.693581901717826,17.34652360493298,20260827
permuted_anchor_pseudo_edge,repository_month,True,212,15.678274226327474,17.34652360493298,20260827
permuted_anchor_pseudo_edge,repository_month,True,213,16.770688567475727,17.34652360493298,20260827
permuted_anchor_pseudo_edge,repository_month,True,214,15.285729000594985,17.34652360493298,20260827
permuted_anchor_pseudo_edge,repository_month,True,215,17.620035113085514,17.34652360493298,20260827
permuted_anchor_pseudo_edge,repository_month,True,216,16.50518124871881,17.34652360493298,20260827
permuted_anchor_pseudo_edge,repository_month,True,217,16.576739103634576,17.34652360493298,20260827
permuted_anchor_pseudo_edge,repository_month,True,218,16.14617772602823,17.34652360493298,20260827
permuted_anchor_pseudo_edge,repository_month,True,219,15.66252994442766,17.34652360493298,20260827
permuted_anchor_pseudo_edge,repository_month,True,220,15.646535322454124,17.34652360493298,20260827
permuted_anchor_pseudo_edge,repository_month,True,221,17.595597204659867,17.34652360493298,20260827
permuted_anchor_pseudo_edge,repository_month,True,222,16.544936816668454,17.34652360493298,20260827
permuted_anchor_pseudo_edge,repository_month,True,223,15.59941110125585,17.34652360493298,20260827
permuted_anchor_pseudo_edge,repository_month,True,224,15.629164874790641,17.34652360493298,20260827
permuted_anchor_pseudo_edge,repository_month,True,225,17.670571853742395,17.34652360493298,20260827
permuted_anchor_pseudo_edge,repository_month,True,226,16.53414930846758,17.34652360493298,20260827
permuted_anchor_pseudo_edge,repository_month,True,227,16.356002512312095,17.34652360493298,20260827
permuted_anchor_pseudo_edge,repository_month,True,228,16.401233811906145,17.34652360493298,20260827
permuted_anchor_pseudo_edge,repository_month,True,229,16.688159668456795,17.34652360493298,20260827
permuted_anchor_pseudo_edge,repository_month,True,230,17.571671141197776,17.34652360493298,20260827
permuted_anchor_pseudo_edge,repository_month,True,231,15.39901168768253,17.34652360493298,20260827
permuted_anchor_pseudo_edge,repository_month,True,232,15.07866873142499,17.34652360493298,20260827
permuted_anchor_pseudo_edge,repository_month,True,233,17.566077387967706,17.34652360493298,20260827
permuted_anchor_pseudo_edge,repository_month,True,234,15.058894184616022,17.34652360493298,20260827
permuted_anchor_pseudo_edge,repository_month,True,235,15.347221821356383,17.34652360493298,20260827
permuted_anchor_pseudo_edge,repository_month,True,236,17.589834301966878,17.34652360493298,20260827
permuted_anchor_pseudo_edge,repository_month,True,237,15.64958417458104,17.34652360493298,20260827
permuted_anchor_pseudo_edge,repository_month,True,238,16.10511162826403,17.34652360493298,20260827
permuted_anchor_pseudo_edge,repository_month,True,239,15.591941064223397,17.34652360493298,20260827
permuted_anchor_pseudo_edge,repository_month,True,240,16.238873121650524,17.34652360493298,20260827
permuted_anchor_pseudo_edge,repository_month,True,241,16.514451237742435,17.34652360493298,20260827
permuted_anchor_pseudo_edge,repository_month,True,242,16.73342221927836,17.34652360493298,20260827
permuted_anchor_pseudo_edge,repository_month,True,243,16.724959801580024,17.34652360493298,20260827
permuted_anchor_pseudo_edge,repository_month,True,244,15.447418569695582,17.34652360493298,20260827
permuted_anchor_pseudo_edge,repository_month,True,245,15.431624656793996,17.34652360493298,20260827
permuted_anchor_pseudo_edge,repository_month,True,246,16.704041340694207,17.34652360493298,20260827
permuted_anchor_pseudo_edge,repository_month,True,247,15.641819684184616,17.34652360493298,20260827
permuted_anchor_pseudo_edge,repository_month,True,248,15.618290362788805,17.34652360493298,20260827
permuted_anchor_pseudo_edge,repository_month,True,249,17.571671141197776,17.34652360493298,20260827
permuted_anchor_pseudo_edge,repository_month,True,250,16.34060722465177,17.34652360493298,20260827
permuted_anchor_pseudo_edge,repository_month,True,251,16.34496531324307,17.34652360493298,20260827
permuted_anchor_pseudo_edge,repository_month,True,252,15.629896182837893,17.34652360493298,20260827
permuted_anchor_pseudo_edge,repository_month,True,253,16.723590499247837,17.34652360493298,20260827
permuted_anchor_pseudo_edge,repository_month,True,254,16.34574338276841,17.34652360493298,20260827
permuted_anchor_pseudo_edge,repository_month,True,255,16.318602840674686,17.34652360493298,20260827
permuted_anchor_pseudo_edge,repository_month,True,256,17.645485878427717,17.34652360493298,20260827
permuted_anchor_pseudo_edge,repository_month,True,257,17.601426861400395,17.34652360493298,20260827
permuted_anchor_pseudo_edge,repository_month,True,258,16.805922667765618,17.34652360493298,20260827
permuted_anchor_pseudo_edge,repository_month,True,259,16.316760191137636,17.34652360493298,20260827
permuted_anchor_pseudo_edge,repository_month,True,260,15.245765716762467,17.34652360493298,20260827
permuted_anchor_pseudo_edge,repository_month,True,261,16.49378745020109,17.34652360493298,20260827
permuted_anchor_pseudo_edge,repository_month,True,262,16.22728136926182,17.34652360493298,20260827
permuted_anchor_pseudo_edge,repository_month,True,263,17.370030983979916,17.34652360493298,20260827
permuted_anchor_pseudo_edge,repository_month,True,264,16.346155864732133,17.34652360493298,20260827
permuted_anchor_pseudo_edge,repository_month,True,265,17.569952445774707,17.34652360493298,20260827
permuted_anchor_pseudo_edge,repository_month,True,266,16.138594067180474,17.34652360493298,20260827
permuted_anchor_pseudo_edge,repository_month,True,267,16.11283587487732,17.34652360493298,20260827
permuted_anchor_pseudo_edge,repository_month,True,268,17.368502846034037,17.34652360493298,20260827
permuted_anchor_pseudo_edge,repository_month,True,269,16.45207503543336,17.34652360493298,20260827
permuted_anchor_pseudo_edge,repository_month,True,270,15.663208659162336,17.34652360493298,20260827
permuted_anchor_pseudo_edge,repository_month,True,271,16.52677156700925,17.34652360493298,20260827
permuted_anchor_pseudo_edge,repository_month,True,272,15.330783800334864,17.34652360493298,20260827
permuted_anchor_pseudo_edge,repository_month,True,273,16.549493066146777,17.34652360493298,20260827
permuted_anchor_pseudo_edge,repository_month,True,274,17.629423314545388,17.34652360493298,20260827
permuted_anchor_pseudo_edge,repository_month,True,275,15.061167199206762,17.34652360493298,20260827
permuted_anchor_pseudo_edge,repository_month,True,276,16.2947003975705,17.34652360493298,20260827
permuted_anchor_pseudo_edge,repository_month,True,277,17.630903578579893,17.34652360493298,20260827
permuted_anchor_pseudo_edge,repository_month,True,278,17.625301929935265,17.34652360493298,20260827
permuted_anchor_pseudo_edge,repository_month,True,279,16.81724077520064,17.34652360493298,20260827
permuted_anchor_pseudo_edge,repository_month,True,280,16.522931537194715,17.34652360493298,20260827
permuted_anchor_pseudo_edge,repository_month,True,281,16.53218514733433,17.34652360493298,20260827
permuted_anchor_pseudo_edge,repository_month,True,282,16.155026335215744,17.34652360493298,20260827
permuted_anchor_pseudo_edge,repository_month,True,283,16.30351108180895,17.34652360493298,20260827
permuted_anchor_pseudo_edge,repository_month,True,284,17.602276362698984,17.34652360493298,20260827
permuted_anchor_pseudo_edge,repository_month,True,285,16.772313268358214,17.34652360493298,20260827
permuted_anchor_pseudo_edge,repository_month,True,286,16.400389534894977,17.34652360493298,20260827
permuted_anchor_pseudo_edge,repository_month,True,287,15.691238218132453,17.34652360493298,20260827
permuted_anchor_pseudo_edge,repository_month,True,288,16.126418583917136,17.34652360493298,20260827
permuted_anchor_pseudo_edge,repository_month,True,289,16.52513100528062,17.34652360493298,20260827
permuted_anchor_pseudo_edge,repository_month,True,290,16.43593453145265,17.34652360493298,20260827
permuted_anchor_pseudo_edge,repository_month,True,291,15.430695609120882,17.34652360493298,20260827
permuted_anchor_pseudo_edge,repository_month,True,292,16.29532857337671,17.34652360493298,20260827
permuted_anchor_pseudo_edge,repository_month,True,293,17.607165132955256,17.34652360493298,20260827
permuted_anchor_pseudo_edge,repository_month,True,294,15.30471658195868,17.34652360493298,20260827
permuted_anchor_pseudo_edge,repository_month,True,295,16.368959622416195,17.34652360493298,20260827
permuted_anchor_pseudo_edge,repository_month,True,296,16.391615933199873,17.34652360493298,20260827
permuted_anchor_pseudo_edge,repository_month,True,297,16.50150248606521,17.34652360493298,20260827
permuted_anchor_pseudo_edge,repository_month,True,298,15.750794079610984,17.34652360493298,20260827
permuted_anchor_pseudo_edge,repository_month,True,299,15.60592729757043,17.34652360493298,20260827
permuted_anchor_pseudo_edge,repository_month,True,300,16.32125995266512,17.34652360493298,20260827
permuted_anchor_pseudo_edge,repository_month,True,301,16.54257249013769,17.34652360493298,20260827
permuted_anchor_pseudo_edge,repository_month,True,302,16.40396367701204,17.34652360493298,20260827
permuted_anchor_pseudo_edge,repository_month,True,303,16.312846770176535,17.34652360493298,20260827
permuted_anchor_pseudo_edge,repository_month,True,304,15.030272773598643,17.34652360493298,20260827
permuted_anchor_pseudo_edge,repository_month,True,305,16.281444824634196,17.34652360493298,20260827
permuted_anchor_pseudo_edge,repository_month,True,306,17.548997940823632,17.34652360493298,20260827
permuted_anchor_pseudo_edge,repository_month,True,307,17.362602743542343,17.34652360493298,20260827
permuted_anchor_pseudo_edge,repository_month,True,308,16.19339820118121,17.34652360493298,20260827
permuted_anchor_pseudo_edge,repository_month,True,309,17.597165670009744,17.34652360493298,20260827
permuted_anchor_pseudo_edge,repository_month,True,310,17.550704318447625,17.34652360493298,20260827
permuted_anchor_pseudo_edge,repository_month,True,311,15.22857150881847,17.34652360493298,20260827
permuted_anchor_pseudo_edge,repository_month,True,312,15.699300616916956,17.34652360493298,20260827
permuted_anchor_pseudo_edge,repository_month,True,313,15.682743496159377,17.34652360493298,20260827
permuted_anchor_pseudo_edge,repository_month,True,314,16.522362184939,17.34652360493298,20260827
permuted_anchor_pseudo_edge,repository_month,True,315,17.59596058930106,17.34652360493298,20260827
permuted_anchor_pseudo_edge,repository_month,True,316,16.167458568591165,17.34652360493298,20260827
permuted_anchor_pseudo_edge,repository_month,True,317,16.71679179630124,17.34652360493298,20260827
permuted_anchor_pseudo_edge,repository_month,True,318,16.736430591427943,17.34652360493298,20260827
permuted_anchor_pseudo_edge,repository_month,True,319,16.496008155073856,17.34652360493298,20260827
permuted_anchor_pseudo_edge,repository_month,True,320,16.735480417504835,17.34652360493298,20260827
permuted_anchor_pseudo_edge,repository_month,True,321,16.54600524622396,17.34652360493298,20260827
permuted_anchor_pseudo_edge,repository_month,True,322,17.606820523536026,17.34652360493298,20260827
permuted_anchor_pseudo_edge,repository_month,True,323,16.78675715577059,17.34652360493298,20260827
permuted_anchor_pseudo_edge,repository_month,True,324,16.52389701855591,17.34652360493298,20260827
permuted_anchor_pseudo_edge,repository_month,True,325,15.064973440997656,17.34652360493298,20260827
permuted_anchor_pseudo_edge,repository_month,True,326,16.366876442366173,17.34652360493298,20260827
permuted_anchor_pseudo_edge,repository_month,True,327,16.531772470881627,17.34652360493298,20260827
permuted_anchor_pseudo_edge,repository_month,True,328,17.582262949003912,17.34652360493298,20260827
permuted_anchor_pseudo_edge,repository_month,True,329,15.490049564499925,17.34652360493298,20260827
permuted_anchor_pseudo_edge,repository_month,True,330,16.32952617699783,17.34652360493298,20260827
permuted_anchor_pseudo_edge,repository_month,True,331,15.685177542671894,17.34652360493298,20260827
permuted_anchor_pseudo_edge,repository_month,True,332,15.284633675444379,17.34652360493298,20260827
permuted_anchor_pseudo_edge,repository_month,True,333,16.73510906056389,17.34652360493298,20260827
permuted_anchor_pseudo_edge,repository_month,True,334,15.628463008696569,17.34652360493298,20260827
permuted_anchor_pseudo_edge,repository_month,True,335,16.37731968132514,17.34652360493298,20260827
permuted_anchor_pseudo_edge,repository_month,True,336,16.324503596965503,17.34652360493298,20260827
permuted_anchor_pseudo_edge,repository_month,True,337,16.792998568752136,17.34652360493298,20260827
permuted_anchor_pseudo_edge,repository_month,True,338,16.597234447682553,17.34652360493298,20260827
permuted_anchor_pseudo_edge,repository_month,True,339,15.672010802859774,17.34652360493298,20260827
permuted_anchor_pseudo_edge,repository_month,True,340,17.559047912329135,17.34652360493298,20260827
permuted_anchor_pseudo_edge,repository_month,True,341,16.745630273360916,17.34652360493298,20260827
permuted_anchor_pseudo_edge,repository_month,True,342,16.549826370910704,17.34652360493298,20260827
permuted_anchor_pseudo_edge,repository_month,True,343,15.330884718254389,17.34652360493298,20260827
permuted_anchor_pseudo_edge,repository_month,True,344,16.72430757110312,17.34652360493298,20260827
permuted_anchor_pseudo_edge,repository_month,True,345,16.280793461375048,17.34652360493298,20260827
permuted_anchor_pseudo_edge,repository_month,True,346,16.409672770503175,17.34652360493298,20260827
permuted_anchor_pseudo_edge,repository_month,True,347,15.46432240155581,17.34652360493298,20260827
permuted_anchor_pseudo_edge,repository_month,True,348,15.276234835445972,17.34652360493298,20260827
permuted_anchor_pseudo_edge,repository_month,True,349,17.64975442446538,17.34652360493298,20260827
permuted_anchor_pseudo_edge,repository_month,True,350,16.5446072635842,17.34652360493298,20260827
permuted_anchor_pseudo_edge,repository_month,True,351,15.12121177041719,17.34652360493298,20260827
permuted_anchor_pseudo_edge,repository_month,True,352,17.371985904792115,17.34652360493298,20260827
permuted_anchor_pseudo_edge,repository_month,True,353,16.537147309312978,17.34652360493298,20260827
permuted_anchor_pseudo_edge,repository_month,True,354,16.387359028866452,17.34652360493298,20260827
permuted_anchor_pseudo_edge,repository_month,True,355,15.68513125041782,17.34652360493298,20260827
permuted_anchor_pseudo_edge,repository_month,True,356,16.443281764007665,17.34652360493298,20260827
permuted_anchor_pseudo_edge,repository_month,True,357,16.254113645649827,17.34652360493298,20260827
permuted_anchor_pseudo_edge,repository_month,True,358,16.310698272284917,17.34652360493298,20260827
permuted_anchor_pseudo_edge,repository_month,True,359,16.51984961730196,17.34652360493298,20260827
permuted_anchor_pseudo_edge,repository_month,True,360,17.631997412430625,17.34652360493298,20260827
permuted_anchor_pseudo_edge,repository_month,True,361,16.16281646658917,17.34652360493298,20260827
permuted_anchor_pseudo_edge,repository_month,True,362,16.418435543676917,17.34652360493298,20260827
permuted_anchor_pseudo_edge,repository_month,True,363,16.38645642458433,17.34652360493298,20260827
permuted_anchor_pseudo_edge,repository_month,True,364,16.720398009686743,17.34652360493298,20260827
permuted_anchor_pseudo_edge,repository_month,True,365,17.535608569466447,17.34652360493298,20260827
permuted_anchor_pseudo_edge,repository_month,True,366,16.76530512190589,17.34652360493298,20260827
permuted_anchor_pseudo_edge,repository_month,True,367,15.677566444123913,17.34652360493298,20260827
permuted_anchor_pseudo_edge,repository_month,True,368,17.6558393527848,17.34652360493298,20260827
permuted_anchor_pseudo_edge,repository_month,True,369,15.60178066222518,17.34652360493298,20260827
permuted_anchor_pseudo_edge,repository_month,True,370,15.6343169690322,17.34652360493298,20260827
permuted_anchor_pseudo_edge,repository_month,True,371,16.50004100452337,17.34652360493298,20260827
permuted_anchor_pseudo_edge,repository_month,True,372,15.264568697242426,17.34652360493298,20260827
permuted_anchor_pseudo_edge,repository_month,True,373,17.672230516362994,17.34652360493298,20260827
permuted_anchor_pseudo_edge,repository_month,True,374,15.068419840499203,17.34652360493298,20260827
permuted_anchor_pseudo_edge,repository_month,True,375,16.485968102499466,17.34652360493298,20260827
permuted_anchor_pseudo_edge,repository_month,True,376,17.592183950259386,17.34652360493298,20260827
permuted_anchor_pseudo_edge,repository_month,True,377,15.649026546057762,17.34652360493298,20260827
permuted_anchor_pseudo_edge,repository_month,True,378,16.7184589161929,17.34652360493298,20260827
permuted_anchor_pseudo_edge,repository_month,True,379,15.086185413083788,17.34652360493298,20260827
permuted_anchor_pseudo_edge,repository_month,True,380,15.65589942314482,17.34652360493298,20260827
permuted_anchor_pseudo_edge,repository_month,True,381,15.256052188752237,17.34652360493298,20260827
permuted_anchor_pseudo_edge,repository_month,True,382,17.550269928094053,17.34652360493298,20260827
permuted_anchor_pseudo_edge,repository_month,True,383,15.643415341687852,17.34652360493298,20260827
permuted_anchor_pseudo_edge,repository_month,True,384,15.40293499483483,17.34652360493298,20260827
permuted_anchor_pseudo_edge,repository_month,True,385,15.434528344253895,17.34652360493298,20260827
permuted_anchor_pseudo_edge,repository_month,True,386,15.282201936759707,17.34652360493298,20260827
permuted_anchor_pseudo_edge,repository_month,True,387,15.676650935027995,17.34652360493298,20260827
permuted_anchor_pseudo_edge,repository_month,True,388,17.651267546217493,17.34652360493298,20260827
permuted_anchor_pseudo_edge,repository_month,True,389,16.5861749101259,17.34652360493298,20260827
permuted_anchor_pseudo_edge,repository_month,True,390,15.29731017666334,17.34652360493298,20260827
permuted_anchor_pseudo_edge,repository_month,True,391,16.503488210162978,17.34652360493298,20260827
permuted_anchor_pseudo_edge,repository_month,True,392,17.677102770276523,17.34652360493298,20260827
permuted_anchor_pseudo_edge,repository_month,True,393,15.29946652394397,17.34652360493298,20260827
permuted_anchor_pseudo_edge,repository_month,True,394,15.593656562118174,17.34652360493298,20260827
permuted_anchor_pseudo_edge,repository_month,True,395,17.5386813093583,17.34652360493298,20260827
permuted_anchor_pseudo_edge,repository_month,True,396,16.245709772693836,17.34652360493298,20260827
permuted_anchor_pseudo_edge,repository_month,True,397,15.70757590704441,17.34652360493298,20260827
permuted_anchor_pseudo_edge,repository_month,True,398,15.666740160621941,17.34652360493298,20260827
permuted_anchor_pseudo_edge,repository_month,True,399,15.649026546057762,17.34652360493298,20260827
permuted_anchor_pseudo_edge,repository_month,True,400,17.368995245262454,17.34652360493298,20260827
permuted_anchor_pseudo_edge,repository_month,True,401,15.064140350952703,17.34652360493298,20260827
permuted_anchor_pseudo_edge,repository_month,True,402,15.324227375536731,17.34652360493298,20260827
permuted_anchor_pseudo_edge,repository_month,True,403,16.638187758538795,17.34652360493298,20260827
permuted_anchor_pseudo_edge,repository_month,True,404,17.60647391714639,17.34652360493298,20260827
permuted_anchor_pseudo_edge,repository_month,True,405,16.726876717854246,17.34652360493298,20260827
permuted_anchor_pseudo_edge,repository_month,True,406,15.605755173534652,17.34652360493298,20260827
permuted_anchor_pseudo_edge,repository_month,True,407,15.726676391852806,17.34652360493298,20260827
permuted_anchor_pseudo_edge,repository_month,True,408,16.616329556633165,17.34652360493298,20260827
permuted_anchor_pseudo_edge,repository_month,True,409,16.370165051414638,17.34652360493298,20260827
permuted_anchor_pseudo_edge,repository_month,True,410,15.434075256421979,17.34652360493298,20260827
permuted_anchor_pseudo_edge,repository_month,True,411,16.47737598045457,17.34652360493298,20260827
permuted_anchor_pseudo_edge,repository_month,True,412,16.51381175888448,17.34652360493298,20260827
permuted_anchor_pseudo_edge,repository_month,True,413,17.447156036276347,17.34652360493298,20260827
permuted_anchor_pseudo_edge,repository_month,True,414,15.630303166298203,17.34652360493298,20260827
permuted_anchor_pseudo_edge,repository_month,True,415,15.29709325682355,17.34652360493298,20260827
permuted_anchor_pseudo_edge,repository_month,True,416,16.35249486591249,17.34652360493298,20260827
permuted_anchor_pseudo_edge,repository_month,True,417,16.11096329635097,17.34652360493298,20260827
permuted_anchor_pseudo_edge,repository_month,True,418,15.62898220027984,17.34652360493298,20260827
permuted_anchor_pseudo_edge,repository_month,True,419,16.674848633214435,17.34652360493298,20260827
permuted_anchor_pseudo_edge,repository_month,True,420,16.554770422375476,17.34652360493298,20260827
permuted_anchor_pseudo_edge,repository_month,True,421,17.329642457472957,17.34652360493298,20260827
permuted_anchor_pseudo_edge,repository_month,True,422,15.751345041033819,17.34652360493298,20260827
permuted_anchor_pseudo_edge,repository_month,True,423,16.587267740055438,17.34652360493298,20260827
permuted_anchor_pseudo_edge,repository_month,True,424,16.638187758538795,17.34652360493298,20260827
permuted_anchor_pseudo_edge,repository_month,True,425,15.017756808227903,17.34652360493298,20260827
permuted_anchor_pseudo_edge,repository_month,True,426,15.640885549422709,17.34652360493298,20260827
permuted_anchor_pseudo_edge,repository_month,True,427,15.649906360197269,17.34652360493298,20260827
permuted_anchor_pseudo_edge,repository_month,True,428,16.36862730119245,17.34652360493298,20260827
permuted_anchor_pseudo_edge,repository_month,True,429,16.773493342109585,17.34652360493298,20260827
permuted_anchor_pseudo_edge,repository_month,True,430,15.633644955974235,17.34652360493298,20260827
permuted_anchor_pseudo_edge,repository_month,True,431,15.092823098980443,17.34652360493298,20260827
permuted_anchor_pseudo_edge,repository_month,True,432,16.746188575711404,17.34652360493298,20260827
permuted_anchor_pseudo_edge,repository_month,True,433,16.349571328416324,17.34652360493298,20260827
permuted_anchor_pseudo_edge,repository_month,True,434,16.734755878791137,17.34652360493298,20260827
permuted_anchor_pseudo_edge,repository_month,True,435,15.638602879846793,17.34652360493298,20260827
permuted_anchor_pseudo_edge,repository_month,True,436,16.52254143457942,17.34652360493298,20260827
permuted_anchor_pseudo_edge,repository_month,True,437,15.27424510727607,17.34652360493298,20260827
permuted_anchor_pseudo_edge,repository_month,True,438,16.205661941901614,17.34652360493298,20260827
permuted_anchor_pseudo_edge,repository_month,True,439,15.03572792415989,17.34652360493298,20260827
permuted_anchor_pseudo_edge,repository_month,True,440,15.273424500388114,17.34652360493298,20260827
permuted_anchor_pseudo_edge,repository_month,True,441,16.51665157502295,17.34652360493298,20260827
permuted_anchor_pseudo_edge,repository_month,True,442,15.063867556345226,17.34652360493298,20260827
permuted_anchor_pseudo_edge,repository_month,True,443,15.254037448257495,17.34652360493298,20260827
permuted_anchor_pseudo_edge,repository_month,True,444,17.59514883846924,17.34652360493298,20260827
permuted_anchor_pseudo_edge,repository_month,True,445,16.478260806064167,17.34652360493298,20260827
permuted_anchor_pseudo_edge,repository_month,True,446,16.127496020774867,17.34652360493298,20260827
permuted_anchor_pseudo_edge,repository_month,True,447,16.36870971310639,17.34652360493298,20260827
permuted_anchor_pseudo_edge,repository_month,True,448,16.73820262391875,17.34652360493298,20260827
permuted_anchor_pseudo_edge,repository_month,True,449,15.235318335642855,17.34652360493298,20260827
permuted_anchor_pseudo_edge,repository_month,True,450,16.766295216827977,17.34652360493298,20260827
permuted_anchor_pseudo_edge,repository_month,True,451,15.731929398171346,17.34652360493298,20260827
permuted_anchor_pseudo_edge,repository_month,True,452,15.44976953399857,17.34652360493298,20260827
permuted_anchor_pseudo_edge,repository_month,True,453,16.096001099897357,17.34652360493298,20260827
permuted_anchor_pseudo_edge,repository_month,True,454,16.506086477295575,17.34652360493298,20260827
permuted_anchor_pseudo_edge,repository_month,True,455,16.766822152382773,17.34652360493298,20260827
permuted_anchor_pseudo_edge,repository_month,True,456,16.56737886962115,17.34652360493298,20260827
permuted_anchor_pseudo_edge,repository_month,True,457,16.493317132847732,17.34652360493298,20260827
permuted_anchor_pseudo_edge,repository_month,True,458,17.596321863815845,17.34652360493298,20260827
permuted_anchor_pseudo_edge,repository_month,True,459,15.444150796175741,17.34652360493298,20260827
permuted_anchor_pseudo_edge,repository_month,True,460,15.707633726781427,17.34652360493298,20260827
permuted_anchor_pseudo_edge,repository_month,True,461,17.62594859028425,17.34652360493298,20260827
permuted_anchor_pseudo_edge,repository_month,True,462,16.76816810237501,17.34652360493298,20260827
permuted_anchor_pseudo_edge,repository_month,True,463,16.78876390400609,17.34652360493298,20260827
permuted_anchor_pseudo_edge,repository_month,True,464,16.13045490924767,17.34652360493298,20260827
permuted_anchor_pseudo_edge,repository_month,True,465,17.644748881877806,17.34652360493298,20260827
permuted_anchor_pseudo_edge,repository_month,True,466,16.39062899655772,17.34652360493298,20260827
permuted_anchor_pseudo_edge,repository_month,True,467,17.587883303265166,17.34652360493298,20260827
permuted_anchor_pseudo_edge,repository_month,True,468,16.316749719199297,17.34652360493298,20260827
permuted_anchor_pseudo_edge,repository_month,True,469,15.597348070243147,17.34652360493298,20260827
permuted_anchor_pseudo_edge,repository_month,True,470,16.80432400558036,17.34652360493298,20260827
permuted_anchor_pseudo_edge,repository_month,True,471,15.41013806583539,17.34652360493298,20260827
permuted_anchor_pseudo_edge,repository_month,True,472,16.542743176040958,17.34652360493298,20260827
permuted_anchor_pseudo_edge,repository_month,True,473,15.04830732118112,17.34652360493298,20260827
permuted_anchor_pseudo_edge,repository_month,True,474,16.412709157062544,17.34652360493298,20260827
permuted_anchor_pseudo_edge,repository_month,True,475,16.35570756524262,17.34652360493298,20260827
permuted_anchor_pseudo_edge,repository_month,True,476,17.653112187680975,17.34652360493298,20260827
permuted_anchor_pseudo_edge,repository_month,True,477,17.632142137627202,17.34652360493298,20260827
permuted_anchor_pseudo_edge,repository_month,True,478,15.640722983123448,17.34652360493298,20260827
permuted_anchor_pseudo_edge,repository_month,True,479,16.32705739230724,17.34652360493298,20260827
permuted_anchor_pseudo_edge,repository_month,True,480,16.57678731566052,17.34652360493298,20260827
permuted_anchor_pseudo_edge,repository_month,True,481,16.365844518052747,17.34652360493298,20260827
permuted_anchor_pseudo_edge,repository_month,True,482,17.577889517826293,17.34652360493298,20260827
permuted_anchor_pseudo_edge,repository_month,True,483,16.259599810671055,17.34652360493298,20260827
permuted_anchor_pseudo_edge,repository_month,True,484,15.625553401243527,17.34652360493298,20260827
permuted_anchor_pseudo_edge,repository_month,True,485,17.374030434332806,17.34652360493298,20260827
permuted_anchor_pseudo_edge,repository_month,True,486,17.389721662605094,17.34652360493298,20260827
permuted_anchor_pseudo_edge,repository_month,True,487,16.738008377047873,17.34652360493298,20260827
permuted_anchor_pseudo_edge,repository_month,True,488,15.274890302550395,17.34652360493298,20260827
permuted_anchor_pseudo_edge,repository_month,True,489,15.294475931278658,17.34652360493298,20260827
permuted_anchor_pseudo_edge,repository_month,True,490,16.722360700696136,17.34652360493298,20260827
permuted_anchor_pseudo_edge,repository_month,True,491,16.494754101914385,17.34652360493298,20260827
permuted_anchor_pseudo_edge,repository_month,True,492,16.504940560128542,17.34652360493298,20260827
permuted_anchor_pseudo_edge,repository_month,True,493,16.505554743240676,17.34652360493298,20260827
permuted_anchor_pseudo_edge,repository_month,True,494,16.598879318996673,17.34652360493298,20260827
permuted_anchor_pseudo_edge,repository_month,True,495,16.564999250006174,17.34652360493298,20260827
permuted_anchor_pseudo_edge,repository_month,True,496,16.465644353320062,17.34652360493298,20260827
permuted_anchor_pseudo_edge,repository_month,True,497,16.57993242952379,17.34652360493298,20260827
permuted_anchor_pseudo_edge,repository_month,True,498,17.591940264242258,17.34652360493298,20260827
permuted_anchor_pseudo_edge,repository_month,True,499,16.555841601815345,17.34652360493298,20260827
permuted_anchor_pseudo_edge,repository_month,True,500,17.570309232649546,17.34652360493298,20260827
permuted_anchor_pseudo_edge,repository_month,True,501,16.098998274839722,17.34652360493298,20260827
permuted_anchor_pseudo_edge,repository_month,True,502,16.5861749101259,17.34652360493298,20260827
permuted_anchor_pseudo_edge,repository_month,True,503,16.358889790156642,17.34652360493298,20260827
permuted_anchor_pseudo_edge,repository_month,True,504,15.260067092313555,17.34652360493298,20260827
permuted_anchor_pseudo_edge,repository_month,True,505,17.55008249158952,17.34652360493298,20260827
permuted_anchor_pseudo_edge,repository_month,True,506,16.839810650340635,17.34652360493298,20260827
permuted_anchor_pseudo_edge,repository_month,True,507,15.292872501785249,17.34652360493298,20260827
permuted_anchor_pseudo_edge,repository_month,True,508,17.6084355770572,17.34652360493298,20260827
permuted_anchor_pseudo_edge,repository_month,True,509,15.288774536265581,17.34652360493298,20260827
permuted_anchor_pseudo_edge,repository_month,True,510,16.70869587090845,17.34652360493298,20260827
permuted_anchor_pseudo_edge,repository_month,True,511,15.021598946194183,17.34652360493298,20260827
permuted_anchor_pseudo_edge,repository_month,True,512,16.5150007740239,17.34652360493298,20260827
permuted_anchor_pseudo_edge,repository_month,True,513,16.4770098065985,17.34652360493298,20260827
permuted_anchor_pseudo_edge,repository_month,True,514,16.460798912093928,17.34652360493298,20260827
permuted_anchor_pseudo_edge,repository_month,True,515,16.507181935462732,17.34652360493298,20260827
permuted_anchor_pseudo_edge,repository_month,True,516,17.57436649600653,17.34652360493298,20260827
permuted_anchor_pseudo_edge,repository_month,True,517,16.424117393467135,17.34652360493298,20260827
permuted_anchor_pseudo_edge,repository_month,True,518,16.543892257532367,17.34652360493298,20260827
permuted_anchor_pseudo_edge,repository_month,True,519,16.556543077999002,17.34652360493298,20260827
permuted_anchor_pseudo_edge,repository_month,True,520,16.39735682503025,17.34652360493298,20260827
permuted_anchor_pseudo_edge,repository_month,True,521,17.555354870531108,17.34652360493298,20260827
permuted_anchor_pseudo_edge,repository_month,True,522,17.601806558120778,17.34652360493298,20260827
permuted_anchor_pseudo_edge,repository_month,True,523,16.54626206973725,17.34652360493298,20260827
permuted_anchor_pseudo_edge,repository_month,True,524,15.284277086737424,17.34652360493298,20260827
permuted_anchor_pseudo_edge,repository_month,True,525,15.27543970988638,17.34652360493298,20260827
permuted_anchor_pseudo_edge,repository_month,True,526,17.337530530297947,17.34652360493298,20260827
permuted_anchor_pseudo_edge,repository_month,True,527,15.279148209101068,17.34652360493298,20260827
permuted_anchor_pseudo_edge,repository_month,True,528,15.41705942574274,17.34652360493298,20260827
permuted_anchor_pseudo_edge,repository_month,True,529,15.259179316065946,17.34652360493298,20260827
permuted_anchor_pseudo_edge,repository_month,True,530,16.764442210888312,17.34652360493298,20260827
permuted_anchor_pseudo_edge,repository_month,True,531,16.36731648783049,17.34652360493298,20260827
permuted_anchor_pseudo_edge,repository_month,True,532,17.42532865348472,17.34652360493298,20260827
permuted_anchor_pseudo_edge,repository_month,True,533,16.321076291521088,17.34652360493298,20260827
permuted_anchor_pseudo_edge,repository_month,True,534,17.36861302260638,17.34652360493298,20260827
permuted_anchor_pseudo_edge,repository_month,True,535,17.672230516362994,17.34652360493298,20260827
permuted_anchor_pseudo_edge,repository_month,True,536,15.281333669244804,17.34652360493298,20260827
permuted_anchor_pseudo_edge,repository_month,True,537,16.35332992338555,17.34652360493298,20260827
permuted_anchor_pseudo_edge,repository_month,True,538,16.506156542317406,17.34652360493298,20260827
permuted_anchor_pseudo_edge,repository_month,True,539,16.3952246174416,17.34652360493298,20260827
permuted_anchor_pseudo_edge,repository_month,True,540,15.086016030468935,17.34652360493298,20260827
permuted_anchor_pseudo_edge,repository_month,True,541,16.3441396254111,17.34652360493298,20260827
permuted_anchor_pseudo_edge,repository_month,True,542,17.63217838884965,17.34652360493298,20260827
permuted_anchor_pseudo_edge,repository_month,True,543,16.53215166273337,17.34652360493298,20260827
permuted_anchor_pseudo_edge,repository_month,True,544,17.61654994865992,17.34652360493298,20260827
permuted_anchor_pseudo_edge,repository_month,True,545,16.58204204970887,17.34652360493298,20260827
permuted_anchor_pseudo_edge,repository_month,True,546,15.460540960638477,17.34652360493298,20260827
permuted_anchor_pseudo_edge,repository_month,True,547,15.027100134899223,17.34652360493298,20260827
permuted_anchor_pseudo_edge,repository_month,True,548,16.49633781076233,17.34652360493298,20260827
permuted_anchor_pseudo_edge,repository_month,True,549,17.62479575977924,17.34652360493298,20260827
permuted_anchor_pseudo_edge,repository_month,True,550,16.37009953752743,17.34652360493298,20260827
permuted_anchor_pseudo_edge,repository_month,True,551,15.605555347723673,17.34652360493298,20260827
permuted_anchor_pseudo_edge,repository_month,True,552,16.689009010921417,17.34652360493298,20260827
permuted_anchor_pseudo_edge,repository_month,True,553,15.315425561198804,17.34652360493298,20260827
permuted_anchor_pseudo_edge,repository_month,True,554,16.753868394869826,17.34652360493298,20260827
permuted_anchor_pseudo_edge,repository_month,True,555,16.39295385388794,17.34652360493298,20260827
permuted_anchor_pseudo_edge,repository_month,True,556,17.664066698243147,17.34652360493298,20260827
permuted_anchor_pseudo_edge,repository_month,True,557,15.674756473187243,17.34652360493298,20260827
permuted_anchor_pseudo_edge,repository_month,True,558,17.430743236908214,17.34652360493298,20260827
permuted_anchor_pseudo_edge,repository_month,True,559,16.273521527961883,17.34652360493298,20260827
permuted_anchor_pseudo_edge,repository_month,True,560,17.36279875679361,17.34652360493298,20260827
permuted_anchor_pseudo_edge,repository_month,True,561,17.53247838435959,17.34652360493298,20260827
permuted_anchor_pseudo_edge,repository_month,True,562,17.638146027475425,17.34652360493298,20260827
permuted_anchor_pseudo_edge,repository_month,True,563,16.804680186567595,17.34652360493298,20260827
permuted_anchor_pseudo_edge,repository_month,True,564,17.6321163393227,17.34652360493298,20260827
permuted_anchor_pseudo_edge,repository_month,True,565,16.161889459946337,17.34652360493298,20260827
permuted_anchor_pseudo_edge,repository_month,True,566,16.50654074871067,17.34652360493298,20260827
permuted_anchor_pseudo_edge,repository_month,True,567,16.279184980211127,17.34652360493298,20260827
permuted_anchor_pseudo_edge,repository_month,True,568,15.608864665279972,17.34652360493298,20260827
permuted_anchor_pseudo_edge,repository_month,True,569,16.346529296680313,17.34652360493298,20260827
permuted_anchor_pseudo_edge,repository_month,True,570,16.789853098366876,17.34652360493298,20260827
permuted_anchor_pseudo_edge,repository_month,True,571,16.47963149254613,17.34652360493298,20260827
permuted_anchor_pseudo_edge,repository_month,True,572,15.676134216570933,17.34652360493298,20260827
permuted_anchor_pseudo_edge,repository_month,True,573,15.251459756190188,17.34652360493298,20260827
permuted_anchor_pseudo_edge,repository_month,True,574,15.271399337580279,17.34652360493298,20260827
permuted_anchor_pseudo_edge,repository_month,True,575,16.5329903713448,17.34652360493298,20260827
permuted_anchor_pseudo_edge,repository_month,True,576,16.41465171601925,17.34652360493298,20260827
permuted_anchor_pseudo_edge,repository_month,True,577,15.669154103423974,17.34652360493298,20260827
permuted_anchor_pseudo_edge,repository_month,True,578,16.702230654303598,17.34652360493298,20260827
permuted_anchor_pseudo_edge,repository_month,True,579,15.30976098208095,17.34652360493298,20260827
permuted_anchor_pseudo_edge,repository_month,True,580,16.728951051753757,17.34652360493298,20260827
permuted_anchor_pseudo_edge,repository_month,True,581,16.522751102399162,17.34652360493298,20260827
permuted_anchor_pseudo_edge,repository_month,True,582,16.466478659464435,17.34652360493298,20260827
permuted_anchor_pseudo_edge,repository_month,True,583,16.251198057933337,17.34652360493298,20260827
permuted_anchor_pseudo_edge,repository_month,True,584,17.392028771003453,17.34652360493298,20260827
permuted_anchor_pseudo_edge,repository_month,True,585,15.313155079696411,17.34652360493298,20260827
permuted_anchor_pseudo_edge,repository_month,True,586,16.50404813316242,17.34652360493298,20260827
permuted_anchor_pseudo_edge,repository_month,True,587,17.651484957250215,17.34652360493298,20260827
permuted_anchor_pseudo_edge,repository_month,True,588,15.133275461031978,17.34652360493298,20260827
permuted_anchor_pseudo_edge,repository_month,True,589,15.585573995948316,17.34652360493298,20260827
permuted_anchor_pseudo_edge,repository_month,True,590,15.711005891780145,17.34652360493298,20260827
permuted_anchor_pseudo_edge,repository_month,True,591,15.309375854454371,17.34652360493298,20260827
permuted_anchor_pseudo_edge,repository_month,True,592,17.62259416112352,17.34652360493298,20260827
permuted_anchor_pseudo_edge,repository_month,True,593,16.722840323958156,17.34652360493298,20260827
permuted_anchor_pseudo_edge,repository_month,True,594,16.58758580681923,17.34652360493298,20260827
permuted_anchor_pseudo_edge,repository_month,True,595,16.40183801025564,17.34652360493298,20260827
permuted_anchor_pseudo_edge,repository_month,True,596,16.39077346992029,17.34652360493298,20260827
permuted_anchor_pseudo_edge,repository_month,True,597,15.251276713504494,17.34652360493298,20260827
permuted_anchor_pseudo_edge,repository_month,True,598,15.069936696668107,17.34652360493298,20260827
permuted_anchor_pseudo_edge,repository_month,True,599,16.533594158739984,17.34652360493298,20260827
permuted_anchor_pseudo_edge,repository_month,True,600,15.046671757583818,17.34652360493298,20260827
permuted_anchor_pseudo_edge,repository_month,True,601,15.081105002446765,17.34652360493298,20260827
permuted_anchor_pseudo_edge,repository_month,True,602,15.588950835745932,17.34652360493298,20260827
permuted_anchor_pseudo_edge,repository_month,True,603,15.238060247809418,17.34652360493298,20260827
permuted_anchor_pseudo_edge,repository_month,True,604,15.593470147596902,17.34652360493298,20260827
permuted_anchor_pseudo_edge,repository_month,True,605,16.363212811633844,17.34652360493298,20260827
permuted_anchor_pseudo_edge,repository_month,True,606,17.370385546648286,17.34652360493298,20260827
permuted_anchor_pseudo_edge,repository_month,True,607,17.620035113085514,17.34652360493298,20260827
permuted_anchor_pseudo_edge,repository_month,True,608,15.622280687209845,17.34652360493298,20260827
permuted_anchor_pseudo_edge,repository_month,True,609,16.74489516851908,17.34652360493298,20260827
permuted_anchor_pseudo_edge,repository_month,True,610,15.415293136472286,17.34652360493298,20260827
permuted_anchor_pseudo_edge,repository_month,True,611,16.329261028715962,17.34652360493298,20260827
permuted_anchor_pseudo_edge,repository_month,True,612,16.569365355859496,17.34652360493298,20260827
permuted_anchor_pseudo_edge,repository_month,True,613,16.52399111354819,17.34652360493298,20260827
permuted_anchor_pseudo_edge,repository_month,True,614,16.564566702577245,17.34652360493298,20260827
permuted_anchor_pseudo_edge,repository_month,True,615,15.614189984280898,17.34652360493298,20260827
permuted_anchor_pseudo_edge,repository_month,True,616,15.70239974413081,17.34652360493298,20260827
permuted_anchor_pseudo_edge,repository_month,True,617,16.729497542381655,17.34652360493298,20260827
permuted_anchor_pseudo_edge,repository_month,True,618,16.51611118778347,17.34652360493298,20260827
permuted_anchor_pseudo_edge,repository_month,True,619,16.186265935538675,17.34652360493298,20260827
permuted_anchor_pseudo_edge,repository_month,True,620,17.59578466465097,17.34652360493298,20260827
permuted_anchor_pseudo_edge,repository_month,True,621,16.539678272025405,17.34652360493298,20260827
permuted_anchor_pseudo_edge,repository_month,True,622,15.701340866402935,17.34652360493298,20260827
permuted_anchor_pseudo_edge,repository_month,True,623,16.68919921900773,17.34652360493298,20260827
permuted_anchor_pseudo_edge,repository_month,True,624,16.497524658857202,17.34652360493298,20260827
permuted_anchor_pseudo_edge,repository_month,True,625,15.402061791908809,17.34652360493298,20260827
permuted_anchor_pseudo_edge,repository_month,True,626,15.638250336892556,17.34652360493298,20260827
permuted_anchor_pseudo_edge,repository_month,True,627,15.062098571305135,17.34652360493298,20260827
permuted_anchor_pseudo_edge,repository_month,True,628,16.37697311109517,17.34652360493298,20260827
permuted_anchor_pseudo_edge,repository_month,True,629,16.362900464371837,17.34652360493298,20260827
permuted_anchor_pseudo_edge,repository_month,True,630,16.498980049697096,17.34652360493298,20260827
permuted_anchor_pseudo_edge,repository_month,True,631,17.72064778417413,17.34652360493298,20260827
permuted_anchor_pseudo_edge,repository_month,True,632,16.3905983529697,17.34652360493298,20260827
permuted_anchor_pseudo_edge,repository_month,True,633,16.276191689573487,17.34652360493298,20260827
permuted_anchor_pseudo_edge,repository_month,True,634,16.697279535763908,17.34652360493298,20260827
permuted_anchor_pseudo_edge,repository_month,True,635,15.279358446124089,17.34652360493298,20260827
permuted_anchor_pseudo_edge,repository_month,True,636,16.134903648776064,17.34652360493298,20260827
permuted_anchor_pseudo_edge,repository_month,True,637,16.44580336335878,17.34652360493298,20260827
permuted_anchor_pseudo_edge,repository_month,True,638,15.606306064405699,17.34652360493298,20260827
permuted_anchor_pseudo_edge,repository_month,True,639,16.80218557925533,17.34652360493298,20260827
permuted_anchor_pseudo_edge,repository_month,True,640,16.583999342519498,17.34652360493298,20260827
permuted_anchor_pseudo_edge,repository_month,True,641,15.466213738570056,17.34652360493298,20260827
permuted_anchor_pseudo_edge,repository_month,True,642,16.14673421658403,17.34652360493298,20260827
permuted_anchor_pseudo_edge,repository_month,True,643,16.74449934824689,17.34652360493298,20260827
permuted_anchor_pseudo_edge,repository_month,True,644,16.54290227130711,17.34652360493298,20260827
permuted_anchor_pseudo_edge,repository_month,True,645,17.4002652488378,17.34652360493298,20260827
permuted_anchor_pseudo_edge,repository_month,True,646,16.499675407636165,17.34652360493298,20260827
permuted_anchor_pseudo_edge,repository_month,True,647,17.60891086665753,17.34652360493298,20260827
permuted_anchor_pseudo_edge,repository_month,True,648,16.392164894713673,17.34652360493298,20260827
permuted_anchor_pseudo_edge,repository_month,True,649,17.646959249506196,17.34652360493298,20260827
permuted_anchor_pseudo_edge,repository_month,True,650,15.313329491699074,17.34652360493298,20260827
permuted_anchor_pseudo_edge,repository_month,True,651,15.266247287055515,17.34652360493298,20260827
permuted_anchor_pseudo_edge,repository_month,True,652,16.38575233657803,17.34652360493298,20260827
permuted_anchor_pseudo_edge,repository_month,True,653,16.342901831118795,17.34652360493298,20260827
permuted_anchor_pseudo_edge,repository_month,True,654,15.216969963915886,17.34652360493298,20260827
permuted_anchor_pseudo_edge,repository_month,True,655,16.410217027525512,17.34652360493298,20260827
permuted_anchor_pseudo_edge,repository_month,True,656,16.576108823438414,17.34652360493298,20260827
permuted_anchor_pseudo_edge,repository_month,True,657,15.056355620092429,17.34652360493298,20260827
permuted_anchor_pseudo_edge,repository_month,True,658,15.408503357505786,17.34652360493298,20260827
permuted_anchor_pseudo_edge,repository_month,True,659,15.662680384168052,17.34652360493298,20260827
permuted_anchor_pseudo_edge,repository_month,True,660,16.520143558989712,17.34652360493298,20260827
permuted_anchor_pseudo_edge,repository_month,True,661,16.269939116032322,17.34652360493298,20260827
permuted_anchor_pseudo_edge,repository_month,True,662,16.475134414690746,17.34652360493298,20260827
permuted_anchor_pseudo_edge,repository_month,True,663,15.272952112511366,17.34652360493298,20260827
permuted_anchor_pseudo_edge,repository_month,True,664,16.764036296928953,17.34652360493298,20260827
permuted_anchor_pseudo_edge,repository_month,True,665,15.077122101494417,17.34652360493298,20260827
permuted_anchor_pseudo_edge,repository_month,True,666,15.084321213146564,17.34652360493298,20260827
permuted_anchor_pseudo_edge,repository_month,True,667,16.768863860743853,17.34652360493298,20260827
permuted_anchor_pseudo_edge,repository_month,True,668,15.723514923340279,17.34652360493298,20260827
permuted_anchor_pseudo_edge,repository_month,True,669,16.73079772374589,17.34652360493298,20260827
permuted_anchor_pseudo_edge,repository_month,True,670,17.596583917813646,17.34652360493298,20260827
permuted_anchor_pseudo_edge,repository_month,True,671,15.626272457019615,17.34652360493298,20260827
permuted_anchor_pseudo_edge,repository_month,True,672,17.61806331832577,17.34652360493298,20260827
permuted_anchor_pseudo_edge,repository_month,True,673,16.549672127174155,17.34652360493298,20260827
permuted_anchor_pseudo_edge,repository_month,True,674,17.573599425200857,17.34652360493298,20260827
permuted_anchor_pseudo_edge,repository_month,True,675,15.29406168640199,17.34652360493298,20260827
permuted_anchor_pseudo_edge,repository_month,True,676,15.069877009693228,17.34652360493298,20260827
permuted_anchor_pseudo_edge,repository_month,True,677,16.326727254622945,17.34652360493298,20260827
permuted_anchor_pseudo_edge,repository_month,True,678,15.663293023745023,17.34652360493298,20260827
permuted_anchor_pseudo_edge,repository_month,True,679,16.801837440030113,17.34652360493298,20260827
permuted_anchor_pseudo_edge,repository_month,True,680,17.651994329313037,17.34652360493298,20260827
permuted_anchor_pseudo_edge,repository_month,True,681,16.120435866376845,17.34652360493298,20260827
permuted_anchor_pseudo_edge,repository_month,True,682,16.49323662703985,17.34652360493298,20260827
permuted_anchor_pseudo_edge,repository_month,True,683,16.45064010904269,17.34652360493298,20260827
permuted_anchor_pseudo_edge,repository_month,True,684,16.186962710281648,17.34652360493298,20260827
permuted_anchor_pseudo_edge,repository_month,True,685,16.38575233657803,17.34652360493298,20260827
permuted_anchor_pseudo_edge,repository_month,True,686,17.584756681704146,17.34652360493298,20260827
permuted_anchor_pseudo_edge,repository_month,True,687,15.327894615213328,17.34652360493298,20260827
permuted_anchor_pseudo_edge,repository_month,True,688,15.279738083407167,17.34652360493298,20260827
permuted_anchor_pseudo_edge,repository_month,True,689,16.395470755826075,17.34652360493298,20260827
permuted_anchor_pseudo_edge,repository_month,True,690,16.80432400558036,17.34652360493298,20260827
permuted_anchor_pseudo_edge,repository_month,True,691,16.37477085476437,17.34652360493298,20260827
permuted_anchor_pseudo_edge,repository_month,True,692,16.395423015481143,17.34652360493298,20260827
permuted_anchor_pseudo_edge,repository_month,True,693,16.8713056372305,17.34652360493298,20260827
permuted_anchor_pseudo_edge,repository_month,True,694,16.5446072635842,17.34652360493298,20260827
permuted_anchor_pseudo_edge,repository_month,True,695,16.24518132641222,17.34652360493298,20260827
permuted_anchor_pseudo_edge,repository_month,True,696,17.64169273078734,17.34652360493298,20260827
permuted_anchor_pseudo_edge,repository_month,True,697,16.526794625072075,17.34652360493298,20260827
permuted_anchor_pseudo_edge,repository_month,True,698,16.34237780005852,17.34652360493298,20260827
permuted_anchor_pseudo_edge,repository_month,True,699,17.57857103333362,17.34652360493298,20260827
permuted_anchor_pseudo_edge,repository_month,True,700,17.575098970093332,17.34652360493298,20260827
permuted_anchor_pseudo_edge,repository_month,True,701,16.293695407787645,17.34652360493298,20260827
permuted_anchor_pseudo_edge,repository_month,True,702,17.58141113277773,17.34652360493298,20260827
permuted_anchor_pseudo_edge,repository_month,True,703,16.3893989948565,17.34652360493298,20260827
permuted_anchor_pseudo_edge,repository_month,True,704,16.51284000726471,17.34652360493298,20260827
permuted_anchor_pseudo_edge,repository_month,True,705,15.388239761238687,17.34652360493298,20260827
permuted_anchor_pseudo_edge,repository_month,True,706,15.623947281481978,17.34652360493298,20260827
permuted_anchor_pseudo_edge,repository_month,True,707,16.451171765861282,17.34652360493298,20260827
permuted_anchor_pseudo_edge,repository_month,True,708,15.611152159117337,17.34652360493298,20260827
permuted_anchor_pseudo_edge,repository_month,True,709,16.39215622960729,17.34652360493298,20260827
permuted_anchor_pseudo_edge,repository_month,True,710,15.363112106394924,17.34652360493298,20260827
permuted_anchor_pseudo_edge,repository_month,True,711,15.647782283754838,17.34652360493298,20260827
permuted_anchor_pseudo_edge,repository_month,True,712,16.73365342161087,17.34652360493298,20260827
permuted_anchor_pseudo_edge,repository_month,True,713,16.505157858726953,17.34652360493298,20260827
permuted_anchor_pseudo_edge,repository_month,True,714,16.631228734483976,17.34652360493298,20260827
permuted_anchor_pseudo_edge,repository_month,True,715,16.71209290413435,17.34652360493298,20260827
permuted_anchor_pseudo_edge,repository_month,True,716,16.470579238484355,17.34652360493298,20260827
permuted_anchor_pseudo_edge,repository_month,True,717,15.473959262477916,17.34652360493298,20260827
permuted_anchor_pseudo_edge,repository_month,True,718,16.127365963009346,17.34652360493298,20260827
permuted_anchor_pseudo_edge,repository_month,True,719,15.298444536063089,17.34652360493298,20260827
permuted_anchor_pseudo_edge,repository_month,True,720,15.267397748823377,17.34652360493298,20260827
permuted_anchor_pseudo_edge,repository_month,True,721,15.612692893575991,17.34652360493298,20260827
permuted_anchor_pseudo_edge,repository_month,True,722,16.393036217777748,17.34652360493298,20260827
permuted_anchor_pseudo_edge,repository_month,True,723,15.245765716762467,17.34652360493298,20260827
permuted_anchor_pseudo_edge,repository_month,True,724,15.347221821356383,17.34652360493298,20260827
permuted_anchor_pseudo_edge,repository_month,True,725,16.476460116448177,17.34652360493298,20260827
permuted_anchor_pseudo_edge,repository_month,True,726,16.79816115292748,17.34652360493298,20260827
permuted_anchor_pseudo_edge,repository_month,True,727,16.466793176885172,17.34652360493298,20260827
permuted_anchor_pseudo_edge,repository_month,True,728,16.36999195778889,17.34652360493298,20260827
permuted_anchor_pseudo_edge,repository_month,True,729,17.645142163403086,17.34652360493298,20260827
permuted_anchor_pseudo_edge,repository_month,True,730,15.663107015335454,17.34652360493298,20260827
permuted_anchor_pseudo_edge,repository_month,True,731,16.313954685467,17.34652360493298,20260827
permuted_anchor_pseudo_edge,repository_month,True,732,16.51400532339816,17.34652360493298,20260827
permuted_anchor_pseudo_edge,repository_month,True,733,16.13441945654457,17.34652360493298,20260827
permuted_anchor_pseudo_edge,repository_month,True,734,16.500996904458194,17.34652360493298,20260827
permuted_anchor_pseudo_edge,repository_month,True,735,16.34432985776518,17.34652360493298,20260827
permuted_anchor_pseudo_edge,repository_month,True,736,17.587749201970702,17.34652360493298,20260827
permuted_anchor_pseudo_edge,repository_month,True,737,16.760900713869297,17.34652360493298,20260827
permuted_anchor_pseudo_edge,repository_month,True,738,16.37449919474147,17.34652360493298,20260827
permuted_anchor_pseudo_edge,repository_month,True,739,15.669516935133764,17.34652360493298,20260827
permuted_anchor_pseudo_edge,repository_month,True,740,15.662314160669178,17.34652360493298,20260827
permuted_anchor_pseudo_edge,repository_month,True,741,16.499515838017953,17.34652360493298,20260827
permuted_anchor_pseudo_edge,repository_month,True,742,15.438957050574912,17.34652360493298,20260827
permuted_anchor_pseudo_edge,repository_month,True,743,17.699654445466354,17.34652360493298,20260827
permuted_anchor_pseudo_edge,repository_month,True,744,16.350514184157372,17.34652360493298,20260827
permuted_anchor_pseudo_edge,repository_month,True,745,16.741838327079055,17.34652360493298,20260827
permuted_anchor_pseudo_edge,repository_month,True,746,15.380065961257419,17.34652360493298,20260827
permuted_anchor_pseudo_edge,repository_month,True,747,15.388611941190616,17.34652360493298,20260827
permuted_anchor_pseudo_edge,repository_month,True,748,16.746468933360664,17.34652360493298,20260827
permuted_anchor_pseudo_edge,repository_month,True,749,16.51179140510012,17.34652360493298,20260827
permuted_anchor_pseudo_edge,repository_month,True,750,15.252760620006889,17.34652360493298,20260827
permuted_anchor_pseudo_edge,repository_month,True,751,15.747142256874163,17.34652360493298,20260827
permuted_anchor_pseudo_edge,repository_month,True,752,16.319824163814843,17.34652360493298,20260827
permuted_anchor_pseudo_edge,repository_month,True,753,15.299219876462258,17.34652360493298,20260827
permuted_anchor_pseudo_edge,repository_month,True,754,16.808997349344892,17.34652360493298,20260827
permuted_anchor_pseudo_edge,repository_month,True,755,15.669924426195362,17.34652360493298,20260827
permuted_anchor_pseudo_edge,repository_month,True,756,17.603986018335284,17.34652360493298,20260827
permuted_anchor_pseudo_edge,repository_month,True,757,16.45154157034074,17.34652360493298,20260827
permuted_anchor_pseudo_edge,repository_month,True,758,15.655540551950939,17.34652360493298,20260827
permuted_anchor_pseudo_edge,repository_month,True,759,17.66786539088736,17.34652360493298,20260827
permuted_anchor_pseudo_edge,repository_month,True,760,16.536586934867668,17.34652360493298,20260827
permuted_anchor_pseudo_edge,repository_month,True,761,17.633185412274297,17.34652360493298,20260827
permuted_anchor_pseudo_edge,repository_month,True,762,16.327600273147077,17.34652360493298,20260827
permuted_anchor_pseudo_edge,repository_month,True,763,15.369789522941693,17.34652360493298,20260827
permuted_anchor_pseudo_edge,repository_month,True,764,16.590447006760396,17.34652360493298,20260827
permuted_anchor_pseudo_edge,repository_month,True,765,16.364186803845453,17.34652360493298,20260827
permuted_anchor_pseudo_edge,repository_month,True,766,16.495505643603924,17.34652360493298,20260827
permuted_anchor_pseudo_edge,repository_month,True,767,17.564407269265725,17.34652360493298,20260827
permuted_anchor_pseudo_edge,repository_month,True,768,17.368502846034037,17.34652360493298,20260827
permuted_anchor_pseudo_edge,repository_month,True,769,16.766100568636404,17.34652360493298,20260827
permuted_anchor_pseudo_edge,repository_month,True,770,16.409114706015373,17.34652360493298,20260827
permuted_anchor_pseudo_edge,repository_month,True,771,15.43084863131669,17.34652360493298,20260827
permuted_anchor_pseudo_edge,repository_month,True,772,16.186448212086223,17.34652360493298,20260827
permuted_anchor_pseudo_edge,repository_month,True,773,16.424564165961158,17.34652360493298,20260827
permuted_anchor_pseudo_edge,repository_month,True,774,16.410406610100207,17.34652360493298,20260827
permuted_anchor_pseudo_edge,repository_month,True,775,17.620673777703296,17.34652360493298,20260827
permuted_anchor_pseudo_edge,repository_month,True,776,16.72670386009415,17.34652360493298,20260827
permuted_anchor_pseudo_edge,repository_month,True,777,16.16471561241499,17.34652360493298,20260827
permuted_anchor_pseudo_edge,repository_month,True,778,17.366234386675643,17.34652360493298,20260827
permuted_anchor_pseudo_edge,repository_month,True,779,15.288941885840298,17.34652360493298,20260827
permuted_anchor_pseudo_edge,repository_month,True,780,15.695257616808,17.34652360493298,20260827
permuted_anchor_pseudo_edge,repository_month,True,781,16.739902460115193,17.34652360493298,20260827
permuted_anchor_pseudo_edge,repository_month,True,782,16.557347571356406,17.34652360493298,20260827
permuted_anchor_pseudo_edge,repository_month,True,783,16.83856197102927,17.34652360493298,20260827
permuted_anchor_pseudo_edge,repository_month,True,784,16.357165104010036,17.34652360493298,20260827
permuted_anchor_pseudo_edge,repository_month,True,785,17.356963410073543,17.34652360493298,20260827
permuted_anchor_pseudo_edge,repository_month,True,786,15.333988402930213,17.34652360493298,20260827
permuted_anchor_pseudo_edge,repository_month,True,787,15.669084666129866,17.34652360493298,20260827
permuted_anchor_pseudo_edge,repository_month,True,788,17.61938851281439,17.34652360493298,20260827
permuted_anchor_pseudo_edge,repository_month,True,789,16.721951258749762,17.34652360493298,20260827
permuted_anchor_pseudo_edge,repository_month,True,790,16.432613779377068,17.34652360493298,20260827
permuted_anchor_pseudo_edge,repository_month,True,791,15.392067816190666,17.34652360493298,20260827
permuted_anchor_pseudo_edge,repository_month,True,792,16.71599345458647,17.34652360493298,20260827
permuted_anchor_pseudo_edge,repository_month,True,793,16.55788673408558,17.34652360493298,20260827
permuted_anchor_pseudo_edge,repository_month,True,794,16.567036057220303,17.34652360493298,20260827
permuted_anchor_pseudo_edge,repository_month,True,795,15.30263400814366,17.34652360493298,20260827
permuted_anchor_pseudo_edge,repository_month,True,796,17.371672752282063,17.34652360493298,20260827
permuted_anchor_pseudo_edge,repository_month,True,797,17.6596397136073,17.34652360493298,20260827
permuted_anchor_pseudo_edge,repository_month,True,798,17.650965354728314,17.34652360493298,20260827
permuted_anchor_pseudo_edge,repository_month,True,799,16.32661377539643,17.34652360493298,20260827
permuted_anchor_pseudo_edge,repository_month,True,800,16.333764146392767,17.34652360493298,20260827
permuted_anchor_pseudo_edge,repository_month,True,801,17.662715500801777,17.34652360493298,20260827
permuted_anchor_pseudo_edge,repository_month,True,802,15.26251496333412,17.34652360493298,20260827
permuted_anchor_pseudo_edge,repository_month,True,803,16.385053267904528,17.34652360493298,20260827
permuted_anchor_pseudo_edge,repository_month,True,804,15.652532008851102,17.34652360493298,20260827
permuted_anchor_pseudo_edge,repository_month,True,805,16.36888335619978,17.34652360493298,20260827
permuted_anchor_pseudo_edge,repository_month,True,806,16.729509384154913,17.34652360493298,20260827
permuted_anchor_pseudo_edge,repository_month,True,807,16.140432625273,17.34652360493298,20260827
permuted_anchor_pseudo_edge,repository_month,True,808,16.56352140720759,17.34652360493298,20260827
permuted_anchor_pseudo_edge,repository_month,True,809,15.718848351710394,17.34652360493298,20260827
permuted_anchor_pseudo_edge,repository_month,True,810,15.267166734135134,17.34652360493298,20260827
permuted_anchor_pseudo_edge,repository_month,True,811,15.613613744875444,17.34652360493298,20260827
permuted_anchor_pseudo_edge,repository_month,True,812,16.5146694433003,17.34652360493298,20260827
permuted_anchor_pseudo_edge,repository_month,True,813,15.680358540854863,17.34652360493298,20260827
permuted_anchor_pseudo_edge,repository_month,True,814,15.33155888837577,17.34652360493298,20260827
permuted_anchor_pseudo_edge,repository_month,True,815,15.731671698932404,17.34652360493298,20260827
permuted_anchor_pseudo_edge,repository_month,True,816,15.291022966689413,17.34652360493298,20260827
permuted_anchor_pseudo_edge,repository_month,True,817,16.437690430518153,17.34652360493298,20260827
permuted_anchor_pseudo_edge,repository_month,True,818,15.141337159222696,17.34652360493298,20260827
permuted_anchor_pseudo_edge,repository_month,True,819,16.717557284903943,17.34652360493298,20260827
permuted_anchor_pseudo_edge,repository_month,True,820,16.816788191295608,17.34652360493298,20260827
permuted_anchor_pseudo_edge,repository_month,True,821,15.24057490339798,17.34652360493298,20260827
permuted_anchor_pseudo_edge,repository_month,True,822,16.560133045399546,17.34652360493298,20260827
permuted_anchor_pseudo_edge,repository_month,True,823,15.304449395766357,17.34652360493298,20260827
permuted_anchor_pseudo_edge,repository_month,True,824,17.60962417982795,17.34652360493298,20260827
permuted_anchor_pseudo_edge,repository_month,True,825,16.472262009739357,17.34652360493298,20260827
permuted_anchor_pseudo_edge,repository_month,True,826,15.430695609120882,17.34652360493298,20260827
permuted_anchor_pseudo_edge,repository_month,True,827,15.277013930653727,17.34652360493298,20260827
permuted_anchor_pseudo_edge,repository_month,True,828,16.503018481013005,17.34652360493298,20260827
permuted_anchor_pseudo_edge,repository_month,True,829,16.467147859618226,17.34652360493298,20260827
permuted_anchor_pseudo_edge,repository_month,True,830,15.619212846994207,17.34652360493298,20260827
permuted_anchor_pseudo_edge,repository_month,True,831,16.71278684729071,17.34652360493298,20260827
permuted_anchor_pseudo_edge,repository_month,True,832,15.60818102563288,17.34652360493298,20260827
permuted_anchor_pseudo_edge,repository_month,True,833,15.63820822831046,17.34652360493298,20260827
permuted_anchor_pseudo_edge,repository_month,True,834,16.36544249019956,17.34652360493298,20260827
permuted_anchor_pseudo_edge,repository_month,True,835,16.773467543232304,17.34652360493298,20260827
permuted_anchor_pseudo_edge,repository_month,True,836,16.52383507146117,17.34652360493298,20260827
permuted_anchor_pseudo_edge,repository_month,True,837,17.6036416993723,17.34652360493298,20260827
permuted_anchor_pseudo_edge,repository_month,True,838,16.53670674622691,17.34652360493298,20260827
permuted_anchor_pseudo_edge,repository_month,True,839,16.478045272763737,17.34652360493298,20260827
permuted_anchor_pseudo_edge,repository_month,True,840,16.29888588077276,17.34652360493298,20260827
permuted_anchor_pseudo_edge,repository_month,True,841,15.725437442516466,17.34652360493298,20260827
permuted_anchor_pseudo_edge,repository_month,True,842,16.753293945754912,17.34652360493298,20260827
permuted_anchor_pseudo_edge,repository_month,True,843,17.609811514883848,17.34652360493298,20260827
permuted_anchor_pseudo_edge,repository_month,True,844,16.581626666316417,17.34652360493298,20260827
permuted_anchor_pseudo_edge,repository_month,True,845,15.305614788364116,17.34652360493298,20260827
permuted_anchor_pseudo_edge,repository_month,True,846,16.446535304102973,17.34652360493298,20260827
permuted_anchor_pseudo_edge,repository_month,True,847,17.424993013024864,17.34652360493298,20260827
permuted_anchor_pseudo_edge,repository_month,True,848,16.479996388478906,17.34652360493298,20260827
permuted_anchor_pseudo_edge,repository_month,True,849,15.232474434188145,17.34652360493298,20260827
permuted_anchor_pseudo_edge,repository_month,True,850,16.555237298689644,17.34652360493298,20260827
permuted_anchor_pseudo_edge,repository_month,True,851,15.277763128022425,17.34652360493298,20260827
permuted_anchor_pseudo_edge,repository_month,True,852,17.668053728401908,17.34652360493298,20260827
permuted_anchor_pseudo_edge,repository_month,True,853,17.547600050843883,17.34652360493298,20260827
permuted_anchor_pseudo_edge,repository_month,True,854,17.648274707767065,17.34652360493298,20260827
permuted_anchor_pseudo_edge,repository_month,True,855,16.606114701496352,17.34652360493298,20260827
permuted_anchor_pseudo_edge,repository_month,True,856,15.254316521524133,17.34652360493298,20260827
permuted_anchor_pseudo_edge,repository_month,True,857,15.08988883557702,17.34652360493298,20260827
permuted_anchor_pseudo_edge,repository_month,True,858,16.317043599036392,17.34652360493298,20260827
permuted_anchor_pseudo_edge,repository_month,True,859,16.14172375995098,17.34652360493298,20260827
permuted_anchor_pseudo_edge,repository_month,True,860,16.355626020963403,17.34652360493298,20260827
permuted_anchor_pseudo_edge,repository_month,True,861,16.355713253718644,17.34652360493298,20260827
permuted_anchor_pseudo_edge,repository_month,True,862,15.702813372107189,17.34652360493298,20260827
permuted_anchor_pseudo_edge,repository_month,True,863,16.81438485075684,17.34652360493298,20260827
permuted_anchor_pseudo_edge,repository_month,True,864,16.512554683769153,17.34652360493298,20260827
permuted_anchor_pseudo_edge,repository_month,True,865,17.58978804492829,17.34652360493298,20260827
permuted_anchor_pseudo_edge,repository_month,True,866,17.601557107824924,17.34652360493298,20260827
permuted_anchor_pseudo_edge,repository_month,True,867,14.994338123075343,17.34652360493298,20260827
permuted_anchor_pseudo_edge,repository_month,True,868,16.411303317149965,17.34652360493298,20260827
permuted_anchor_pseudo_edge,repository_month,True,869,15.614607687169265,17.34652360493298,20260827
permuted_anchor_pseudo_edge,repository_month,True,870,17.705323658449817,17.34652360493298,20260827
permuted_anchor_pseudo_edge,repository_month,True,871,16.583431299071414,17.34652360493298,20260827
permuted_anchor_pseudo_edge,repository_month,True,872,15.63024572214079,17.34652360493298,20260827
permuted_anchor_pseudo_edge,repository_month,True,873,15.335945566862222,17.34652360493298,20260827
permuted_anchor_pseudo_edge,repository_month,True,874,16.29532857337671,17.34652360493298,20260827
permuted_anchor_pseudo_edge,repository_month,True,875,16.146910503180607,17.34652360493298,20260827
permuted_anchor_pseudo_edge,repository_month,True,876,16.416423167734987,17.34652360493298,20260827
permuted_anchor_pseudo_edge,repository_month,True,877,15.46250173747775,17.34652360493298,20260827
permuted_anchor_pseudo_edge,repository_month,True,878,16.204227283166322,17.34652360493298,20260827
permuted_anchor_pseudo_edge,repository_month,True,879,17.351492256757457,17.34652360493298,20260827
permuted_anchor_pseudo_edge,repository_month,True,880,16.462865074380357,17.34652360493298,20260827
permuted_anchor_pseudo_edge,repository_month,True,881,16.464834289435643,17.34652360493298,20260827
permuted_anchor_pseudo_edge,repository_month,True,882,15.69240691978824,17.34652360493298,20260827
permuted_anchor_pseudo_edge,repository_month,True,883,15.62823102479223,17.34652360493298,20260827
permuted_anchor_pseudo_edge,repository_month,True,884,16.45436859595932,17.34652360493298,20260827
permuted_anchor_pseudo_edge,repository_month,True,885,15.040491201535295,17.34652360493298,20260827
permuted_anchor_pseudo_edge,repository_month,True,886,16.506716522286936,17.34652360493298,20260827
permuted_anchor_pseudo_edge,repository_month,True,887,17.629344821659586,17.34652360493298,20260827
permuted_anchor_pseudo_edge,repository_month,True,888,15.23459744242476,17.34652360493298,20260827
permuted_anchor_pseudo_edge,repository_month,True,889,16.557347571356406,17.34652360493298,20260827
permuted_anchor_pseudo_edge,repository_month,True,890,16.537147309312978,17.34652360493298,20260827
permuted_anchor_pseudo_edge,repository_month,True,891,16.76339232284194,17.34652360493298,20260827
permuted_anchor_pseudo_edge,repository_month,True,892,17.572384901285503,17.34652360493298,20260827
permuted_anchor_pseudo_edge,repository_month,True,893,15.35477965908413,17.34652360493298,20260827
permuted_anchor_pseudo_edge,repository_month,True,894,17.632550153961173,17.34652360493298,20260827
permuted_anchor_pseudo_edge,repository_month,True,895,17.575690179731954,17.34652360493298,20260827
permuted_anchor_pseudo_edge,repository_month,True,896,16.460613964260688,17.34652360493298,20260827
permuted_anchor_pseudo_edge,repository_month,True,897,15.414459722737497,17.34652360493298,20260827
permuted_anchor_pseudo_edge,repository_month,True,898,17.379188111944153,17.34652360493298,20260827
permuted_anchor_pseudo_edge,repository_month,True,899,16.55732137146671,17.34652360493298,20260827
permuted_anchor_pseudo_edge,repository_month,True,900,17.638711141875195,17.34652360493298,20260827
permuted_anchor_pseudo_edge,repository_month,True,901,16.563157288450313,17.34652360493298,20260827
permuted_anchor_pseudo_edge,repository_month,True,902,16.295805309942388,17.34652360493298,20260827
permuted_anchor_pseudo_edge,repository_month,True,903,15.307101650283512,17.34652360493298,20260827
permuted_anchor_pseudo_edge,repository_month,True,904,16.525811698839593,17.34652360493298,20260827
permuted_anchor_pseudo_edge,repository_month,True,905,16.396003001861303,17.34652360493298,20260827
permuted_anchor_pseudo_edge,repository_month,True,906,16.68990894852796,17.34652360493298,20260827
permuted_anchor_pseudo_edge,repository_month,True,907,15.714017497979487,17.34652360493298,20260827
permuted_anchor_pseudo_edge,repository_month,True,908,16.701434029736934,17.34652360493298,20260827
permuted_anchor_pseudo_edge,repository_month,True,909,17.63029790299084,17.34652360493298,20260827
permuted_anchor_pseudo_edge,repository_month,True,910,17.633352969692044,17.34652360493298,20260827
permuted_anchor_pseudo_edge,repository_month,True,911,16.424992620119475,17.34652360493298,20260827
permuted_anchor_pseudo_edge,repository_month,True,912,16.47946379529219,17.34652360493298,20260827
permuted_anchor_pseudo_edge,repository_month,True,913,16.305872273480126,17.34652360493298,20260827
permuted_anchor_pseudo_edge,repository_month,True,914,16.409522303909096,17.34652360493298,20260827
permuted_anchor_pseudo_edge,repository_month,True,915,16.170429956844494,17.34652360493298,20260827
permuted_anchor_pseudo_edge,repository_month,True,916,16.28132286309997,17.34652360493298,20260827
permuted_anchor_pseudo_edge,repository_month,True,917,15.302639337518059,17.34652360493298,20260827
permuted_anchor_pseudo_edge,repository_month,True,918,16.424387966984558,17.34652360493298,20260827
permuted_anchor_pseudo_edge,repository_month,True,919,15.625731892817218,17.34652360493298,20260827
permuted_anchor_pseudo_edge,repository_month,True,920,15.62817508270549,17.34652360493298,20260827
permuted_anchor_pseudo_edge,repository_month,True,921,16.3448717989628,17.34652360493298,20260827
permuted_anchor_pseudo_edge,repository_month,True,922,16.57386812469369,17.34652360493298,20260827
permuted_anchor_pseudo_edge,repository_month,True,923,16.411813021337466,17.34652360493298,20260827
permuted_anchor_pseudo_edge,repository_month,True,924,16.52254143457942,17.34652360493298,20260827
permuted_anchor_pseudo_edge,repository_month,True,925,16.42592566262683,17.34652360493298,20260827
permuted_anchor_pseudo_edge,repository_month,True,926,16.52509709860024,17.34652360493298,20260827
permuted_anchor_pseudo_edge,repository_month,True,927,16.4798290587113,17.34652360493298,20260827
permuted_anchor_pseudo_edge,repository_month,True,928,17.61224236796992,17.34652360493298,20260827
permuted_anchor_pseudo_edge,repository_month,True,929,15.384713293102376,17.34652360493298,20260827
permuted_anchor_pseudo_edge,repository_month,True,930,17.635312529846583,17.34652360493298,20260827
permuted_anchor_pseudo_edge,repository_month,True,931,17.614802811472316,17.34652360493298,20260827
permuted_anchor_pseudo_edge,repository_month,True,932,15.29875579677682,17.34652360493298,20260827
permuted_anchor_pseudo_edge,repository_month,True,933,15.420559093927272,17.34652360493298,20260827
permuted_anchor_pseudo_edge,repository_month,True,934,16.81235679900038,17.34652360493298,20260827
permuted_anchor_pseudo_edge,repository_month,True,935,16.101025161242028,17.34652360493298,20260827
permuted_anchor_pseudo_edge,repository_month,True,936,16.145133428009768,17.34652360493298,20260827
permuted_anchor_pseudo_edge,repository_month,True,937,16.50928919101295,17.34652360493298,20260827
permuted_anchor_pseudo_edge,repository_month,True,938,16.32880267133246,17.34652360493298,20260827
permuted_anchor_pseudo_edge,repository_month,True,939,16.418971203324556,17.34652360493298,20260827
permuted_anchor_pseudo_edge,repository_month,True,940,16.407442464508424,17.34652360493298,20260827
permuted_anchor_pseudo_edge,repository_month,True,941,15.686514458858847,17.34652360493298,20260827
permuted_anchor_pseudo_edge,repository_month,True,942,16.493792099478487,17.34652360493298,20260827
permuted_anchor_pseudo_edge,repository_month,True,943,15.625731892817218,17.34652360493298,20260827
permuted_anchor_pseudo_edge,repository_month,True,944,15.707633726781427,17.34652360493298,20260827
permuted_anchor_pseudo_edge,repository_month,True,945,15.667550848724202,17.34652360493298,20260827
permuted_anchor_pseudo_edge,repository_month,True,946,16.703722692787135,17.34652360493298,20260827
permuted_anchor_pseudo_edge,repository_month,True,947,15.245558960933812,17.34652360493298,20260827
permuted_anchor_pseudo_edge,repository_month,True,948,15.236968867831385,17.34652360493298,20260827
permuted_anchor_pseudo_edge,repository_month,True,949,16.753527185880827,17.34652360493298,20260827
permuted_anchor_pseudo_edge,repository_month,True,950,15.724485028857243,17.34652360493298,20260827
permuted_anchor_pseudo_edge,repository_month,True,951,16.47223334581713,17.34652360493298,20260827
permuted_anchor_pseudo_edge,repository_month,True,952,17.39396168710267,17.34652360493298,20260827
permuted_anchor_pseudo_edge,repository_month,True,953,15.601605168400399,17.34652360493298,20260827
permuted_anchor_pseudo_edge,repository_month,True,954,16.76156080648289,17.34652360493298,20260827
permuted_anchor_pseudo_edge,repository_month,True,955,16.740813573920775,17.34652360493298,20260827
permuted_anchor_pseudo_edge,repository_month,True,956,16.535083433349307,17.34652360493298,20260827
permuted_anchor_pseudo_edge,repository_month,True,957,15.709981134278442,17.34652360493298,20260827
permuted_anchor_pseudo_edge,repository_month,True,958,17.35734531557089,17.34652360493298,20260827
permuted_anchor_pseudo_edge,repository_month,True,959,17.621075433070708,17.34652360493298,20260827
permuted_anchor_pseudo_edge,repository_month,True,960,15.65631279043136,17.34652360493298,20260827
permuted_anchor_pseudo_edge,repository_month,True,961,17.59267273177606,17.34652360493298,20260827
permuted_anchor_pseudo_edge,repository_month,True,962,16.47411858448376,17.34652360493298,20260827
permuted_anchor_pseudo_edge,repository_month,True,963,16.738383977115536,17.34652360493298,20260827
permuted_anchor_pseudo_edge,repository_month,True,964,17.548642574411218,17.34652360493298,20260827
permuted_anchor_pseudo_edge,repository_month,True,965,15.278437506194262,17.34652360493298,20260827
permuted_anchor_pseudo_edge,repository_month,True,966,15.718255069607418,17.34652360493298,20260827
permuted_anchor_pseudo_edge,repository_month,True,967,15.686653374145203,17.34652360493298,20260827
permuted_anchor_pseudo_edge,repository_month,True,968,17.600686361833326,17.34652360493298,20260827
permuted_anchor_pseudo_edge,repository_month,True,969,16.77062751409065,17.34652360493298,20260827
permuted_anchor_pseudo_edge,repository_month,True,970,16.512958941495718,17.34652360493298,20260827
permuted_anchor_pseudo_edge,repository_month,True,971,16.573209209618085,17.34652360493298,20260827
permuted_anchor_pseudo_edge,repository_month,True,972,15.230111364009952,17.34652360493298,20260827
permuted_anchor_pseudo_edge,repository_month,True,973,16.750874271529604,17.34652360493298,20260827
permuted_anchor_pseudo_edge,repository_month,True,974,17.629837900697908,17.34652360493298,20260827
permuted_anchor_pseudo_edge,repository_month,True,975,16.382867294831037,17.34652360493298,20260827
permuted_anchor_pseudo_edge,repository_month,True,976,15.29749232473174,17.34652360493298,20260827
permuted_anchor_pseudo_edge,repository_month,True,977,17.649206845169388,17.34652360493298,20260827
permuted_anchor_pseudo_edge,repository_month,True,978,16.563178622969726,17.34652360493298,20260827
permuted_anchor_pseudo_edge,repository_month,True,979,17.57235557841369,17.34652360493298,20260827
permuted_anchor_pseudo_edge,repository_month,True,980,16.319899435094413,17.34652360493298,20260827
permuted_anchor_pseudo_edge,repository_month,True,981,17.413290147769512,17.34652360493298,20260827
permuted_anchor_pseudo_edge,repository_month,True,982,16.398976551949083,17.34652360493298,20260827
permuted_anchor_pseudo_edge,repository_month,True,983,16.627680070224642,17.34652360493298,20260827
permuted_anchor_pseudo_edge,repository_month,True,984,16.601135731479957,17.34652360493298,20260827
permuted_anchor_pseudo_edge,repository_month,True,985,15.635914726167483,17.34652360493298,20260827
permuted_anchor_pseudo_edge,repository_month,True,986,16.519134206914234,17.34652360493298,20260827
permuted_anchor_pseudo_edge,repository_month,True,987,16.72574738506969,17.34652360493298,20260827
permuted_anchor_pseudo_edge,repository_month,True,988,16.742630067942226,17.34652360493298,20260827
permuted_anchor_pseudo_edge,repository_month,True,989,16.411014197680956,17.34652360493298,20260827
permuted_anchor_pseudo_edge,repository_month,True,990,16.748291262131048,17.34652360493298,20260827
permuted_anchor_pseudo_edge,repository_month,True,991,15.309552319839554,17.34652360493298,20260827
permuted_anchor_pseudo_edge,repository_month,True,992,17.6992980638325,17.34652360493298,20260827
permuted_anchor_pseudo_edge,repository_month,True,993,17.613611152922967,17.34652360493298,20260827
permuted_anchor_pseudo_edge,repository_month,True,994,17.58724778511115,17.34652360493298,20260827
permuted_anchor_pseudo_edge,repository_month,True,995,16.510730721280144,17.34652360493298,20260827
permuted_anchor_pseudo_edge,repository_month,True,996,16.398186278362342,17.34652360493298,20260827
permuted_anchor_pseudo_edge,repository_month,True,997,15.310232226810339,17.34652360493298,20260827
permuted_anchor_pseudo_edge,repository_month,True,998,16.737306009130975,17.34652360493298,20260827
permuted_anchor_pseudo_edge,repository_month,True,999,16.770058871695067,17.34652360493298,20260827
permuted_anchor_pseudo_edge,repository_month,True,1000,17.4025153593907,17.34652360493298,20260827
permuted_anchor_pseudo_edge,repository_month,True,1001,15.38324549199337,17.34652360493298,20260827
permuted_anchor_pseudo_edge,repository_month,True,1002,15.64954206565423,17.34652360493298,20260827
permuted_anchor_pseudo_edge,repository_month,True,1003,16.460021339365085,17.34652360493298,20260827
permuted_anchor_pseudo_edge,repository_month,True,1004,15.261240741993845,17.34652360493298,20260827
permuted_anchor_pseudo_edge,repository_month,True,1005,16.770688567475727,17.34652360493298,20260827
permuted_anchor_pseudo_edge,repository_month,True,1006,16.35682073777913,17.34652360493298,20260827
permuted_anchor_pseudo_edge,repository_month,True,1007,15.655561443649649,17.34652360493298,20260827
permuted_anchor_pseudo_edge,repository_month,True,1008,16.508262914678408,17.34652360493298,20260827
permuted_anchor_pseudo_edge,repository_month,True,1009,16.58689649484057,17.34652360493298,20260827
permuted_anchor_pseudo_edge,repository_month,True,1010,17.44263195221966,17.34652360493298,20260827
permuted_anchor_pseudo_edge,repository_month,True,1011,17.613611152922967,17.34652360493298,20260827
permuted_anchor_pseudo_edge,repository_month,True,1012,16.590133322223082,17.34652360493298,20260827
permuted_anchor_pseudo_edge,repository_month,True,1013,16.56553573510121,17.34652360493298,20260827
permuted_anchor_pseudo_edge,repository_month,True,1014,16.488158457010634,17.34652360493298,20260827
permuted_anchor_pseudo_edge,repository_month,True,1015,16.61687085698236,17.34652360493298,20260827
permuted_anchor_pseudo_edge,repository_month,True,1016,15.636773446575125,17.34652360493298,20260827
permuted_anchor_pseudo_edge,repository_month,True,1017,17.543581034187188,17.34652360493298,20260827
permuted_anchor_pseudo_edge,repository_month,True,1018,16.522576668530466,17.34652360493298,20260827
permuted_anchor_pseudo_edge,repository_month,True,1019,16.5329903713448,17.34652360493298,20260827
permuted_anchor_pseudo_edge,repository_month,True,1020,16.550673195859297,17.34652360493298,20260827
permuted_anchor_pseudo_edge,repository_month,True,1021,16.29007618061583,17.34652360493298,20260827
permuted_anchor_pseudo_edge,repository_month,True,1022,15.253290047085017,17.34652360493298,20260827
permuted_anchor_pseudo_edge,repository_month,True,1023,16.526809910656283,17.34652360493298,20260827
permuted_anchor_pseudo_edge,repository_month,True,1024,16.33458168870964,17.34652360493298,20260827
permuted_anchor_pseudo_edge,repository_month,True,1025,17.585368776453425,17.34652360493298,20260827
permuted_anchor_pseudo_edge,repository_month,True,1026,16.131348412665673,17.34652360493298,20260827
permuted_anchor_pseudo_edge,repository_month,True,1027,16.32197967318887,17.34652360493298,20260827
permuted_anchor_pseudo_edge,repository_month,True,1028,16.712741802606978,17.34652360493298,20260827
permuted_anchor_pseudo_edge,repository_month,True,1029,15.643760884228106,17.34652360493298,20260827
permuted_anchor_pseudo_edge,repository_month,True,1030,15.451935909651295,17.34652360493298,20260827
permuted_anchor_pseudo_edge,repository_month,True,1031,16.47946372818319,17.34652360493298,20260827
permuted_anchor_pseudo_edge,repository_month,True,1032,16.718994541399386,17.34652360493298,20260827
permuted_anchor_pseudo_edge,repository_month,True,1033,16.413649582885466,17.34652360493298,20260827
permuted_anchor_pseudo_edge,repository_month,True,1034,15.420559093927272,17.34652360493298,20260827
permuted_anchor_pseudo_edge,repository_month,True,1035,17.64634558033535,17.34652360493298,20260827
permuted_anchor_pseudo_edge,repository_month,True,1036,17.569690945214138,17.34652360493298,20260827
permuted_anchor_pseudo_edge,repository_month,True,1037,17.364499292279675,17.34652360493298,20260827
permuted_anchor_pseudo_edge,repository_month,True,1038,16.358462087515555,17.34652360493298,20260827
permuted_anchor_pseudo_edge,repository_month,True,1039,16.360796503351597,17.34652360493298,20260827
permuted_anchor_pseudo_edge,repository_month,True,1040,16.47374557039155,17.34652360493298,20260827
permuted_anchor_pseudo_edge,repository_month,True,1041,16.805018135693377,17.34652360493298,20260827
permuted_anchor_pseudo_edge,repository_month,True,1042,15.266247287055515,17.34652360493298,20260827
permuted_anchor_pseudo_edge,repository_month,True,1043,16.5150007740239,17.34652360493298,20260827
permuted_anchor_pseudo_edge,repository_month,True,1044,16.556543077999002,17.34652360493298,20260827
permuted_anchor_pseudo_edge,repository_month,True,1045,17.392204242809104,17.34652360493298,20260827
permuted_anchor_pseudo_edge,repository_month,True,1046,16.761590598190587,17.34652360493298,20260827
permuted_anchor_pseudo_edge,repository_month,True,1047,15.689998406249195,17.34652360493298,20260827
permuted_anchor_pseudo_edge,repository_month,True,1048,16.64190797030122,17.34652360493298,20260827
permuted_anchor_pseudo_edge,repository_month,True,1049,15.481263626983226,17.34652360493298,20260827
permuted_anchor_pseudo_edge,repository_month,True,1050,16.13526208354636,17.34652360493298,20260827
permuted_anchor_pseudo_edge,repository_month,True,1051,16.341501494128433,17.34652360493298,20260827
permuted_anchor_pseudo_edge,repository_month,True,1052,16.505881872518863,17.34652360493298,20260827
permuted_anchor_pseudo_edge,repository_month,True,1053,16.570286314243607,17.34652360493298,20260827
permuted_anchor_pseudo_edge,repository_month,True,1054,16.337116801055405,17.34652360493298,20260827
permuted_anchor_pseudo_edge,repository_month,True,1055,16.716423333837106,17.34652360493298,20260827
permuted_anchor_pseudo_edge,repository_month,True,1056,16.46215669588556,17.34652360493298,20260827
permuted_anchor_pseudo_edge,repository_month,True,1057,17.339708526160784,17.34652360493298,20260827
permuted_anchor_pseudo_edge,repository_month,True,1058,17.65454635851186,17.34652360493298,20260827
permuted_anchor_pseudo_edge,repository_month,True,1059,16.74768980701586,17.34652360493298,20260827
permuted_anchor_pseudo_edge,repository_month,True,1060,16.502598037658302,17.34652360493298,20260827
permuted_anchor_pseudo_edge,repository_month,True,1061,15.271910605470074,17.34652360493298,20260827
permuted_anchor_pseudo_edge,repository_month,True,1062,15.672684111784152,17.34652360493298,20260827
permuted_anchor_pseudo_edge,repository_month,True,1063,15.60611654914571,17.34652360493298,20260827
permuted_anchor_pseudo_edge,repository_month,True,1064,16.536124130631976,17.34652360493298,20260827
permuted_anchor_pseudo_edge,repository_month,True,1065,15.663073906229622,17.34652360493298,20260827
permuted_anchor_pseudo_edge,repository_month,True,1066,15.322663726350342,17.34652360493298,20260827
permuted_anchor_pseudo_edge,repository_month,True,1067,17.626744059322604,17.34652360493298,20260827
permuted_anchor_pseudo_edge,repository_month,True,1068,16.708466140133748,17.34652360493298,20260827
permuted_anchor_pseudo_edge,repository_month,True,1069,15.271233495120576,17.34652360493298,20260827
permuted_anchor_pseudo_edge,repository_month,True,1070,15.041024247636992,17.34652360493298,20260827
permuted_anchor_pseudo_edge,repository_month,True,1071,16.377516820994018,17.34652360493298,20260827
permuted_anchor_pseudo_edge,repository_month,True,1072,15.008044294780884,17.34652360493298,20260827
permuted_anchor_pseudo_edge,repository_month,True,1073,15.307005689215503,17.34652360493298,20260827
permuted_anchor_pseudo_edge,repository_month,True,1074,16.407784570942884,17.34652360493298,20260827
permuted_anchor_pseudo_edge,repository_month,True,1075,15.610262475950085,17.34652360493298,20260827
permuted_anchor_pseudo_edge,repository_month,True,1076,15.283729010533387,17.34652360493298,20260827
permuted_anchor_pseudo_edge,repository_month,True,1077,15.620176486242096,17.34652360493298,20260827
permuted_anchor_pseudo_edge,repository_month,True,1078,17.399867244830382,17.34652360493298,20260827
permuted_anchor_pseudo_edge,repository_month,True,1079,16.40346452060263,17.34652360493298,20260827
permuted_anchor_pseudo_edge,repository_month,True,1080,16.51143258245836,17.34652360493298,20260827
permuted_anchor_pseudo_edge,repository_month,True,1081,15.71207218848266,17.34652360493298,20260827
permuted_anchor_pseudo_edge,repository_month,True,1082,16.86799659531933,17.34652360493298,20260827
permuted_anchor_pseudo_edge,repository_month,True,1083,17.55153622665821,17.34652360493298,20260827
permuted_anchor_pseudo_edge,repository_month,True,1084,16.211443632950047,17.34652360493298,20260827
permuted_anchor_pseudo_edge,repository_month,True,1085,16.587574184265563,17.34652360493298,20260827
permuted_anchor_pseudo_edge,repository_month,True,1086,16.316223312514605,17.34652360493298,20260827
permuted_anchor_pseudo_edge,repository_month,True,1087,16.780832279329935,17.34652360493298,20260827
permuted_anchor_pseudo_edge,repository_month,True,1088,16.77379886862467,17.34652360493298,20260827
permuted_anchor_pseudo_edge,repository_month,True,1089,15.040584258218168,17.34652360493298,20260827
permuted_anchor_pseudo_edge,repository_month,True,1090,16.48367214193433,17.34652360493298,20260827
permuted_anchor_pseudo_edge,repository_month,True,1091,16.488712810689695,17.34652360493298,20260827
permuted_anchor_pseudo_edge,repository_month,True,1092,15.35600876905668,17.34652360493298,20260827
permuted_anchor_pseudo_edge,repository_month,True,1093,17.60987790406721,17.34652360493298,20260827
permuted_anchor_pseudo_edge,repository_month,True,1094,17.447667396786162,17.34652360493298,20260827
permuted_anchor_pseudo_edge,repository_month,True,1095,16.547308906326272,17.34652360493298,20260827
permuted_anchor_pseudo_edge,repository_month,True,1096,16.44605847551083,17.34652360493298,20260827
permuted_anchor_pseudo_edge,repository_month,True,1097,16.36339049402854,17.34652360493298,20260827
permuted_anchor_pseudo_edge,repository_month,True,1098,17.64479645820005,17.34652360493298,20260827
permuted_anchor_pseudo_edge,repository_month,True,1099,15.702020669037145,17.34652360493298,20260827
permuted_anchor_pseudo_edge,repository_month,True,1100,16.58943700590299,17.34652360493298,20260827
permuted_anchor_pseudo_edge,repository_month,True,1101,17.592547244383425,17.34652360493298,20260827
permuted_anchor_pseudo_edge,repository_month,True,1102,16.48586145556908,17.34652360493298,20260827
permuted_anchor_pseudo_edge,repository_month,True,1103,17.387901404004698,17.34652360493298,20260827
permuted_anchor_pseudo_edge,repository_month,True,1104,16.827831479313787,17.34652360493298,20260827
permuted_anchor_pseudo_edge,repository_month,True,1105,17.598394476764724,17.34652360493298,20260827
permuted_anchor_pseudo_edge,repository_month,True,1106,17.626153240257185,17.34652360493298,20260827
permuted_anchor_pseudo_edge,repository_month,True,1107,16.358500295765463,17.34652360493298,20260827
permuted_anchor_pseudo_edge,repository_month,True,1108,17.637955537000177,17.34652360493298,20260827
permuted_anchor_pseudo_edge,repository_month,True,1109,16.741838327079055,17.34652360493298,20260827
permuted_anchor_pseudo_edge,repository_month,True,1110,16.3486568886852,17.34652360493298,20260827
permuted_anchor_pseudo_edge,repository_month,True,1111,17.58068378291016,17.34652360493298,20260827
permuted_anchor_pseudo_edge,repository_month,True,1112,16.330300714201716,17.34652360493298,20260827
permuted_anchor_pseudo_edge,repository_month,True,1113,15.26869072774352,17.34652360493298,20260827
permuted_anchor_pseudo_edge,repository_month,True,1114,16.54618856677351,17.34652360493298,20260827
permuted_anchor_pseudo_edge,repository_month,True,1115,16.54406522233555,17.34652360493298,20260827
permuted_anchor_pseudo_edge,repository_month,True,1116,17.365411553675088,17.34652360493298,20260827
permuted_anchor_pseudo_edge,repository_month,True,1117,15.490573114222153,17.34652360493298,20260827
permuted_anchor_pseudo_edge,repository_month,True,1118,15.220291993660314,17.34652360493298,20260827
permuted_anchor_pseudo_edge,repository_month,True,1119,15.273163679248922,17.34652360493298,20260827
permuted_anchor_pseudo_edge,repository_month,True,1120,15.098482488384215,17.34652360493298,20260827
permuted_anchor_pseudo_edge,repository_month,True,1121,16.542743176040958,17.34652360493298,20260827
permuted_anchor_pseudo_edge,repository_month,True,1122,16.782149325028403,17.34652360493298,20260827
permuted_anchor_pseudo_edge,repository_month,True,1123,15.03379742044306,17.34652360493298,20260827
permuted_anchor_pseudo_edge,repository_month,True,1124,16.7144371486603,17.34652360493298,20260827
permuted_anchor_pseudo_edge,repository_month,True,1125,16.812538231006553,17.34652360493298,20260827
permuted_anchor_pseudo_edge,repository_month,True,1126,15.662680384168052,17.34652360493298,20260827
permuted_anchor_pseudo_edge,repository_month,True,1127,15.28518760999198,17.34652360493298,20260827
permuted_anchor_pseudo_edge,repository_month,True,1128,15.219701407831845,17.34652360493298,20260827
permuted_anchor_pseudo_edge,repository_month,True,1129,17.629837900697908,17.34652360493298,20260827
permuted_anchor_pseudo_edge,repository_month,True,1130,15.441656722972871,17.34652360493298,20260827
permuted_anchor_pseudo_edge,repository_month,True,1131,16.346878159261657,17.34652360493298,20260827
permuted_anchor_pseudo_edge,repository_month,True,1132,17.582991334935315,17.34652360493298,20260827
permuted_anchor_pseudo_edge,repository_month,True,1133,16.542913942193767,17.34652360493298,20260827
permuted_anchor_pseudo_edge,repository_month,True,1134,15.278267026299591,17.34652360493298,20260827
permuted_anchor_pseudo_edge,repository_month,True,1135,15.282395642236315,17.34652360493298,20260827
permuted_anchor_pseudo_edge,repository_month,True,1136,16.531227698566724,17.34652360493298,20260827
permuted_anchor_pseudo_edge,repository_month,True,1137,16.528248439530906,17.34652360493298,20260827
permuted_anchor_pseudo_edge,repository_month,True,1138,16.226775631923466,17.34652360493298,20260827
permuted_anchor_pseudo_edge,repository_month,True,1139,16.459835650929183,17.34652360493298,20260827
permuted_anchor_pseudo_edge,repository_month,True,1140,16.717557284903943,17.34652360493298,20260827
permuted_anchor_pseudo_edge,repository_month,True,1141,17.59516018113923,17.34652360493298,20260827
permuted_anchor_pseudo_edge,repository_month,True,1142,15.69889743562902,17.34652360493298,20260827
permuted_anchor_pseudo_edge,repository_month,True,1143,16.355070059037057,17.34652360493298,20260827
permuted_anchor_pseudo_edge,repository_month,True,1144,15.035335083088924,17.34652360493298,20260827
permuted_anchor_pseudo_edge,repository_month,True,1145,16.362646291182,17.34652360493298,20260827
permuted_anchor_pseudo_edge,repository_month,True,1146,16.53046835997185,17.34652360493298,20260827
permuted_anchor_pseudo_edge,repository_month,True,1147,16.363668038568203,17.34652360493298,20260827
permuted_anchor_pseudo_edge,repository_month,True,1148,17.624072506732936,17.34652360493298,20260827
permuted_anchor_pseudo_edge,repository_month,True,1149,16.33260056574377,17.34652360493298,20260827
permuted_anchor_pseudo_edge,repository_month,True,1150,15.65012309546711,17.34652360493298,20260827
permuted_anchor_pseudo_edge,repository_month,True,1151,17.583801611932945,17.34652360493298,20260827
permuted_anchor_pseudo_edge,repository_month,True,1152,15.042039211100592,17.34652360493298,20260827
permuted_anchor_pseudo_edge,repository_month,True,1153,15.488678770465638,17.34652360493298,20260827
permuted_anchor_pseudo_edge,repository_month,True,1154,16.793701106881816,17.34652360493298,20260827
permuted_anchor_pseudo_edge,repository_month,True,1155,15.623637613600216,17.34652360493298,20260827
permuted_anchor_pseudo_edge,repository_month,True,1156,16.519745732899256,17.34652360493298,20260827
permuted_anchor_pseudo_edge,repository_month,True,1157,15.231685728714181,17.34652360493298,20260827
permuted_anchor_pseudo_edge,repository_month,True,1158,15.65082355346489,17.34652360493298,20260827
permuted_anchor_pseudo_edge,repository_month,True,1159,16.429967285715197,17.34652360493298,20260827
permuted_anchor_pseudo_edge,repository_month,True,1160,15.242911663545572,17.34652360493298,20260827
permuted_anchor_pseudo_edge,repository_month,True,1161,16.429839209542745,17.34652360493298,20260827
permuted_anchor_pseudo_edge,repository_month,True,1162,16.72981503565743,17.34652360493298,20260827
permuted_anchor_pseudo_edge,repository_month,True,1163,17.41019921201273,17.34652360493298,20260827
permuted_anchor_pseudo_edge,repository_month,True,1164,16.30212813518874,17.34652360493298,20260827
permuted_anchor_pseudo_edge,repository_month,True,1165,15.229760306527403,17.34652360493298,20260827
permuted_anchor_pseudo_edge,repository_month,True,1166,16.32144614365089,17.34652360493298,20260827
permuted_anchor_pseudo_edge,repository_month,True,1167,15.292701409221676,17.34652360493298,20260827
permuted_anchor_pseudo_edge,repository_month,True,1168,17.62135578662912,17.34652360493298,20260827
permuted_anchor_pseudo_edge,repository_month,True,1169,15.104176896347049,17.34652360493298,20260827
permuted_anchor_pseudo_edge,repository_month,True,1170,15.673037223413672,17.34652360493298,20260827
permuted_anchor_pseudo_edge,repository_month,True,1171,17.555532119728937,17.34652360493298,20260827
permuted_anchor_pseudo_edge,repository_month,True,1172,15.30814456267355,17.34652360493298,20260827
permuted_anchor_pseudo_edge,repository_month,True,1173,15.044411930968938,17.34652360493298,20260827
permuted_anchor_pseudo_edge,repository_month,True,1174,16.390081902287324,17.34652360493298,20260827
permuted_anchor_pseudo_edge,repository_month,True,1175,15.293627670570558,17.34652360493298,20260827
permuted_anchor_pseudo_edge,repository_month,True,1176,16.68852143647656,17.34652360493298,20260827
permuted_anchor_pseudo_edge,repository_month,True,1177,16.57010661491956,17.34652360493298,20260827
permuted_anchor_pseudo_edge,repository_month,True,1178,15.04301262343057,17.34652360493298,20260827
permuted_anchor_pseudo_edge,repository_month,True,1179,16.405814363089004,17.34652360493298,20260827
permuted_anchor_pseudo_edge,repository_month,True,1180,17.602105079925387,17.34652360493298,20260827
permuted_anchor_pseudo_edge,repository_month,True,1181,16.21161910387751,17.34652360493298,20260827
permuted_anchor_pseudo_edge,repository_month,True,1182,16.53249981636674,17.34652360493298,20260827
permuted_anchor_pseudo_edge,repository_month,True,1183,16.37207788296746,17.34652360493298,20260827
permuted_anchor_pseudo_edge,repository_month,True,1184,17.407634904998666,17.34652360493298,20260827
permuted_anchor_pseudo_edge,repository_month,True,1185,15.227780430935589,17.34652360493298,20260827
permuted_anchor_pseudo_edge,repository_month,True,1186,15.458424076898375,17.34652360493298,20260827
permuted_anchor_pseudo_edge,repository_month,True,1187,16.727433090284947,17.34652360493298,20260827
permuted_anchor_pseudo_edge,repository_month,True,1188,17.549182695659805,17.34652360493298,20260827
permuted_anchor_pseudo_edge,repository_month,True,1189,17.415879243761452,17.34652360493298,20260827
permuted_anchor_pseudo_edge,repository_month,True,1190,15.276598450464023,17.34652360493298,20260827
permuted_anchor_pseudo_edge,repository_month,True,1191,16.38740072887255,17.34652360493298,20260827
permuted_anchor_pseudo_edge,repository_month,True,1192,16.534755529413072,17.34652360493298,20260827
permuted_anchor_pseudo_edge,repository_month,True,1193,16.540961958942088,17.34652360493298,20260827
permuted_anchor_pseudo_edge,repository_month,True,1194,15.623466814185008,17.34652360493298,20260827
permuted_anchor_pseudo_edge,repository_month,True,1195,15.357927323091532,17.34652360493298,20260827
permuted_anchor_pseudo_edge,repository_month,True,1196,17.660554379186337,17.34652360493298,20260827
permuted_anchor_pseudo_edge,repository_month,True,1197,16.708652381136478,17.34652360493298,20260827
permuted_anchor_pseudo_edge,repository_month,True,1198,15.2969480347522,17.34652360493298,20260827
permuted_anchor_pseudo_edge,repository_month,True,1199,15.299061116855778,17.34652360493298,20260827
permuted_anchor_pseudo_edge,repository_month,True,1200,17.541630505228277,17.34652360493298,20260827
permuted_anchor_pseudo_edge,repository_month,True,1201,17.571318612338118,17.34652360493298,20260827
permuted_anchor_pseudo_edge,repository_month,True,1202,17.365721114098317,17.34652360493298,20260827
permuted_anchor_pseudo_edge,repository_month,True,1203,16.38377315577569,17.34652360493298,20260827
permuted_anchor_pseudo_edge,repository_month,True,1204,16.13099353467589,17.34652360493298,20260827
permuted_anchor_pseudo_edge,repository_month,True,1205,15.035739009801421,17.34652360493298,20260827
permuted_anchor_pseudo_edge,repository_month,True,1206,16.762492784249083,17.34652360493298,20260827
permuted_anchor_pseudo_edge,repository_month,True,1207,16.542411728697022,17.34652360493298,20260827
permuted_anchor_pseudo_edge,repository_month,True,1208,16.689728591648663,17.34652360493298,20260827
permuted_anchor_pseudo_edge,repository_month,True,1209,16.56262109236481,17.34652360493298,20260827
permuted_anchor_pseudo_edge,repository_month,True,1210,15.079103726447201,17.34652360493298,20260827
permuted_anchor_pseudo_edge,repository_month,True,1211,16.463705998030086,17.34652360493298,20260827
permuted_anchor_pseudo_edge,repository_month,True,1212,17.415879243761452,17.34652360493298,20260827
permuted_anchor_pseudo_edge,repository_month,True,1213,15.287018506184511,17.34652360493298,20260827
permuted_anchor_pseudo_edge,repository_month,True,1214,15.702434654264936,17.34652360493298,20260827
permuted_anchor_pseudo_edge,repository_month,True,1215,16.409159615208022,17.34652360493298,20260827
permuted_anchor_pseudo_edge,repository_month,True,1216,16.474222650911322,17.34652360493298,20260827
permuted_anchor_pseudo_edge,repository_month,True,1217,16.428801690439908,17.34652360493298,20260827
permuted_anchor_pseudo_edge,repository_month,True,1218,16.0965414677246,17.34652360493298,20260827
permuted_anchor_pseudo_edge,repository_month,True,1219,17.561512828822508,17.34652360493298,20260827
permuted_anchor_pseudo_edge,repository_month,True,1220,17.62651545884109,17.34652360493298,20260827
permuted_anchor_pseudo_edge,repository_month,True,1221,16.496170574124136,17.34652360493298,20260827
permuted_anchor_pseudo_edge,repository_month,True,1222,17.630725056875704,17.34652360493298,20260827
permuted_anchor_pseudo_edge,repository_month,True,1223,16.53361582570576,17.34652360493298,20260827
permuted_anchor_pseudo_edge,repository_month,True,1224,16.265026424703752,17.34652360493298,20260827
permuted_anchor_pseudo_edge,repository_month,True,1225,16.7913259913653,17.34652360493298,20260827
permuted_anchor_pseudo_edge,repository_month,True,1226,17.39064860600308,17.34652360493298,20260827
permuted_anchor_pseudo_edge,repository_month,True,1227,16.521011792673253,17.34652360493298,20260827
permuted_anchor_pseudo_edge,repository_month,True,1228,16.305529417259258,17.34652360493298,20260827
permuted_anchor_pseudo_edge,repository_month,True,1229,16.145445909831896,17.34652360493298,20260827
permuted_anchor_pseudo_edge,repository_month,True,1230,17.351697870698267,17.34652360493298,20260827
permuted_anchor_pseudo_edge,repository_month,True,1231,17.592384079892792,17.34652360493298,20260827
permuted_anchor_pseudo_edge,repository_month,True,1232,16.415191179880885,17.34652360493298,20260827
permuted_anchor_pseudo_edge,repository_month,True,1233,16.764453449887302,17.34652360493298,20260827
permuted_anchor_pseudo_edge,repository_month,True,1234,17.448004362562113,17.34652360493298,20260827
permuted_anchor_pseudo_edge,repository_month,True,1235,15.266102491517724,17.34652360493298,20260827
permuted_anchor_pseudo_edge,repository_month,True,1236,17.617589619127628,17.34652360493298,20260827
permuted_anchor_pseudo_edge,repository_month,True,1237,17.65706292034777,17.34652360493298,20260827
permuted_anchor_pseudo_edge,repository_month,True,1238,15.66325268698752,17.34652360493298,20260827
permuted_anchor_pseudo_edge,repository_month,True,1239,16.15252037647526,17.34652360493298,20260827
permuted_anchor_pseudo_edge,repository_month,True,1240,17.573084450510077,17.34652360493298,20260827
permuted_anchor_pseudo_edge,repository_month,True,1241,15.670335925044437,17.34652360493298,20260827
permuted_anchor_pseudo_edge,repository_month,True,1242,16.577130940913587,17.34652360493298,20260827
permuted_anchor_pseudo_edge,repository_month,True,1243,16.764260157558315,17.34652360493298,20260827
permuted_anchor_pseudo_edge,repository_month,True,1244,15.332649202316794,17.34652360493298,20260827
permuted_anchor_pseudo_edge,repository_month,True,1245,15.702402583495903,17.34652360493298,20260827
permuted_anchor_pseudo_edge,repository_month,True,1246,17.645806659859268,17.34652360493298,20260827
permuted_anchor_pseudo_edge,repository_month,True,1247,16.103314705046675,17.34652360493298,20260827
permuted_anchor_pseudo_edge,repository_month,True,1248,15.25484504310573,17.34652360493298,20260827
permuted_anchor_pseudo_edge,repository_month,True,1249,16.567996416395705,17.34652360493298,20260827
permuted_anchor_pseudo_edge,repository_month,True,1250,16.730436305445483,17.34652360493298,20260827
permuted_anchor_pseudo_edge,repository_month,True,1251,17.671296842596227,17.34652360493298,20260827
permuted_anchor_pseudo_edge,repository_month,True,1252,15.033968991106242,17.34652360493298,20260827
permuted_anchor_pseudo_edge,repository_month,True,1253,16.72338739668085,17.34652360493298,20260827
permuted_anchor_pseudo_edge,repository_month,True,1254,15.075776580963707,17.34652360493298,20260827
permuted_anchor_pseudo_edge,repository_month,True,1255,16.712257157063753,17.34652360493298,20260827
permuted_anchor_pseudo_edge,repository_month,True,1256,16.772763671719304,17.34652360493298,20260827
permuted_anchor_pseudo_edge,repository_month,True,1257,16.12940336648456,17.34652360493298,20260827
permuted_anchor_pseudo_edge,repository_month,True,1258,15.677649173034272,17.34652360493298,20260827
permuted_anchor_pseudo_edge,repository_month,True,1259,15.264170454978979,17.34652360493298,20260827
permuted_anchor_pseudo_edge,repository_month,True,1260,16.563178622969726,17.34652360493298,20260827
permuted_anchor_pseudo_edge,repository_month,True,1261,16.4534873210291,17.34652360493298,20260827
permuted_anchor_pseudo_edge,repository_month,True,1262,16.52124756268106,17.34652360493298,20260827
permuted_anchor_pseudo_edge,repository_month,True,1263,16.3178818776103,17.34652360493298,20260827
permuted_anchor_pseudo_edge,repository_month,True,1264,15.294560251719568,17.34652360493298,20260827
permuted_anchor_pseudo_edge,repository_month,True,1265,16.523295520709183,17.34652360493298,20260827
permuted_anchor_pseudo_edge,repository_month,True,1266,15.732217312581378,17.34652360493298,20260827
permuted_anchor_pseudo_edge,repository_month,True,1267,16.505898888736326,17.34652360493298,20260827
permuted_anchor_pseudo_edge,repository_month,True,1268,16.287556304675956,17.34652360493298,20260827
permuted_anchor_pseudo_edge,repository_month,True,1269,17.39030243908342,17.34652360493298,20260827
permuted_anchor_pseudo_edge,repository_month,True,1270,16.328616944782055,17.34652360493298,20260827
permuted_anchor_pseudo_edge,repository_month,True,1271,16.48709372366226,17.34652360493298,20260827
permuted_anchor_pseudo_edge,repository_month,True,1272,17.364318448523182,17.34652360493298,20260827
permuted_anchor_pseudo_edge,repository_month,True,1273,15.363298966054433,17.34652360493298,20260827
permuted_anchor_pseudo_edge,repository_month,True,1274,17.64987789867727,17.34652360493298,20260827
permuted_anchor_pseudo_edge,repository_month,True,1275,16.54984892503306,17.34652360493298,20260827
permuted_anchor_pseudo_edge,repository_month,True,1276,15.235861883445754,17.34652360493298,20260827
permuted_anchor_pseudo_edge,repository_month,True,1277,17.576411993642235,17.34652360493298,20260827
permuted_anchor_pseudo_edge,repository_month,True,1278,16.153549922940588,17.34652360493298,20260827
permuted_anchor_pseudo_edge,repository_month,True,1279,15.681923320775764,17.34652360493298,20260827
permuted_anchor_pseudo_edge,repository_month,True,1280,16.42807951890722,17.34652360493298,20260827
permuted_anchor_pseudo_edge,repository_month,True,1281,17.604089571701188,17.34652360493298,20260827
permuted_anchor_pseudo_edge,repository_month,True,1282,15.473658235204905,17.34652360493298,20260827
permuted_anchor_pseudo_edge,repository_month,True,1283,16.702059876047464,17.34652360493298,20260827
permuted_anchor_pseudo_edge,repository_month,True,1284,15.60196537835713,17.34652360493298,20260827
permuted_anchor_pseudo_edge,repository_month,True,1285,17.616366598561573,17.34652360493298,20260827
permuted_anchor_pseudo_edge,repository_month,True,1286,16.562250414146426,17.34652360493298,20260827
permuted_anchor_pseudo_edge,repository_month,True,1287,15.407371586012767,17.34652360493298,20260827
permuted_anchor_pseudo_edge,repository_month,True,1288,17.64559264613464,17.34652360493298,20260827
permuted_anchor_pseudo_edge,repository_month,True,1289,15.041309988160348,17.34652360493298,20260827
permuted_anchor_pseudo_edge,repository_month,True,1290,16.204263925745703,17.34652360493298,20260827
permuted_anchor_pseudo_edge,repository_month,True,1291,16.35900794186344,17.34652360493298,20260827
permuted_anchor_pseudo_edge,repository_month,True,1292,16.364743874102064,17.34652360493298,20260827
permuted_anchor_pseudo_edge,repository_month,True,1293,16.323653205397665,17.34652360493298,20260827
permuted_anchor_pseudo_edge,repository_month,True,1294,15.628821055243561,17.34652360493298,20260827
permuted_anchor_pseudo_edge,repository_month,True,1295,17.58989154468961,17.34652360493298,20260827
permuted_anchor_pseudo_edge,repository_month,True,1296,16.321076291521088,17.34652360493298,20260827
permuted_anchor_pseudo_edge,repository_month,True,1297,16.326968316666083,17.34652360493298,20260827
permuted_anchor_pseudo_edge,repository_month,True,1298,16.79544763867671,17.34652360493298,20260827
permuted_anchor_pseudo_edge,repository_month,True,1299,15.645265121607565,17.34652360493298,20260827
permuted_anchor_pseudo_edge,repository_month,True,1300,16.3178818776103,17.34652360493298,20260827
permuted_anchor_pseudo_edge,repository_month,True,1301,16.352792332002817,17.34652360493298,20260827
permuted_anchor_pseudo_edge,repository_month,True,1302,17.650420953009107,17.34652360493298,20260827
permuted_anchor_pseudo_edge,repository_month,True,1303,16.561382919530242,17.34652360493298,20260827
permuted_anchor_pseudo_edge,repository_month,True,1304,15.024965517525638,17.34652360493298,20260827
permuted_anchor_pseudo_edge,repository_month,True,1305,16.74169640503016,17.34652360493298,20260827
permuted_anchor_pseudo_edge,repository_month,True,1306,15.344475044194661,17.34652360493298,20260827
permuted_anchor_pseudo_edge,repository_month,True,1307,15.669330874672244,17.34652360493298,20260827
permuted_anchor_pseudo_edge,repository_month,True,1308,16.80554592667082,17.34652360493298,20260827
permuted_anchor_pseudo_edge,repository_month,True,1309,15.656081794033962,17.34652360493298,20260827
permuted_anchor_pseudo_edge,repository_month,True,1310,15.00385927107718,17.34652360493298,20260827
permuted_anchor_pseudo_edge,repository_month,True,1311,16.494586955782733,17.34652360493298,20260827
permuted_anchor_pseudo_edge,repository_month,True,1312,17.649866148046254,17.34652360493298,20260827
permuted_anchor_pseudo_edge,repository_month,True,1313,16.711590814240584,17.34652360493298,20260827
permuted_anchor_pseudo_edge,repository_month,True,1314,15.017944961023167,17.34652360493298,20260827
permuted_anchor_pseudo_edge,repository_month,True,1315,16.460798912093928,17.34652360493298,20260827
permuted_anchor_pseudo_edge,repository_month,True,1316,16.556345227219644,17.34652360493298,20260827
permuted_anchor_pseudo_edge,repository_month,True,1317,17.614328574629386,17.34652360493298,20260827
permuted_anchor_pseudo_edge,repository_month,True,1318,16.573209209618085,17.34652360493298,20260827
permuted_anchor_pseudo_edge,repository_month,True,1319,15.613045321163696,17.34652360493298,20260827
permuted_anchor_pseudo_edge,repository_month,True,1320,17.614219561363317,17.34652360493298,20260827
permuted_anchor_pseudo_edge,repository_month,True,1321,15.61083185581881,17.34652360493298,20260827
permuted_anchor_pseudo_edge,repository_month,True,1322,16.526601744763358,17.34652360493298,20260827
permuted_anchor_pseudo_edge,repository_month,True,1323,16.742875188883893,17.34652360493298,20260827
permuted_anchor_pseudo_edge,repository_month,True,1324,16.546364976358237,17.34652360493298,20260827
permuted_anchor_pseudo_edge,repository_month,True,1325,16.498133252890405,17.34652360493298,20260827
permuted_anchor_pseudo_edge,repository_month,True,1326,17.646046619185096,17.34652360493298,20260827
permuted_anchor_pseudo_edge,repository_month,True,1327,15.63797896975608,17.34652360493298,20260827
permuted_anchor_pseudo_edge,repository_month,True,1328,16.537147309312978,17.34652360493298,20260827
permuted_anchor_pseudo_edge,repository_month,True,1329,16.347259250294925,17.34652360493298,20260827
permuted_anchor_pseudo_edge,repository_month,True,1330,15.35133442471901,17.34652360493298,20260827
permuted_anchor_pseudo_edge,repository_month,True,1331,15.612873542184866,17.34652360493298,20260827
permuted_anchor_pseudo_edge,repository_month,True,1332,16.53979731327964,17.34652360493298,20260827
permuted_anchor_pseudo_edge,repository_month,True,1333,16.715337218873668,17.34652360493298,20260827
permuted_anchor_pseudo_edge,repository_month,True,1334,16.552634747430307,17.34652360493298,20260827
permuted_anchor_pseudo_edge,repository_month,True,1335,16.551462392153958,17.34652360493298,20260827
permuted_anchor_pseudo_edge,repository_month,True,1336,16.50099973575251,17.34652360493298,20260827
permuted_anchor_pseudo_edge,repository_month,True,1337,17.411767190851464,17.34652360493298,20260827
permuted_anchor_pseudo_edge,repository_month,True,1338,17.640905775663573,17.34652360493298,20260827
permuted_anchor_pseudo_edge,repository_month,True,1339,16.53361582570576,17.34652360493298,20260827
permuted_anchor_pseudo_edge,repository_month,True,1340,15.287018506184511,17.34652360493298,20260827
permuted_anchor_pseudo_edge,repository_month,True,1341,17.635872420921494,17.34652360493298,20260827
permuted_anchor_pseudo_edge,repository_month,True,1342,16.496910750663734,17.34652360493298,20260827
permuted_anchor_pseudo_edge,repository_month,True,1343,16.752396755690967,17.34652360493298,20260827
permuted_anchor_pseudo_edge,repository_month,True,1344,16.548594072491145,17.34652360493298,20260827
permuted_anchor_pseudo_edge,repository_month,True,1345,16.4611312233814,17.34652360493298,20260827
permuted_anchor_pseudo_edge,repository_month,True,1346,15.663652850792985,17.34652360493298,20260827
permuted_anchor_pseudo_edge,repository_month,True,1347,15.450377580272335,17.34652360493298,20260827
permuted_anchor_pseudo_edge,repository_month,True,1348,16.719231127734645,17.34652360493298,20260827
permuted_anchor_pseudo_edge,repository_month,True,1349,15.222349209166705,17.34652360493298,20260827
permuted_anchor_pseudo_edge,repository_month,True,1350,16.547232203897835,17.34652360493298,20260827
permuted_anchor_pseudo_edge,repository_month,True,1351,15.590546041207224,17.34652360493298,20260827
permuted_anchor_pseudo_edge,repository_month,True,1352,17.58106858804951,17.34652360493298,20260827
permuted_anchor_pseudo_edge,repository_month,True,1353,16.520818524211776,17.34652360493298,20260827
permuted_anchor_pseudo_edge,repository_month,True,1354,15.669516935133764,17.34652360493298,20260827
permuted_anchor_pseudo_edge,repository_month,True,1355,16.451585109916937,17.34652360493298,20260827
permuted_anchor_pseudo_edge,repository_month,True,1356,17.60352919399653,17.34652360493298,20260827
permuted_anchor_pseudo_edge,repository_month,True,1357,15.266712575523773,17.34652360493298,20260827
permuted_anchor_pseudo_edge,repository_month,True,1358,15.308559844871713,17.34652360493298,20260827
permuted_anchor_pseudo_edge,repository_month,True,1359,15.2996671358557,17.34652360493298,20260827
permuted_anchor_pseudo_edge,repository_month,True,1360,16.497162742532424,17.34652360493298,20260827
permuted_anchor_pseudo_edge,repository_month,True,1361,15.637487165840177,17.34652360493298,20260827
permuted_anchor_pseudo_edge,repository_month,True,1362,15.282791943753368,17.34652360493298,20260827
permuted_anchor_pseudo_edge,repository_month,True,1363,16.142255185446576,17.34652360493298,20260827
permuted_anchor_pseudo_edge,repository_month,True,1364,15.704948915391856,17.34652360493298,20260827
permuted_anchor_pseudo_edge,repository_month,True,1365,16.77044790008481,17.34652360493298,20260827
permuted_anchor_pseudo_edge,repository_month,True,1366,15.702020669037145,17.34652360493298,20260827
permuted_anchor_pseudo_edge,repository_month,True,1367,16.584877919334787,17.34652360493298,20260827
permuted_anchor_pseudo_edge,repository_month,True,1368,17.583801611932945,17.34652360493298,20260827
permuted_anchor_pseudo_edge,repository_month,True,1369,15.739759939810671,17.34652360493298,20260827
permuted_anchor_pseudo_edge,repository_month,True,1370,17.63229288431254,17.34652360493298,20260827
permuted_anchor_pseudo_edge,repository_month,True,1371,15.602322706229845,17.34652360493298,20260827
permuted_anchor_pseudo_edge,repository_month,True,1372,15.270880982046927,17.34652360493298,20260827
permuted_anchor_pseudo_edge,repository_month,True,1373,16.380103068453415,17.34652360493298,20260827
permuted_anchor_pseudo_edge,repository_month,True,1374,16.52003403667606,17.34652360493298,20260827
permuted_anchor_pseudo_edge,repository_month,True,1375,16.364978798533844,17.34652360493298,20260827
permuted_anchor_pseudo_edge,repository_month,True,1376,16.458358351402204,17.34652360493298,20260827
permuted_anchor_pseudo_edge,repository_month,True,1377,15.243862324788585,17.34652360493298,20260827
permuted_anchor_pseudo_edge,repository_month,True,1378,16.77128602899102,17.34652360493298,20260827
permuted_anchor_pseudo_edge,repository_month,True,1379,16.52216239300116,17.34652360493298,20260827
permuted_anchor_pseudo_edge,repository_month,True,1380,15.675807973943154,17.34652360493298,20260827
permuted_anchor_pseudo_edge,repository_month,True,1381,16.53104750708352,17.34652360493298,20260827
permuted_anchor_pseudo_edge,repository_month,True,1382,15.402061791908809,17.34652360493298,20260827
permuted_anchor_pseudo_edge,repository_month,True,1383,15.731122134370246,17.34652360493298,20260827
permuted_anchor_pseudo_edge,repository_month,True,1384,16.596409785742246,17.34652360493298,20260827
permuted_anchor_pseudo_edge,repository_month,True,1385,16.53608794001766,17.34652360493298,20260827
permuted_anchor_pseudo_edge,repository_month,True,1386,15.332649202316794,17.34652360493298,20260827
permuted_anchor_pseudo_edge,repository_month,True,1387,16.493413193026136,17.34652360493298,20260827
permuted_anchor_pseudo_edge,repository_month,True,1388,15.305331280835027,17.34652360493298,20260827
permuted_anchor_pseudo_edge,repository_month,True,1389,16.134747015774824,17.34652360493298,20260827
permuted_anchor_pseudo_edge,repository_month,True,1390,16.132105909254683,17.34652360493298,20260827
permuted_anchor_pseudo_edge,repository_month,True,1391,15.294652191833066,17.34652360493298,20260827
permuted_anchor_pseudo_edge,repository_month,True,1392,16.392401785868596,17.34652360493298,20260827
permuted_anchor_pseudo_edge,repository_month,True,1393,17.337530530297947,17.34652360493298,20260827
permuted_anchor_pseudo_edge,repository_month,True,1394,16.720764260897635,17.34652360493298,20260827
permuted_anchor_pseudo_edge,repository_month,True,1395,15.278966903324756,17.34652360493298,20260827
permuted_anchor_pseudo_edge,repository_month,True,1396,15.704518227946885,17.34652360493298,20260827
permuted_anchor_pseudo_edge,repository_month,True,1397,16.53542427523052,17.34652360493298,20260827
permuted_anchor_pseudo_edge,repository_month,True,1398,17.625261839054186,17.34652360493298,20260827
permuted_anchor_pseudo_edge,repository_month,True,1399,17.604830315772546,17.34652360493298,20260827
permuted_anchor_pseudo_edge,repository_month,True,1400,15.48623379018735,17.34652360493298,20260827
permuted_anchor_pseudo_edge,repository_month,True,1401,16.77461525619602,17.34652360493298,20260827
permuted_anchor_pseudo_edge,repository_month,True,1402,16.49397399942442,17.34652360493298,20260827
permuted_anchor_pseudo_edge,repository_month,True,1403,16.511241074475063,17.34652360493298,20260827
permuted_anchor_pseudo_edge,repository_month,True,1404,16.497450482889402,17.34652360493298,20260827
permuted_anchor_pseudo_edge,repository_month,True,1405,17.609396818755904,17.34652360493298,20260827
permuted_anchor_pseudo_edge,repository_month,True,1406,16.72987724543535,17.34652360493298,20260827
permuted_anchor_pseudo_edge,repository_month,True,1407,15.63471481192267,17.34652360493298,20260827
permuted_anchor_pseudo_edge,repository_month,True,1408,15.224761606632434,17.34652360493298,20260827
permuted_anchor_pseudo_edge,repository_month,True,1409,16.365334006848027,17.34652360493298,20260827
permuted_anchor_pseudo_edge,repository_month,True,1410,16.48308154050179,17.34652360493298,20260827
permuted_anchor_pseudo_edge,repository_month,True,1411,17.398668182024913,17.34652360493298,20260827
permuted_anchor_pseudo_edge,repository_month,True,1412,15.345269547224602,17.34652360493298,20260827
permuted_anchor_pseudo_edge,repository_month,True,1413,17.67336525274267,17.34652360493298,20260827
permuted_anchor_pseudo_edge,repository_month,True,1414,15.322837460851988,17.34652360493298,20260827
permuted_anchor_pseudo_edge,repository_month,True,1415,15.602141023522384,17.34652360493298,20260827
permuted_anchor_pseudo_edge,repository_month,True,1416,16.506882862871468,17.34652360493298,20260827
permuted_anchor_pseudo_edge,repository_month,True,1417,16.696920802614198,17.34652360493298,20260827
permuted_anchor_pseudo_edge,repository_month,True,1418,16.784684731535343,17.34652360493298,20260827
permuted_anchor_pseudo_edge,repository_month,True,1419,16.11266756666763,17.34652360493298,20260827
permuted_anchor_pseudo_edge,repository_month,True,1420,16.820734363895014,17.34652360493298,20260827
permuted_anchor_pseudo_edge,repository_month,True,1421,16.491972587514272,17.34652360493298,20260827
permuted_anchor_pseudo_edge,repository_month,True,1422,15.70207704175844,17.34652360493298,20260827
permuted_anchor_pseudo_edge,repository_month,True,1423,17.421545806831947,17.34652360493298,20260827
permuted_anchor_pseudo_edge,repository_month,True,1424,15.259014513061492,17.34652360493298,20260827
permuted_anchor_pseudo_edge,repository_month,True,1425,17.557966134935114,17.34652360493298,20260827
permuted_anchor_pseudo_edge,repository_month,True,1426,16.590306978433155,17.34652360493298,20260827
permuted_anchor_pseudo_edge,repository_month,True,1427,15.26419701773316,17.34652360493298,20260827
permuted_anchor_pseudo_edge,repository_month,True,1428,17.68284363016444,17.34652360493298,20260827
permuted_anchor_pseudo_edge,repository_month,True,1429,16.373853535154794,17.34652360493298,20260827
permuted_anchor_pseudo_edge,repository_month,True,1430,16.519680042982976,17.34652360493298,20260827
permuted_anchor_pseudo_edge,repository_month,True,1431,16.369608331840638,17.34652360493298,20260827
permuted_anchor_pseudo_edge,repository_month,True,1432,15.639285398246694,17.34652360493298,20260827
permuted_anchor_pseudo_edge,repository_month,True,1433,16.69500561062281,17.34652360493298,20260827
permuted_anchor_pseudo_edge,repository_month,True,1434,16.32808571550636,17.34652360493298,20260827
permuted_anchor_pseudo_edge,repository_month,True,1435,16.56048644595181,17.34652360493298,20260827
permuted_anchor_pseudo_edge,repository_month,True,1436,16.324264695791634,17.34652360493298,20260827
permuted_anchor_pseudo_edge,repository_month,True,1437,16.3206566914441,17.34652360493298,20260827
permuted_anchor_pseudo_edge,repository_month,True,1438,16.13369792513893,17.34652360493298,20260827
permuted_anchor_pseudo_edge,repository_month,True,1439,16.730604983166334,17.34652360493298,20260827
permuted_anchor_pseudo_edge,repository_month,True,1440,16.80536499117746,17.34652360493298,20260827
permuted_anchor_pseudo_edge,repository_month,True,1441,17.340634027088935,17.34652360493298,20260827
permuted_anchor_pseudo_edge,repository_month,True,1442,15.320094281765773,17.34652360493298,20260827
permuted_anchor_pseudo_edge,repository_month,True,1443,16.680648320131386,17.34652360493298,20260827
permuted_anchor_pseudo_edge,repository_month,True,1444,16.589948275398662,17.34652360493298,20260827
permuted_anchor_pseudo_edge,repository_month,True,1445,15.656081794033962,17.34652360493298,20260827
permuted_anchor_pseudo_edge,repository_month,True,1446,15.42964712310216,17.34652360493298,20260827
permuted_anchor_pseudo_edge,repository_month,True,1447,17.57270207047722,17.34652360493298,20260827
permuted_anchor_pseudo_edge,repository_month,True,1448,16.519134206914234,17.34652360493298,20260827
permuted_anchor_pseudo_edge,repository_month,True,1449,16.538491104824445,17.34652360493298,20260827
permuted_anchor_pseudo_edge,repository_month,True,1450,15.685138365508456,17.34652360493298,20260827
permuted_anchor_pseudo_edge,repository_month,True,1451,16.500981654816794,17.34652360493298,20260827
permuted_anchor_pseudo_edge,repository_month,True,1452,15.623421833418414,17.34652360493298,20260827
permuted_anchor_pseudo_edge,repository_month,True,1453,16.1546378067377,17.34652360493298,20260827
permuted_anchor_pseudo_edge,repository_month,True,1454,15.306726883315196,17.34652360493298,20260827
permuted_anchor_pseudo_edge,repository_month,True,1455,15.388611941190616,17.34652360493298,20260827
permuted_anchor_pseudo_edge,repository_month,True,1456,17.337589982096723,17.34652360493298,20260827
permuted_anchor_pseudo_edge,repository_month,True,1457,17.67934148636095,17.34652360493298,20260827
permuted_anchor_pseudo_edge,repository_month,True,1458,16.40151379080035,17.34652360493298,20260827
permuted_anchor_pseudo_edge,repository_month,True,1459,16.695189570554795,17.34652360493298,20260827
permuted_anchor_pseudo_edge,repository_month,True,1460,16.345047568189703,17.34652360493298,20260827
permuted_anchor_pseudo_edge,repository_month,True,1461,15.008224657065641,17.34652360493298,20260827
permuted_anchor_pseudo_edge,repository_month,True,1462,15.594729808784614,17.34652360493298,20260827
permuted_anchor_pseudo_edge,repository_month,True,1463,16.508488842596584,17.34652360493298,20260827
permuted_anchor_pseudo_edge,repository_month,True,1464,17.593010542774433,17.34652360493298,20260827
permuted_anchor_pseudo_edge,repository_month,True,1465,15.028911594941002,17.34652360493298,20260827
permuted_anchor_pseudo_edge,repository_month,True,1466,16.09548887429773,17.34652360493298,20260827
permuted_anchor_pseudo_edge,repository_month,True,1467,16.759123456745346,17.34652360493298,20260827
permuted_anchor_pseudo_edge,repository_month,True,1468,17.378806917918705,17.34652360493298,20260827
permuted_anchor_pseudo_edge,repository_month,True,1469,16.80308899855453,17.34652360493298,20260827
permuted_anchor_pseudo_edge,repository_month,True,1470,16.706134824183856,17.34652360493298,20260827
permuted_anchor_pseudo_edge,repository_month,True,1471,17.381738772905138,17.34652360493298,20260827
permuted_anchor_pseudo_edge,repository_month,True,1472,16.857967937603014,17.34652360493298,20260827
permuted_anchor_pseudo_edge,repository_month,True,1473,15.602152634448593,17.34652360493298,20260827
permuted_anchor_pseudo_edge,repository_month,True,1474,15.402757149780303,17.34652360493298,20260827
permuted_anchor_pseudo_edge,repository_month,True,1475,17.642176198322684,17.34652360493298,20260827
permuted_anchor_pseudo_edge,repository_month,True,1476,15.093352563373466,17.34652360493298,20260827
permuted_anchor_pseudo_edge,repository_month,True,1477,15.658920021530227,17.34652360493298,20260827
permuted_anchor_pseudo_edge,repository_month,True,1478,16.773136437663634,17.34652360493298,20260827
permuted_anchor_pseudo_edge,repository_month,True,1479,16.468750369120887,17.34652360493298,20260827
permuted_anchor_pseudo_edge,repository_month,True,1480,16.351479160555414,17.34652360493298,20260827
permuted_anchor_pseudo_edge,repository_month,True,1481,16.432241738445185,17.34652360493298,20260827
permuted_anchor_pseudo_edge,repository_month,True,1482,16.37009953752743,17.34652360493298,20260827
permuted_anchor_pseudo_edge,repository_month,True,1483,16.150225653227974,17.34652360493298,20260827
permuted_anchor_pseudo_edge,repository_month,True,1484,15.666740160621941,17.34652360493298,20260827
permuted_anchor_pseudo_edge,repository_month,True,1485,15.611642678599294,17.34652360493298,20260827
permuted_anchor_pseudo_edge,repository_month,True,1486,17.578963587865044,17.34652360493298,20260827
permuted_anchor_pseudo_edge,repository_month,True,1487,16.538220133748315,17.34652360493298,20260827
permuted_anchor_pseudo_edge,repository_month,True,1488,16.278721026092715,17.34652360493298,20260827
permuted_anchor_pseudo_edge,repository_month,True,1489,15.312284786848531,17.34652360493298,20260827
permuted_anchor_pseudo_edge,repository_month,True,1490,16.123477748202994,17.34652360493298,20260827
permuted_anchor_pseudo_edge,repository_month,True,1491,17.651312577299187,17.34652360493298,20260827
permuted_anchor_pseudo_edge,repository_month,True,1492,15.691475908713043,17.34652360493298,20260827
permuted_anchor_pseudo_edge,repository_month,True,1493,17.579197367098683,17.34652360493298,20260827
permuted_anchor_pseudo_edge,repository_month,True,1494,17.402847096947106,17.34652360493298,20260827
permuted_anchor_pseudo_edge,repository_month,True,1495,16.389048006868457,17.34652360493298,20260827
permuted_anchor_pseudo_edge,repository_month,True,1496,15.607634660873979,17.34652360493298,20260827
permuted_anchor_pseudo_edge,repository_month,True,1497,16.103487644527583,17.34652360493298,20260827
permuted_anchor_pseudo_edge,repository_month,True,1498,16.47995319405508,17.34652360493298,20260827
permuted_anchor_pseudo_edge,repository_month,True,1499,16.738404947044998,17.34652360493298,20260827
permuted_anchor_pseudo_edge,repository_month,True,1500,15.690467667446805,17.34652360493298,20260827
permuted_anchor_pseudo_edge,repository_month,True,1501,16.506882862871468,17.34652360493298,20260827
permuted_anchor_pseudo_edge,repository_month,True,1502,15.23459744242476,17.34652360493298,20260827
permuted_anchor_pseudo_edge,repository_month,True,1503,15.310219387101027,17.34652360493298,20260827
permuted_anchor_pseudo_edge,repository_month,True,1504,15.230111364009952,17.34652360493298,20260827
permuted_anchor_pseudo_edge,repository_month,True,1505,17.61412123694363,17.34652360493298,20260827
permuted_anchor_pseudo_edge,repository_month,True,1506,16.39066581584016,17.34652360493298,20260827
permuted_anchor_pseudo_edge,repository_month,True,1507,17.37114783473645,17.34652360493298,20260827
permuted_anchor_pseudo_edge,repository_month,True,1508,16.721913577539766,17.34652360493298,20260827
permuted_anchor_pseudo_edge,repository_month,True,1509,16.46630068941309,17.34652360493298,20260827
permuted_anchor_pseudo_edge,repository_month,True,1510,15.750516811196084,17.34652360493298,20260827
permuted_anchor_pseudo_edge,repository_month,True,1511,16.552115408610472,17.34652360493298,20260827
permuted_anchor_pseudo_edge,repository_month,True,1512,15.685835582742108,17.34652360493298,20260827
permuted_anchor_pseudo_edge,repository_month,True,1513,15.38904713420139,17.34652360493298,20260827
permuted_anchor_pseudo_edge,repository_month,True,1514,16.49972311442384,17.34652360493298,20260827
permuted_anchor_pseudo_edge,repository_month,True,1515,15.296395833166986,17.34652360493298,20260827
permuted_anchor_pseudo_edge,repository_month,True,1516,15.661677435165847,17.34652360493298,20260827
permuted_anchor_pseudo_edge,repository_month,True,1517,17.590241871551402,17.34652360493298,20260827
permuted_anchor_pseudo_edge,repository_month,True,1518,15.623421833418414,17.34652360493298,20260827
permuted_anchor_pseudo_edge,repository_month,True,1519,16.353678572442394,17.34652360493298,20260827
permuted_anchor_pseudo_edge,repository_month,True,1520,17.627330804244146,17.34652360493298,20260827
permuted_anchor_pseudo_edge,repository_month,True,1521,15.058840527079031,17.34652360493298,20260827
permuted_anchor_pseudo_edge,repository_month,True,1522,15.599180836697702,17.34652360493298,20260827
permuted_anchor_pseudo_edge,repository_month,True,1523,15.300845678064153,17.34652360493298,20260827
permuted_anchor_pseudo_edge,repository_month,True,1524,16.390292346440088,17.34652360493298,20260827
permuted_anchor_pseudo_edge,repository_month,True,1525,16.323312709160913,17.34652360493298,20260827
permuted_anchor_pseudo_edge,repository_month,True,1526,16.513868359634536,17.34652360493298,20260827
permuted_anchor_pseudo_edge,repository_month,True,1527,16.784684731535343,17.34652360493298,20260827
permuted_anchor_pseudo_edge,repository_month,True,1528,15.061481373472585,17.34652360493298,20260827
permuted_anchor_pseudo_edge,repository_month,True,1529,16.524967035980815,17.34652360493298,20260827
permuted_anchor_pseudo_edge,repository_month,True,1530,16.77088043783124,17.34652360493298,20260827
permuted_anchor_pseudo_edge,repository_month,True,1531,15.032320746072362,17.34652360493298,20260827
permuted_anchor_pseudo_edge,repository_month,True,1532,16.481170184313918,17.34652360493298,20260827
permuted_anchor_pseudo_edge,repository_month,True,1533,15.27492804086608,17.34652360493298,20260827
permuted_anchor_pseudo_edge,repository_month,True,1534,16.841836580690483,17.34652360493298,20260827
permuted_anchor_pseudo_edge,repository_month,True,1535,15.280245811737087,17.34652360493298,20260827
permuted_anchor_pseudo_edge,repository_month,True,1536,15.709307622532473,17.34652360493298,20260827
permuted_anchor_pseudo_edge,repository_month,True,1537,16.839074935313374,17.34652360493298,20260827
permuted_anchor_pseudo_edge,repository_month,True,1538,16.763128178240557,17.34652360493298,20260827
permuted_anchor_pseudo_edge,repository_month,True,1539,16.687971856499704,17.34652360493298,20260827
permuted_anchor_pseudo_edge,repository_month,True,1540,16.122051688052146,17.34652360493298,20260827
permuted_anchor_pseudo_edge,repository_month,True,1541,16.195517939916893,17.34652360493298,20260827
permuted_anchor_pseudo_edge,repository_month,True,1542,15.655957245984398,17.34652360493298,20260827
permuted_anchor_pseudo_edge,repository_month,True,1543,15.62341636173445,17.34652360493298,20260827
permuted_anchor_pseudo_edge,repository_month,True,1544,16.274564548799578,17.34652360493298,20260827
permuted_anchor_pseudo_edge,repository_month,True,1545,17.582427581314068,17.34652360493298,20260827
permuted_anchor_pseudo_edge,repository_month,True,1546,15.30224183453004,17.34652360493298,20260827
permuted_anchor_pseudo_edge,repository_month,True,1547,15.702955885941824,17.34652360493298,20260827
permuted_anchor_pseudo_edge,repository_month,True,1548,16.177694897719096,17.34652360493298,20260827
permuted_anchor_pseudo_edge,repository_month,True,1549,16.541941694016586,17.34652360493298,20260827
permuted_anchor_pseudo_edge,repository_month,True,1550,16.408781677750767,17.34652360493298,20260827
permuted_anchor_pseudo_edge,repository_month,True,1551,16.458763607325004,17.34652360493298,20260827
permuted_anchor_pseudo_edge,repository_month,True,1552,17.55043618963151,17.34652360493298,20260827
permuted_anchor_pseudo_edge,repository_month,True,1553,16.83873874292471,17.34652360493298,20260827
permuted_anchor_pseudo_edge,repository_month,True,1554,16.517626909907086,17.34652360493298,20260827
permuted_anchor_pseudo_edge,repository_month,True,1555,16.76593435352547,17.34652360493298,20260827
permuted_anchor_pseudo_edge,repository_month,True,1556,16.309698277851293,17.34652360493298,20260827
permuted_anchor_pseudo_edge,repository_month,True,1557,16.4741454023674,17.34652360493298,20260827
permuted_anchor_pseudo_edge,repository_month,True,1558,16.785300818406096,17.34652360493298,20260827
permuted_anchor_pseudo_edge,repository_month,True,1559,16.466680555373802,17.34652360493298,20260827
permuted_anchor_pseudo_edge,repository_month,True,1560,16.425075916056237,17.34652360493298,20260827
permuted_anchor_pseudo_edge,repository_month,True,1561,16.251552403703258,17.34652360493298,20260827
permuted_anchor_pseudo_edge,repository_month,True,1562,16.519680042982976,17.34652360493298,20260827
permuted_anchor_pseudo_edge,repository_month,True,1563,16.4121586600391,17.34652360493298,20260827
permuted_anchor_pseudo_edge,repository_month,True,1564,15.650646717919244,17.34652360493298,20260827
permuted_anchor_pseudo_edge,repository_month,True,1565,15.303169851786588,17.34652360493298,20260827
permuted_anchor_pseudo_edge,repository_month,True,1566,16.259930085403752,17.34652360493298,20260827
permuted_anchor_pseudo_edge,repository_month,True,1567,15.72269465941253,17.34652360493298,20260827
permuted_anchor_pseudo_edge,repository_month,True,1568,15.684058891772596,17.34652360493298,20260827
permuted_anchor_pseudo_edge,repository_month,True,1569,17.666150699407083,17.34652360493298,20260827
permuted_anchor_pseudo_edge,repository_month,True,1570,16.748291262131048,17.34652360493298,20260827
permuted_anchor_pseudo_edge,repository_month,True,1571,15.273446096865456,17.34652360493298,20260827
permuted_anchor_pseudo_edge,repository_month,True,1572,15.002255384196339,17.34652360493298,20260827
permuted_anchor_pseudo_edge,repository_month,True,1573,16.274853019392506,17.34652360493298,20260827
permuted_anchor_pseudo_edge,repository_month,True,1574,15.286357292442855,17.34652360493298,20260827
permuted_anchor_pseudo_edge,repository_month,True,1575,16.567638790763127,17.34652360493298,20260827
permuted_anchor_pseudo_edge,repository_month,True,1576,17.390739805187895,17.34652360493298,20260827
permuted_anchor_pseudo_edge,repository_month,True,1577,15.256040635924956,17.34652360493298,20260827
permuted_anchor_pseudo_edge,repository_month,True,1578,16.84998277607484,17.34652360493298,20260827
permuted_anchor_pseudo_edge,repository_month,True,1579,17.549549128073778,17.34652360493298,20260827
permuted_anchor_pseudo_edge,repository_month,True,1580,16.392583135731957,17.34652360493298,20260827
permuted_anchor_pseudo_edge,repository_month,True,1581,15.299027918147425,17.34652360493298,20260827
permuted_anchor_pseudo_edge,repository_month,True,1582,15.597177361831962,17.34652360493298,20260827
permuted_anchor_pseudo_edge,repository_month,True,1583,15.614000611801723,17.34652360493298,20260827
permuted_anchor_pseudo_edge,repository_month,True,1584,17.699113057926418,17.34652360493298,20260827
permuted_anchor_pseudo_edge,repository_month,True,1585,16.7320609981384,17.34652360493298,20260827
permuted_anchor_pseudo_edge,repository_month,True,1586,15.027100134899223,17.34652360493298,20260827
permuted_anchor_pseudo_edge,repository_month,True,1587,16.347585224030773,17.34652360493298,20260827
permuted_anchor_pseudo_edge,repository_month,True,1588,16.274564548799578,17.34652360493298,20260827
permuted_anchor_pseudo_edge,repository_month,True,1589,15.37107851531649,17.34652360493298,20260827
permuted_anchor_pseudo_edge,repository_month,True,1590,16.473653771883434,17.34652360493298,20260827
permuted_anchor_pseudo_edge,repository_month,True,1591,15.69382611983553,17.34652360493298,20260827
permuted_anchor_pseudo_edge,repository_month,True,1592,15.3119532279569,17.34652360493298,20260827
permuted_anchor_pseudo_edge,repository_month,True,1593,15.654681780064358,17.34652360493298,20260827
permuted_anchor_pseudo_edge,repository_month,True,1594,16.815495587974826,17.34652360493298,20260827
permuted_anchor_pseudo_edge,repository_month,True,1595,16.52276263342157,17.34652360493298,20260827
permuted_anchor_pseudo_edge,repository_month,True,1596,15.408857291626113,17.34652360493298,20260827
permuted_anchor_pseudo_edge,repository_month,True,1597,15.017944961023167,17.34652360493298,20260827
permuted_anchor_pseudo_edge,repository_month,True,1598,16.750295887961318,17.34652360493298,20260827
permuted_anchor_pseudo_edge,repository_month,True,1599,15.461577309089861,17.34652360493298,20260827
permuted_anchor_pseudo_edge,repository_month,True,1600,15.28673836989028,17.34652360493298,20260827
permuted_anchor_pseudo_edge,repository_month,True,1601,16.513596327898846,17.34652360493298,20260827
permuted_anchor_pseudo_edge,repository_month,True,1602,15.046095594097334,17.34652360493298,20260827
permuted_anchor_pseudo_edge,repository_month,True,1603,15.252473009772558,17.34652360493298,20260827
permuted_anchor_pseudo_edge,repository_month,True,1604,16.68618005560924,17.34652360493298,20260827
permuted_anchor_pseudo_edge,repository_month,True,1605,16.785204045420002,17.34652360493298,20260827
permuted_anchor_pseudo_edge,repository_month,True,1606,15.680272358045281,17.34652360493298,20260827
permuted_anchor_pseudo_edge,repository_month,True,1607,16.575089589948785,17.34652360493298,20260827
permuted_anchor_pseudo_edge,repository_month,True,1608,16.52009076866139,17.34652360493298,20260827
permuted_anchor_pseudo_edge,repository_month,True,1609,16.536329203760552,17.34652360493298,20260827
permuted_anchor_pseudo_edge,repository_month,True,1610,15.041493842474743,17.34652360493298,20260827
permuted_anchor_pseudo_edge,repository_month,True,1611,16.379039257905962,17.34652360493298,20260827
permuted_anchor_pseudo_edge,repository_month,True,1612,16.51688503130424,17.34652360493298,20260827
permuted_anchor_pseudo_edge,repository_month,True,1613,17.54371442150583,17.34652360493298,20260827
permuted_anchor_pseudo_edge,repository_month,True,1614,17.362421899479767,17.34652360493298,20260827
permuted_anchor_pseudo_edge,repository_month,True,1615,15.617396197939007,17.34652360493298,20260827
permuted_anchor_pseudo_edge,repository_month,True,1616,16.596409785742246,17.34652360493298,20260827
permuted_anchor_pseudo_edge,repository_month,True,1617,17.39831398209368,17.34652360493298,20260827
permuted_anchor_pseudo_edge,repository_month,True,1618,15.283700654312335,17.34652360493298,20260827
permuted_anchor_pseudo_edge,repository_month,True,1619,15.682971296358335,17.34652360493298,20260827
permuted_anchor_pseudo_edge,repository_month,True,1620,16.790319667941386,17.34652360493298,20260827
permuted_anchor_pseudo_edge,repository_month,True,1621,16.35664196356321,17.34652360493298,20260827
permuted_anchor_pseudo_edge,repository_month,True,1622,15.077216592611931,17.34652360493298,20260827
permuted_anchor_pseudo_edge,repository_month,True,1623,16.211785964612325,17.34652360493298,20260827
permuted_anchor_pseudo_edge,repository_month,True,1624,15.457967572412802,17.34652360493298,20260827
permuted_anchor_pseudo_edge,repository_month,True,1625,15.060742325460769,17.34652360493298,20260827
permuted_anchor_pseudo_edge,repository_month,True,1626,16.519745732899256,17.34652360493298,20260827
permuted_anchor_pseudo_edge,repository_month,True,1627,16.71470884946086,17.34652360493298,20260827
permuted_anchor_pseudo_edge,repository_month,True,1628,16.508488842596584,17.34652360493298,20260827
permuted_anchor_pseudo_edge,repository_month,True,1629,16.479646377934912,17.34652360493298,20260827
permuted_anchor_pseudo_edge,repository_month,True,1630,16.810382675378293,17.34652360493298,20260827
permuted_anchor_pseudo_edge,repository_month,True,1631,16.74975748895174,17.34652360493298,20260827
permuted_anchor_pseudo_edge,repository_month,True,1632,16.743800945094886,17.34652360493298,20260827
permuted_anchor_pseudo_edge,repository_month,True,1633,16.749208814432304,17.34652360493298,20260827
permuted_anchor_pseudo_edge,repository_month,True,1634,16.18285499628655,17.34652360493298,20260827
permuted_anchor_pseudo_edge,repository_month,True,1635,15.687604976383193,17.34652360493298,20260827
permuted_anchor_pseudo_edge,repository_month,True,1636,15.253854162467078,17.34652360493298,20260827
permuted_anchor_pseudo_edge,repository_month,True,1637,16.455021159326723,17.34652360493298,20260827
permuted_anchor_pseudo_edge,repository_month,True,1638,16.802744816365102,17.34652360493298,20260827
permuted_anchor_pseudo_edge,repository_month,True,1639,15.261496908248828,17.34652360493298,20260827
permuted_anchor_pseudo_edge,repository_month,True,1640,15.264722197830485,17.34652360493298,20260827
permuted_anchor_pseudo_edge,repository_month,True,1641,16.39420560637526,17.34652360493298,20260827
permuted_anchor_pseudo_edge,repository_month,True,1642,15.405483555415833,17.34652360493298,20260827
permuted_anchor_pseudo_edge,repository_month,True,1643,16.797689654691546,17.34652360493298,20260827
permuted_anchor_pseudo_edge,repository_month,True,1644,15.343523452694969,17.34652360493298,20260827
permuted_anchor_pseudo_edge,repository_month,True,1645,15.447418569695582,17.34652360493298,20260827
permuted_anchor_pseudo_edge,repository_month,True,1646,17.368881681135687,17.34652360493298,20260827
permuted_anchor_pseudo_edge,repository_month,True,1647,17.544581667851343,17.34652360493298,20260827
permuted_anchor_pseudo_edge,repository_month,True,1648,15.655243313998557,17.34652360493298,20260827
permuted_anchor_pseudo_edge,repository_month,True,1649,15.655385096593962,17.34652360493298,20260827
permuted_anchor_pseudo_edge,repository_month,True,1650,17.351872478871993,17.34652360493298,20260827
permuted_anchor_pseudo_edge,repository_month,True,1651,16.36568636715236,17.34652360493298,20260827
permuted_anchor_pseudo_edge,repository_month,True,1652,16.364970640186378,17.34652360493298,20260827
permuted_anchor_pseudo_edge,repository_month,True,1653,16.08755474113147,17.34652360493298,20260827
permuted_anchor_pseudo_edge,repository_month,True,1654,16.513947373899345,17.34652360493298,20260827
permuted_anchor_pseudo_edge,repository_month,True,1655,15.422704861184632,17.34652360493298,20260827
permuted_anchor_pseudo_edge,repository_month,True,1656,17.63579079279359,17.34652360493298,20260827
permuted_anchor_pseudo_edge,repository_month,True,1657,16.564783822467906,17.34652360493298,20260827
permuted_anchor_pseudo_edge,repository_month,True,1658,15.051826261480944,17.34652360493298,20260827
permuted_anchor_pseudo_edge,repository_month,True,1659,15.056941273783723,17.34652360493298,20260827
permuted_anchor_pseudo_edge,repository_month,True,1660,15.261608312798547,17.34652360493298,20260827
permuted_anchor_pseudo_edge,repository_month,True,1661,15.264170454978979,17.34652360493298,20260827
permuted_anchor_pseudo_edge,repository_month,True,1662,16.486329289756352,17.34652360493298,20260827
permuted_anchor_pseudo_edge,repository_month,True,1663,16.50167724599735,17.34652360493298,20260827
permuted_anchor_pseudo_edge,repository_month,True,1664,16.831377364944363,17.34652360493298,20260827
permuted_anchor_pseudo_edge,repository_month,True,1665,16.170246804685064,17.34652360493298,20260827
permuted_anchor_pseudo_edge,repository_month,True,1666,15.669829016770597,17.34652360493298,20260827
permuted_anchor_pseudo_edge,repository_month,True,1667,16.534755529413072,17.34652360493298,20260827
permuted_anchor_pseudo_edge,repository_month,True,1668,16.49655225919288,17.34652360493298,20260827
permuted_anchor_pseudo_edge,repository_month,True,1669,15.412123672946503,17.34652360493298,20260827
permuted_anchor_pseudo_edge,repository_month,True,1670,17.705323658449817,17.34652360493298,20260827
permuted_anchor_pseudo_edge,repository_month,True,1671,16.51669910494908,17.34652360493298,20260827
permuted_anchor_pseudo_edge,repository_month,True,1672,16.714794136223958,17.34652360493298,20260827
permuted_anchor_pseudo_edge,repository_month,True,1673,16.49874928639019,17.34652360493298,20260827
permuted_anchor_pseudo_edge,repository_month,True,1674,16.204439936226674,17.34652360493298,20260827
permuted_anchor_pseudo_edge,repository_month,True,1675,16.75185202026806,17.34652360493298,20260827
permuted_anchor_pseudo_edge,repository_month,True,1676,16.479424615681012,17.34652360493298,20260827
permuted_anchor_pseudo_edge,repository_month,True,1677,16.533814605593765,17.34652360493298,20260827
permuted_anchor_pseudo_edge,repository_month,True,1678,16.46045577409491,17.34652360493298,20260827
permuted_anchor_pseudo_edge,repository_month,True,1679,16.680510539304755,17.34652360493298,20260827
permuted_anchor_pseudo_edge,repository_month,True,1680,16.525509842769562,17.34652360493298,20260827
permuted_anchor_pseudo_edge,repository_month,True,1681,16.512958941495718,17.34652360493298,20260827
permuted_anchor_pseudo_edge,repository_month,True,1682,16.42388782163269,17.34652360493298,20260827
permuted_anchor_pseudo_edge,repository_month,True,1683,17.590629155575442,17.34652360493298,20260827
permuted_anchor_pseudo_edge,repository_month,True,1684,15.285817363039481,17.34652360493298,20260827
permuted_anchor_pseudo_edge,repository_month,True,1685,16.153549922940588,17.34652360493298,20260827
permuted_anchor_pseudo_edge,repository_month,True,1686,17.648869743983482,17.34652360493298,20260827
permuted_anchor_pseudo_edge,repository_month,True,1687,15.708938792350283,17.34652360493298,20260827
permuted_anchor_pseudo_edge,repository_month,True,1688,17.36648499849034,17.34652360493298,20260827
permuted_anchor_pseudo_edge,repository_month,True,1689,16.532985118967048,17.34652360493298,20260827
permuted_anchor_pseudo_edge,repository_month,True,1690,16.39257634884813,17.34652360493298,20260827
permuted_anchor_pseudo_edge,repository_month,True,1691,16.521815212143306,17.34652360493298,20260827
permuted_anchor_pseudo_edge,repository_month,True,1692,16.398544876528554,17.34652360493298,20260827
permuted_anchor_pseudo_edge,repository_month,True,1693,16.155559620452912,17.34652360493298,20260827
permuted_anchor_pseudo_edge,repository_month,True,1694,16.805960491681127,17.34652360493298,20260827
permuted_anchor_pseudo_edge,repository_month,True,1695,15.343507479645114,17.34652360493298,20260827
permuted_anchor_pseudo_edge,repository_month,True,1696,16.397672005481205,17.34652360493298,20260827
permuted_anchor_pseudo_edge,repository_month,True,1697,15.716347183218904,17.34652360493298,20260827
permuted_anchor_pseudo_edge,repository_month,True,1698,17.348030783504345,17.34652360493298,20260827
permuted_anchor_pseudo_edge,repository_month,True,1699,16.496910750663734,17.34652360493298,20260827
permuted_anchor_pseudo_edge,repository_month,True,1700,15.30120376540118,17.34652360493298,20260827
permuted_anchor_pseudo_edge,repository_month,True,1701,16.418438653912695,17.34652360493298,20260827
permuted_anchor_pseudo_edge,repository_month,True,1702,15.461989936541007,17.34652360493298,20260827
permuted_anchor_pseudo_edge,repository_month,True,1703,15.222608445087957,17.34652360493298,20260827
permuted_anchor_pseudo_edge,repository_month,True,1704,16.381396516986698,17.34652360493298,20260827
permuted_anchor_pseudo_edge,repository_month,True,1705,15.438676552075197,17.34652360493298,20260827
permuted_anchor_pseudo_edge,repository_month,True,1706,16.407784570942884,17.34652360493298,20260827
permuted_anchor_pseudo_edge,repository_month,True,1707,16.354941659854557,17.34652360493298,20260827
permuted_anchor_pseudo_edge,repository_month,True,1708,15.669084666129866,17.34652360493298,20260827
permuted_anchor_pseudo_edge,repository_month,True,1709,16.485866978896386,17.34652360493298,20260827
permuted_anchor_pseudo_edge,repository_month,True,1710,15.26725405702843,17.34652360493298,20260827
permuted_anchor_pseudo_edge,repository_month,True,1711,17.388611208410968,17.34652360493298,20260827
permuted_anchor_pseudo_edge,repository_month,True,1712,16.354882643732115,17.34652360493298,20260827
permuted_anchor_pseudo_edge,repository_month,True,1713,16.793526038177482,17.34652360493298,20260827
permuted_anchor_pseudo_edge,repository_month,True,1714,17.561340370635794,17.34652360493298,20260827
permuted_anchor_pseudo_edge,repository_month,True,1715,16.30742251636314,17.34652360493298,20260827
permuted_anchor_pseudo_edge,repository_month,True,1716,15.276686611223312,17.34652360493298,20260827
permuted_anchor_pseudo_edge,repository_month,True,1717,16.606283234504666,17.34652360493298,20260827
permuted_anchor_pseudo_edge,repository_month,True,1718,16.72717878584876,17.34652360493298,20260827
permuted_anchor_pseudo_edge,repository_month,True,1719,16.438143820316856,17.34652360493298,20260827
permuted_anchor_pseudo_edge,repository_month,True,1720,16.839624910614248,17.34652360493298,20260827
permuted_anchor_pseudo_edge,repository_month,True,1721,16.404189519656434,17.34652360493298,20260827
permuted_anchor_pseudo_edge,repository_month,True,1722,15.301553510326862,17.34652360493298,20260827
permuted_anchor_pseudo_edge,repository_month,True,1723,15.672934043246107,17.34652360493298,20260827
permuted_anchor_pseudo_edge,repository_month,True,1724,15.62325171721508,17.34652360493298,20260827
permuted_anchor_pseudo_edge,repository_month,True,1725,15.703500258568107,17.34652360493298,20260827
permuted_anchor_pseudo_edge,repository_month,True,1726,17.41038621142494,17.34652360493298,20260827
permuted_anchor_pseudo_edge,repository_month,True,1727,16.295037141324368,17.34652360493298,20260827
permuted_anchor_pseudo_edge,repository_month,True,1728,17.56700971384363,17.34652360493298,20260827
permuted_anchor_pseudo_edge,repository_month,True,1729,17.603349652585017,17.34652360493298,20260827
permuted_anchor_pseudo_edge,repository_month,True,1730,16.30542620798329,17.34652360493298,20260827
permuted_anchor_pseudo_edge,repository_month,True,1731,15.053511661087413,17.34652360493298,20260827
permuted_anchor_pseudo_edge,repository_month,True,1732,15.620606735126795,17.34652360493298,20260827
permuted_anchor_pseudo_edge,repository_month,True,1733,15.333541454510199,17.34652360493298,20260827
permuted_anchor_pseudo_edge,repository_month,True,1734,15.296395833166986,17.34652360493298,20260827
permuted_anchor_pseudo_edge,repository_month,True,1735,16.382516576952902,17.34652360493298,20260827
permuted_anchor_pseudo_edge,repository_month,True,1736,16.73904374686181,17.34652360493298,20260827
permuted_anchor_pseudo_edge,repository_month,True,1737,16.31465506105577,17.34652360493298,20260827
permuted_anchor_pseudo_edge,repository_month,True,1738,16.15373024151025,17.34652360493298,20260827
permuted_anchor_pseudo_edge,repository_month,True,1739,15.672939397549035,17.34652360493298,20260827
permuted_anchor_pseudo_edge,repository_month,True,1740,16.239218617780445,17.34652360493298,20260827
permuted_anchor_pseudo_edge,repository_month,True,1741,16.309686637904036,17.34652360493298,20260827
permuted_anchor_pseudo_edge,repository_month,True,1742,15.711222097005672,17.34652360493298,20260827
permuted_anchor_pseudo_edge,repository_month,True,1743,16.09730120609316,17.34652360493298,20260827
permuted_anchor_pseudo_edge,repository_month,True,1744,16.12904921891809,17.34652360493298,20260827
permuted_anchor_pseudo_edge,repository_month,True,1745,17.589718712846505,17.34652360493298,20260827
permuted_anchor_pseudo_edge,repository_month,True,1746,15.505127248293194,17.34652360493298,20260827
permuted_anchor_pseudo_edge,repository_month,True,1747,17.699480734501243,17.34652360493298,20260827
permuted_anchor_pseudo_edge,repository_month,True,1748,16.505382488984193,17.34652360493298,20260827
permuted_anchor_pseudo_edge,repository_month,True,1749,16.357985097576215,17.34652360493298,20260827
permuted_anchor_pseudo_edge,repository_month,True,1750,16.82763983212396,17.34652360493298,20260827
permuted_anchor_pseudo_edge,repository_month,True,1751,15.258024915804992,17.34652360493298,20260827
permuted_anchor_pseudo_edge,repository_month,True,1752,16.398544876528554,17.34652360493298,20260827
permuted_anchor_pseudo_edge,repository_month,True,1753,15.626272457019615,17.34652360493298,20260827
permuted_anchor_pseudo_edge,repository_month,True,1754,15.4215998132995,17.34652360493298,20260827
permuted_anchor_pseudo_edge,repository_month,True,1755,17.6321163393227,17.34652360493298,20260827
permuted_anchor_pseudo_edge,repository_month,True,1756,16.54932518627757,17.34652360493298,20260827
permuted_anchor_pseudo_edge,repository_month,True,1757,17.643409025870433,17.34652360493298,20260827
permuted_anchor_pseudo_edge,repository_month,True,1758,15.318657640002273,17.34652360493298,20260827
permuted_anchor_pseudo_edge,repository_month,True,1759,17.559047912329135,17.34652360493298,20260827
permuted_anchor_pseudo_edge,repository_month,True,1760,16.44594177469247,17.34652360493298,20260827
permuted_anchor_pseudo_edge,repository_month,True,1761,16.53945946079336,17.34652360493298,20260827
permuted_anchor_pseudo_edge,repository_month,True,1762,17.41362978791021,17.34652360493298,20260827
permuted_anchor_pseudo_edge,repository_month,True,1763,16.331008872584153,17.34652360493298,20260827
permuted_anchor_pseudo_edge,repository_month,True,1764,17.571541770424876,17.34652360493298,20260827
permuted_anchor_pseudo_edge,repository_month,True,1765,16.70010582264416,17.34652360493298,20260827
permuted_anchor_pseudo_edge,repository_month,True,1766,16.360640871226686,17.34652360493298,20260827
permuted_anchor_pseudo_edge,repository_month,True,1767,16.50928919101295,17.34652360493298,20260827
permuted_anchor_pseudo_edge,repository_month,True,1768,15.636596526427976,17.34652360493298,20260827
permuted_anchor_pseudo_edge,repository_month,True,1769,16.730654813815665,17.34652360493298,20260827
permuted_anchor_pseudo_edge,repository_month,True,1770,17.61938851281439,17.34652360493298,20260827
permuted_anchor_pseudo_edge,repository_month,True,1771,15.297293450627453,17.34652360493298,20260827
permuted_anchor_pseudo_edge,repository_month,True,1772,15.67987492503784,17.34652360493298,20260827
permuted_anchor_pseudo_edge,repository_month,True,1773,15.444324694227744,17.34652360493298,20260827
permuted_anchor_pseudo_edge,repository_month,True,1774,16.57629026225076,17.34652360493298,20260827
permuted_anchor_pseudo_edge,repository_month,True,1775,16.44039726207521,17.34652360493298,20260827
permuted_anchor_pseudo_edge,repository_month,True,1776,15.706554190812469,17.34652360493298,20260827
permuted_anchor_pseudo_edge,repository_month,True,1777,15.662668952596913,17.34652360493298,20260827
permuted_anchor_pseudo_edge,repository_month,True,1778,15.275976906204711,17.34652360493298,20260827
permuted_anchor_pseudo_edge,repository_month,True,1779,16.145804725716413,17.34652360493298,20260827
permuted_anchor_pseudo_edge,repository_month,True,1780,15.31562032692593,17.34652360493298,20260827
permuted_anchor_pseudo_edge,repository_month,True,1781,15.0017119527504,17.34652360493298,20260827
permuted_anchor_pseudo_edge,repository_month,True,1782,16.387742592793913,17.34652360493298,20260827
permuted_anchor_pseudo_edge,repository_month,True,1783,15.626634470521896,17.34652360493298,20260827
permuted_anchor_pseudo_edge,repository_month,True,1784,15.073826099481973,17.34652360493298,20260827
permuted_anchor_pseudo_edge,repository_month,True,1785,15.378963523643089,17.34652360493298,20260827
permuted_anchor_pseudo_edge,repository_month,True,1786,15.301092378133646,17.34652360493298,20260827
permuted_anchor_pseudo_edge,repository_month,True,1787,15.273345179824046,17.34652360493298,20260827
permuted_anchor_pseudo_edge,repository_month,True,1788,16.480468480325065,17.34652360493298,20260827
permuted_anchor_pseudo_edge,repository_month,True,1789,15.26419701773316,17.34652360493298,20260827
permuted_anchor_pseudo_edge,repository_month,True,1790,16.587267740055438,17.34652360493298,20260827
permuted_anchor_pseudo_edge,repository_month,True,1791,15.235496351423677,17.34652360493298,20260827
permuted_anchor_pseudo_edge,repository_month,True,1792,16.521195571341373,17.34652360493298,20260827
permuted_anchor_pseudo_edge,repository_month,True,1793,16.377588036186555,17.34652360493298,20260827
permuted_anchor_pseudo_edge,repository_month,True,1794,15.068594976351669,17.34652360493298,20260827
permuted_anchor_pseudo_edge,repository_month,True,1795,16.5202209969046,17.34652360493298,20260827
permuted_anchor_pseudo_edge,repository_month,True,1796,16.345626946616118,17.34652360493298,20260827
permuted_anchor_pseudo_edge,repository_month,True,1797,17.55062051632661,17.34652360493298,20260827
permuted_anchor_pseudo_edge,repository_month,True,1798,16.757849970714208,17.34652360493298,20260827
permuted_anchor_pseudo_edge,repository_month,True,1799,16.807803422285623,17.34652360493298,20260827
permuted_anchor_pseudo_edge,repository_month,True,1800,16.513627859476287,17.34652360493298,20260827
permuted_anchor_pseudo_edge,repository_month,True,1801,15.267554867734706,17.34652360493298,20260827
permuted_anchor_pseudo_edge,repository_month,True,1802,16.725561181984478,17.34652360493298,20260827
permuted_anchor_pseudo_edge,repository_month,True,1803,16.40183801025564,17.34652360493298,20260827
permuted_anchor_pseudo_edge,repository_month,True,1804,15.648320583241384,17.34652360493298,20260827
permuted_anchor_pseudo_edge,repository_month,True,1805,16.368761467522145,17.34652360493298,20260827
permuted_anchor_pseudo_edge,repository_month,True,1806,17.382090485666073,17.34652360493298,20260827
permuted_anchor_pseudo_edge,repository_month,True,1807,17.58113221081119,17.34652360493298,20260827
permuted_anchor_pseudo_edge,repository_month,True,1808,15.65271118119055,17.34652360493298,20260827
permuted_anchor_pseudo_edge,repository_month,True,1809,16.356180707153673,17.34652360493298,20260827
permuted_anchor_pseudo_edge,repository_month,True,1810,17.596145768741817,17.34652360493298,20260827
permuted_anchor_pseudo_edge,repository_month,True,1811,16.306530807558275,17.34652360493298,20260827
permuted_anchor_pseudo_edge,repository_month,True,1812,17.68856850582155,17.34652360493298,20260827
permuted_anchor_pseudo_edge,repository_month,True,1813,16.722649406338768,17.34652360493298,20260827
permuted_anchor_pseudo_edge,repository_month,True,1814,15.330783800334864,17.34652360493298,20260827
permuted_anchor_pseudo_edge,repository_month,True,1815,16.705526778127073,17.34652360493298,20260827
permuted_anchor_pseudo_edge,repository_month,True,1816,16.536934508825777,17.34652360493298,20260827
permuted_anchor_pseudo_edge,repository_month,True,1817,15.084310371130744,17.34652360493298,20260827
permuted_anchor_pseudo_edge,repository_month,True,1818,16.744978147470544,17.34652360493298,20260827
permuted_anchor_pseudo_edge,repository_month,True,1819,15.258484973880499,17.34652360493298,20260827
permuted_anchor_pseudo_edge,repository_month,True,1820,15.254675470272666,17.34652360493298,20260827
permuted_anchor_pseudo_edge,repository_month,True,1821,17.56365368653399,17.34652360493298,20260827
permuted_anchor_pseudo_edge,repository_month,True,1822,16.72598384426132,17.34652360493298,20260827
permuted_anchor_pseudo_edge,repository_month,True,1823,16.1739740525051,17.34652360493298,20260827
permuted_anchor_pseudo_edge,repository_month,True,1824,15.648320583241384,17.34652360493298,20260827
permuted_anchor_pseudo_edge,repository_month,True,1825,15.41811112032149,17.34652360493298,20260827
permuted_anchor_pseudo_edge,repository_month,True,1826,16.731772409320126,17.34652360493298,20260827
permuted_anchor_pseudo_edge,repository_month,True,1827,17.672905132809056,17.34652360493298,20260827
permuted_anchor_pseudo_edge,repository_month,True,1828,15.413892501098605,17.34652360493298,20260827
permuted_anchor_pseudo_edge,repository_month,True,1829,16.73062871703718,17.34652360493298,20260827
permuted_anchor_pseudo_edge,repository_month,True,1830,16.500823289577603,17.34652360493298,20260827
permuted_anchor_pseudo_edge,repository_month,True,1831,16.3885185303196,17.34652360493298,20260827
permuted_anchor_pseudo_edge,repository_month,True,1832,16.462685703063094,17.34652360493298,20260827
permuted_anchor_pseudo_edge,repository_month,True,1833,16.32661377539643,17.34652360493298,20260827
permuted_anchor_pseudo_edge,repository_month,True,1834,17.67842050002325,17.34652360493298,20260827
permuted_anchor_pseudo_edge,repository_month,True,1835,15.307448193608284,17.34652360493298,20260827
permuted_anchor_pseudo_edge,repository_month,True,1836,16.495473988445326,17.34652360493298,20260827
permuted_anchor_pseudo_edge,repository_month,True,1837,16.245530713437013,17.34652360493298,20260827
permuted_anchor_pseudo_edge,repository_month,True,1838,16.387347100364146,17.34652360493298,20260827
permuted_anchor_pseudo_edge,repository_month,True,1839,15.602328358242016,17.34652360493298,20260827
permuted_anchor_pseudo_edge,repository_month,True,1840,15.253116509603018,17.34652360493298,20260827
permuted_anchor_pseudo_edge,repository_month,True,1841,17.629997871271165,17.34652360493298,20260827
permuted_anchor_pseudo_edge,repository_month,True,1842,17.604290138669214,17.34652360493298,20260827
permuted_anchor_pseudo_edge,repository_month,True,1843,16.146395129847487,17.34652360493298,20260827
permuted_anchor_pseudo_edge,repository_month,True,1844,16.13099353467589,17.34652360493298,20260827
permuted_anchor_pseudo_edge,repository_month,True,1845,16.76681189519933,17.34652360493298,20260827
permuted_anchor_pseudo_edge,repository_month,True,1846,15.069877009693228,17.34652360493298,20260827
permuted_anchor_pseudo_edge,repository_month,True,1847,17.575479883469278,17.34652360493298,20260827
permuted_anchor_pseudo_edge,repository_month,True,1848,15.63471481192267,17.34652360493298,20260827
permuted_anchor_pseudo_edge,repository_month,True,1849,16.352990868001925,17.34652360493298,20260827
permuted_anchor_pseudo_edge,repository_month,True,1850,16.398781312282185,17.34652360493298,20260827
permuted_anchor_pseudo_edge,repository_month,True,1851,17.644572543569794,17.34652360493298,20260827
permuted_anchor_pseudo_edge,repository_month,True,1852,16.298403229488052,17.34652360493298,20260827
permuted_anchor_pseudo_edge,repository_month,True,1853,16.806311893335238,17.34652360493298,20260827
permuted_anchor_pseudo_edge,repository_month,True,1854,15.424310159469712,17.34652360493298,20260827
permuted_anchor_pseudo_edge,repository_month,True,1855,15.330324517023852,17.34652360493298,20260827
permuted_anchor_pseudo_edge,repository_month,True,1856,17.60139167645246,17.34652360493298,20260827
permuted_anchor_pseudo_edge,repository_month,True,1857,15.256008194600934,17.34652360493298,20260827
permuted_anchor_pseudo_edge,repository_month,True,1858,17.569841241168184,17.34652360493298,20260827
permuted_anchor_pseudo_edge,repository_month,True,1859,17.577049864183593,17.34652360493298,20260827
permuted_anchor_pseudo_edge,repository_month,True,1860,16.565590104336714,17.34652360493298,20260827
permuted_anchor_pseudo_edge,repository_month,True,1861,16.788383903920185,17.34652360493298,20260827
permuted_anchor_pseudo_edge,repository_month,True,1862,16.694510840743263,17.34652360493298,20260827
permuted_anchor_pseudo_edge,repository_month,True,1863,15.721843019580433,17.34652360493298,20260827
permuted_anchor_pseudo_edge,repository_month,True,1864,17.626499567215436,17.34652360493298,20260827
permuted_anchor_pseudo_edge,repository_month,True,1865,15.407794002238523,17.34652360493298,20260827
permuted_anchor_pseudo_edge,repository_month,True,1866,16.316824206097944,17.34652360493298,20260827
permuted_anchor_pseudo_edge,repository_month,True,1867,16.73214125304155,17.34652360493298,20260827
permuted_anchor_pseudo_edge,repository_month,True,1868,15.032736574191876,17.34652360493298,20260827
permuted_anchor_pseudo_edge,repository_month,True,1869,16.520322866330815,17.34652360493298,20260827
permuted_anchor_pseudo_edge,repository_month,True,1870,17.598127952789856,17.34652360493298,20260827
permuted_anchor_pseudo_edge,repository_month,True,1871,17.653871132273185,17.34652360493298,20260827
permuted_anchor_pseudo_edge,repository_month,True,1872,16.356002512312095,17.34652360493298,20260827
permuted_anchor_pseudo_edge,repository_month,True,1873,17.569690945214138,17.34652360493298,20260827
permuted_anchor_pseudo_edge,repository_month,True,1874,15.661961068852689,17.34652360493298,20260827
permuted_anchor_pseudo_edge,repository_month,True,1875,16.145133428009768,17.34652360493298,20260827
permuted_anchor_pseudo_edge,repository_month,True,1876,17.60004943312287,17.34652360493298,20260827
permuted_anchor_pseudo_edge,repository_month,True,1877,16.162634598774595,17.34652360493298,20260827
permuted_anchor_pseudo_edge,repository_month,True,1878,16.098176958871537,17.34652360493298,20260827
permuted_anchor_pseudo_edge,repository_month,True,1879,17.643378907411396,17.34652360493298,20260827
permuted_anchor_pseudo_edge,repository_month,True,1880,16.49418755169422,17.34652360493298,20260827
permuted_anchor_pseudo_edge,repository_month,True,1881,17.586893953434885,17.34652360493298,20260827
permuted_anchor_pseudo_edge,repository_month,True,1882,16.29572824806667,17.34652360493298,20260827
permuted_anchor_pseudo_edge,repository_month,True,1883,15.709796961992708,17.34652360493298,20260827
permuted_anchor_pseudo_edge,repository_month,True,1884,15.664969653296746,17.34652360493298,20260827
permuted_anchor_pseudo_edge,repository_month,True,1885,15.386196147875172,17.34652360493298,20260827
permuted_anchor_pseudo_edge,repository_month,True,1886,15.633644955974235,17.34652360493298,20260827
permuted_anchor_pseudo_edge,repository_month,True,1887,16.50133021345154,17.34652360493298,20260827
permuted_anchor_pseudo_edge,repository_month,True,1888,16.41113280794359,17.34652360493298,20260827
permuted_anchor_pseudo_edge,repository_month,True,1889,16.49090995624465,17.34652360493298,20260827
permuted_anchor_pseudo_edge,repository_month,True,1890,16.317711130207414,17.34652360493298,20260827
permuted_anchor_pseudo_edge,repository_month,True,1891,15.30976098208095,17.34652360493298,20260827
permuted_anchor_pseudo_edge,repository_month,True,1892,15.608734164490487,17.34652360493298,20260827
permuted_anchor_pseudo_edge,repository_month,True,1893,17.413426791119978,17.34652360493298,20260827
permuted_anchor_pseudo_edge,repository_month,True,1894,15.44510175375188,17.34652360493298,20260827
permuted_anchor_pseudo_edge,repository_month,True,1895,15.437063900189443,17.34652360493298,20260827
permuted_anchor_pseudo_edge,repository_month,True,1896,15.289497204145178,17.34652360493298,20260827
permuted_anchor_pseudo_edge,repository_month,True,1897,16.68937466333508,17.34652360493298,20260827
permuted_anchor_pseudo_edge,repository_month,True,1898,15.30224183453004,17.34652360493298,20260827
permuted_anchor_pseudo_edge,repository_month,True,1899,16.510962575739548,17.34652360493298,20260827
permuted_anchor_pseudo_edge,repository_month,True,1900,15.24546710196234,17.34652360493298,20260827
permuted_anchor_pseudo_edge,repository_month,True,1901,17.6515926514084,17.34652360493298,20260827
permuted_anchor_pseudo_edge,repository_month,True,1902,16.798496530991464,17.34652360493298,20260827
permuted_anchor_pseudo_edge,repository_month,True,1903,15.274419557371138,17.34652360493298,20260827
permuted_anchor_pseudo_edge,repository_month,True,1904,16.395608768855997,17.34652360493298,20260827
permuted_anchor_pseudo_edge,repository_month,True,1905,16.35918419048218,17.34652360493298,20260827
permuted_anchor_pseudo_edge,repository_month,True,1906,15.70556917192674,17.34652360493298,20260827
permuted_anchor_pseudo_edge,repository_month,True,1907,16.246054686275947,17.34652360493298,20260827
permuted_anchor_pseudo_edge,repository_month,True,1908,16.724525697492858,17.34652360493298,20260827
permuted_anchor_pseudo_edge,repository_month,True,1909,16.313592119176622,17.34652360493298,20260827
permuted_anchor_pseudo_edge,repository_month,True,1910,15.274588355697837,17.34652360493298,20260827
permuted_anchor_pseudo_edge,repository_month,True,1911,15.343877695624656,17.34652360493298,20260827
permuted_anchor_pseudo_edge,repository_month,True,1912,15.632137458011528,17.34652360493298,20260827
permuted_anchor_pseudo_edge,repository_month,True,1913,16.18337471487995,17.34652360493298,20260827
permuted_anchor_pseudo_edge,repository_month,True,1914,16.48018608616568,17.34652360493298,20260827
permuted_anchor_pseudo_edge,repository_month,True,1915,15.628976618066787,17.34652360493298,20260827
permuted_anchor_pseudo_edge,repository_month,True,1916,16.60299893204421,17.34652360493298,20260827
permuted_anchor_pseudo_edge,repository_month,True,1917,16.81541378174723,17.34652360493298,20260827
permuted_anchor_pseudo_edge,repository_month,True,1918,17.604225349040828,17.34652360493298,20260827
permuted_anchor_pseudo_edge,repository_month,True,1919,15.254228874279937,17.34652360493298,20260827
permuted_anchor_pseudo_edge,repository_month,True,1920,16.163002609847894,17.34652360493298,20260827
permuted_anchor_pseudo_edge,repository_month,True,1921,16.18337471487995,17.34652360493298,20260827
permuted_anchor_pseudo_edge,repository_month,True,1922,17.59509007208355,17.34652360493298,20260827
permuted_anchor_pseudo_edge,repository_month,True,1923,17.546704036573637,17.34652360493298,20260827
permuted_anchor_pseudo_edge,repository_month,True,1924,17.638184535299644,17.34652360493298,20260827
permuted_anchor_pseudo_edge,repository_month,True,1925,16.286835627302516,17.34652360493298,20260827
permuted_anchor_pseudo_edge,repository_month,True,1926,16.321017228149117,17.34652360493298,20260827
permuted_anchor_pseudo_edge,repository_month,True,1927,15.633590913915532,17.34652360493298,20260827
permuted_anchor_pseudo_edge,repository_month,True,1928,17.570033623630028,17.34652360493298,20260827
permuted_anchor_pseudo_edge,repository_month,True,1929,16.72002881890726,17.34652360493298,20260827
permuted_anchor_pseudo_edge,repository_month,True,1930,15.47045008862292,17.34652360493298,20260827
permuted_anchor_pseudo_edge,repository_month,True,1931,15.029916898309567,17.34652360493298,20260827
permuted_anchor_pseudo_edge,repository_month,True,1932,15.608192864147256,17.34652360493298,20260827
permuted_anchor_pseudo_edge,repository_month,True,1933,16.744873859009456,17.34652360493298,20260827
permuted_anchor_pseudo_edge,repository_month,True,1934,16.297750850881624,17.34652360493298,20260827
permuted_anchor_pseudo_edge,repository_month,True,1935,15.666025661955166,17.34652360493298,20260827
permuted_anchor_pseudo_edge,repository_month,True,1936,15.655771002795227,17.34652360493298,20260827
permuted_anchor_pseudo_edge,repository_month,True,1937,15.226025451632562,17.34652360493298,20260827
permuted_anchor_pseudo_edge,repository_month,True,1938,15.328697932259844,17.34652360493298,20260827
permuted_anchor_pseudo_edge,repository_month,True,1939,16.39275558514932,17.34652360493298,20260827
permuted_anchor_pseudo_edge,repository_month,True,1940,16.39616835691774,17.34652360493298,20260827
permuted_anchor_pseudo_edge,repository_month,True,1941,16.46546249447521,17.34652360493298,20260827
permuted_anchor_pseudo_edge,repository_month,True,1942,16.574201888219513,17.34652360493298,20260827
permuted_anchor_pseudo_edge,repository_month,True,1943,16.49633781076233,17.34652360493298,20260827
permuted_anchor_pseudo_edge,repository_month,True,1944,16.528044372939085,17.34652360493298,20260827
permuted_anchor_pseudo_edge,repository_month,True,1945,15.357205901622217,17.34652360493298,20260827
permuted_anchor_pseudo_edge,repository_month,True,1946,16.54404062818462,17.34652360493298,20260827
permuted_anchor_pseudo_edge,repository_month,True,1947,16.411303317149965,17.34652360493298,20260827
permuted_anchor_pseudo_edge,repository_month,True,1948,17.365885633488187,17.34652360493298,20260827
permuted_anchor_pseudo_edge,repository_month,True,1949,16.173618129759177,17.34652360493298,20260827
permuted_anchor_pseudo_edge,repository_month,True,1950,16.51417288219503,17.34652360493298,20260827
permuted_anchor_pseudo_edge,repository_month,True,1951,16.466620456347172,17.34652360493298,20260827
permuted_anchor_pseudo_edge,repository_month,True,1952,16.52216239300116,17.34652360493298,20260827
permuted_anchor_pseudo_edge,repository_month,True,1953,17.606515398730956,17.34652360493298,20260827
permuted_anchor_pseudo_edge,repository_month,True,1954,15.306174669334252,17.34652360493298,20260827
permuted_anchor_pseudo_edge,repository_month,True,1955,16.405424107133186,17.34652360493298,20260827
permuted_anchor_pseudo_edge,repository_month,True,1956,17.629423314545388,17.34652360493298,20260827
permuted_anchor_pseudo_edge,repository_month,True,1957,17.6084355770572,17.34652360493298,20260827
permuted_anchor_pseudo_edge,repository_month,True,1958,15.69736447852493,17.34652360493298,20260827
permuted_anchor_pseudo_edge,repository_month,True,1959,16.525974726975555,17.34652360493298,20260827
permuted_anchor_pseudo_edge,repository_month,True,1960,17.437128740368575,17.34652360493298,20260827
permuted_anchor_pseudo_edge,repository_month,True,1961,17.645892381651578,17.34652360493298,20260827
permuted_anchor_pseudo_edge,repository_month,True,1962,15.058743120761392,17.34652360493298,20260827
permuted_anchor_pseudo_edge,repository_month,True,1963,15.634191159718986,17.34652360493298,20260827
permuted_anchor_pseudo_edge,repository_month,True,1964,16.773114813155757,17.34652360493298,20260827
permuted_anchor_pseudo_edge,repository_month,True,1965,16.841054029878464,17.34652360493298,20260827
permuted_anchor_pseudo_edge,repository_month,True,1966,17.376375742537736,17.34652360493298,20260827
permuted_anchor_pseudo_edge,repository_month,True,1967,17.389721662605094,17.34652360493298,20260827
permuted_anchor_pseudo_edge,repository_month,True,1968,16.790849847057245,17.34652360493298,20260827
permuted_anchor_pseudo_edge,repository_month,True,1969,16.729448375349996,17.34652360493298,20260827
permuted_anchor_pseudo_edge,repository_month,True,1970,16.758545686623677,17.34652360493298,20260827
permuted_anchor_pseudo_edge,repository_month,True,1971,16.752213892975256,17.34652360493298,20260827
permuted_anchor_pseudo_edge,repository_month,True,1972,17.635974473886122,17.34652360493298,20260827
permuted_anchor_pseudo_edge,repository_month,True,1973,16.124373895412887,17.34652360493298,20260827
permuted_anchor_pseudo_edge,repository_month,True,1974,15.291375742527224,17.34652360493298,20260827
permuted_anchor_pseudo_edge,repository_month,True,1975,15.72079354442964,17.34652360493298,20260827
permuted_anchor_pseudo_edge,repository_month,True,1976,16.5033050045199,17.34652360493298,20260827
permuted_anchor_pseudo_edge,repository_month,True,1977,15.266070859903078,17.34652360493298,20260827
permuted_anchor_pseudo_edge,repository_month,True,1978,17.373971928140435,17.34652360493298,20260827
permuted_anchor_pseudo_edge,repository_month,True,1979,15.643648141101849,17.34652360493298,20260827
permuted_anchor_pseudo_edge,repository_month,True,1980,16.09635663568521,17.34652360493298,20260827
permuted_anchor_pseudo_edge,repository_month,True,1981,15.699070950447801,17.34652360493298,20260827
permuted_anchor_pseudo_edge,repository_month,True,1982,16.54961990156186,17.34652360493298,20260827
permuted_anchor_pseudo_edge,repository_month,True,1983,17.580865495529462,17.34652360493298,20260827
permuted_anchor_pseudo_edge,repository_month,True,1984,16.694967452947935,17.34652360493298,20260827
permuted_anchor_pseudo_edge,repository_month,True,1985,16.45246691749771,17.34652360493298,20260827
permuted_anchor_pseudo_edge,repository_month,True,1986,15.410311851539069,17.34652360493298,20260827
permuted_anchor_pseudo_edge,repository_month,True,1987,16.83998727431246,17.34652360493298,20260827
permuted_anchor_pseudo_edge,repository_month,True,1988,16.472054262591325,17.34652360493298,20260827
permuted_anchor_pseudo_edge,repository_month,True,1989,15.682893445606599,17.34652360493298,20260827
permuted_anchor_pseudo_edge,repository_month,True,1990,17.368484519481335,17.34652360493298,20260827
permuted_anchor_pseudo_edge,repository_month,True,1991,16.42190264564003,17.34652360493298,20260827
permuted_anchor_pseudo_edge,repository_month,True,1992,17.388965076448063,17.34652360493298,20260827
permuted_anchor_pseudo_edge,repository_month,True,1993,15.381037908692981,17.34652360493298,20260827
permuted_anchor_pseudo_edge,repository_month,True,1994,16.239050214923527,17.34652360493298,20260827
permuted_anchor_pseudo_edge,repository_month,True,1995,15.582412887599453,17.34652360493298,20260827
permuted_anchor_pseudo_edge,repository_month,True,1996,16.72931840710982,17.34652360493298,20260827
permuted_anchor_pseudo_edge,repository_month,True,1997,16.367258130335337,17.34652360493298,20260827
permuted_anchor_pseudo_edge,repository_month,True,1998,15.434344734076417,17.34652360493298,20260827
permuted_anchor_pseudo_edge,repository_month,True,1999,16.406833361594465,17.34652360493298,20260827
permuted_anchor_pseudo_edge,repository_month,True,2000,15.62076503848536,17.34652360493298,20260827
permuted_anchor_pseudo_edge,repository,False,1,14.52890856259073,17.34652360493298,20260827
permuted_anchor_pseudo_edge,repository,False,2,16.408615221915248,17.34652360493298,20260827
permuted_anchor_pseudo_edge,repository,False,3,15.98148354177936,17.34652360493298,20260827
permuted_anchor_pseudo_edge,repository,False,4,16.891335384799003,17.34652360493298,20260827
permuted_anchor_pseudo_edge,repository,False,5,14.891435024156523,17.34652360493298,20260827
permuted_anchor_pseudo_edge,repository,False,6,16.39805388963155,17.34652360493298,20260827
permuted_anchor_pseudo_edge,repository,False,7,13.058990266727221,17.34652360493298,20260827
permuted_anchor_pseudo_edge,repository,False,8,14.561721071373041,17.34652360493298,20260827
permuted_anchor_pseudo_edge,repository,False,9,17.413883279707274,17.34652360493298,20260827
permuted_anchor_pseudo_edge,repository,False,10,12.566099020290574,17.34652360493298,20260827
permuted_anchor_pseudo_edge,repository,False,11,18.120749917021364,17.34652360493298,20260827
permuted_anchor_pseudo_edge,repository,False,12,12.20990263711992,17.34652360493298,20260827
permuted_anchor_pseudo_edge,repository,False,13,16.824647454166612,17.34652360493298,20260827
permuted_anchor_pseudo_edge,repository,False,14,12.74952553132929,17.34652360493298,20260827
permuted_anchor_pseudo_edge,repository,False,15,14.657714715235498,17.34652360493298,20260827
permuted_anchor_pseudo_edge,repository,False,16,17.17889403739468,17.34652360493298,20260827
permuted_anchor_pseudo_edge,repository,False,17,18.420898545116916,17.34652360493298,20260827
permuted_anchor_pseudo_edge,repository,False,18,15.822240220850492,17.34652360493298,20260827
permuted_anchor_pseudo_edge,repository,False,19,13.151303266583877,17.34652360493298,20260827
permuted_anchor_pseudo_edge,repository,False,20,15.695918076505228,17.34652360493298,20260827
permuted_anchor_pseudo_edge,repository,False,21,15.374825570953934,17.34652360493298,20260827
permuted_anchor_pseudo_edge,repository,False,22,15.167170856969689,17.34652360493298,20260827
permuted_anchor_pseudo_edge,repository,False,23,13.405282331457743,17.34652360493298,20260827
permuted_anchor_pseudo_edge,repository,False,24,15.744459079404315,17.34652360493298,20260827
permuted_anchor_pseudo_edge,repository,False,25,12.065207128291897,17.34652360493298,20260827
permuted_anchor_pseudo_edge,repository,False,26,13.769371850746845,17.34652360493298,20260827
permuted_anchor_pseudo_edge,repository,False,27,13.191443817862442,17.34652360493298,20260827
permuted_anchor_pseudo_edge,repository,False,28,17.72548270220895,17.34652360493298,20260827
permuted_anchor_pseudo_edge,repository,False,29,14.70967915295079,17.34652360493298,20260827
permuted_anchor_pseudo_edge,repository,False,30,11.254582128194308,17.34652360493298,20260827
permuted_anchor_pseudo_edge,repository,False,31,14.173030501088165,17.34652360493298,20260827
permuted_anchor_pseudo_edge,repository,False,32,17.21493805877602,17.34652360493298,20260827
permuted_anchor_pseudo_edge,repository,False,33,10.560957570176065,17.34652360493298,20260827
permuted_anchor_pseudo_edge,repository,False,34,16.746866441902778,17.34652360493298,20260827
permuted_anchor_pseudo_edge,repository,False,35,15.837051396942051,17.34652360493298,20260827
permuted_anchor_pseudo_edge,repository,False,36,12.257729669501096,17.34652360493298,20260827
permuted_anchor_pseudo_edge,repository,False,37,14.785884440503322,17.34652360493298,20260827
permuted_anchor_pseudo_edge,repository,False,38,12.814604090647972,17.34652360493298,20260827
permuted_anchor_pseudo_edge,repository,False,39,15.640527098236912,17.34652360493298,20260827
permuted_anchor_pseudo_edge,repository,False,40,12.18216467782949,17.34652360493298,20260827
permuted_anchor_pseudo_edge,repository,False,41,17.952998583188045,17.34652360493298,20260827
permuted_anchor_pseudo_edge,repository,False,42,13.883788638060285,17.34652360493298,20260827
permuted_anchor_pseudo_edge,repository,False,43,14.927084655409164,17.34652360493298,20260827
permuted_anchor_pseudo_edge,repository,False,44,15.704108804665898,17.34652360493298,20260827
permuted_anchor_pseudo_edge,repository,False,45,16.750900472214305,17.34652360493298,20260827
permuted_anchor_pseudo_edge,repository,False,46,13.188127127380177,17.34652360493298,20260827
permuted_anchor_pseudo_edge,repository,False,47,14.842738419482993,17.34652360493298,20260827
permuted_anchor_pseudo_edge,repository,False,48,18.29002248424553,17.34652360493298,20260827
permuted_anchor_pseudo_edge,repository,False,49,16.128797368799123,17.34652360493298,20260827
permuted_anchor_pseudo_edge,repository,False,50,13.24294865852694,17.34652360493298,20260827
permuted_anchor_pseudo_edge,repository,False,51,14.87622938288583,17.34652360493298,20260827
permuted_anchor_pseudo_edge,repository,False,52,17.966734616498517,17.34652360493298,20260827
permuted_anchor_pseudo_edge,repository,False,53,12.295640675528281,17.34652360493298,20260827
permuted_anchor_pseudo_edge,repository,False,54,17.621743722361433,17.34652360493298,20260827
permuted_anchor_pseudo_edge,repository,False,55,16.526043536237264,17.34652360493298,20260827
permuted_anchor_pseudo_edge,repository,False,56,16.51002993130451,17.34652360493298,20260827
permuted_anchor_pseudo_edge,repository,False,57,17.745834200583552,17.34652360493298,20260827
permuted_anchor_pseudo_edge,repository,False,58,10.961200413445106,17.34652360493298,20260827
permuted_anchor_pseudo_edge,repository,False,59,12.320018873904928,17.34652360493298,20260827
permuted_anchor_pseudo_edge,repository,False,60,15.770654343436266,17.34652360493298,20260827
permuted_anchor_pseudo_edge,repository,False,61,15.6472375796596,17.34652360493298,20260827
permuted_anchor_pseudo_edge,repository,False,62,18.73482793725514,17.34652360493298,20260827
permuted_anchor_pseudo_edge,repository,False,63,17.13922345116316,17.34652360493298,20260827
permuted_anchor_pseudo_edge,repository,False,64,14.184416436802797,17.34652360493298,20260827
permuted_anchor_pseudo_edge,repository,False,65,18.136370073873458,17.34652360493298,20260827
permuted_anchor_pseudo_edge,repository,False,66,18.39372339365168,17.34652360493298,20260827
permuted_anchor_pseudo_edge,repository,False,67,12.217326919320662,17.34652360493298,20260827
permuted_anchor_pseudo_edge,repository,False,68,14.781643574049387,17.34652360493298,20260827
permuted_anchor_pseudo_edge,repository,False,69,15.615751727081733,17.34652360493298,20260827
permuted_anchor_pseudo_edge,repository,False,70,14.323109239709119,17.34652360493298,20260827
permuted_anchor_pseudo_edge,repository,False,71,15.579287080818565,17.34652360493298,20260827
permuted_anchor_pseudo_edge,repository,False,72,14.02068286790836,17.34652360493298,20260827
permuted_anchor_pseudo_edge,repository,False,73,16.65958366599171,17.34652360493298,20260827
permuted_anchor_pseudo_edge,repository,False,74,16.824694412348716,17.34652360493298,20260827
permuted_anchor_pseudo_edge,repository,False,75,13.062083464729898,17.34652360493298,20260827
permuted_anchor_pseudo_edge,repository,False,76,15.760775634843455,17.34652360493298,20260827
permuted_anchor_pseudo_edge,repository,False,77,14.364761413453294,17.34652360493298,20260827
permuted_anchor_pseudo_edge,repository,False,78,13.990674006631675,17.34652360493298,20260827
permuted_anchor_pseudo_edge,repository,False,79,17.836542742885786,17.34652360493298,20260827
permuted_anchor_pseudo_edge,repository,False,80,15.556775327051492,17.34652360493298,20260827
permuted_anchor_pseudo_edge,repository,False,81,10.970724712778265,17.34652360493298,20260827
permuted_anchor_pseudo_edge,repository,False,82,13.566805109723331,17.34652360493298,20260827
permuted_anchor_pseudo_edge,repository,False,83,15.091092284270768,17.34652360493298,20260827
permuted_anchor_pseudo_edge,repository,False,84,14.771422306857247,17.34652360493298,20260827
permuted_anchor_pseudo_edge,repository,False,85,14.659468587300514,17.34652360493298,20260827
permuted_anchor_pseudo_edge,repository,False,86,17.838117605299697,17.34652360493298,20260827
permuted_anchor_pseudo_edge,repository,False,87,13.328849512781401,17.34652360493298,20260827
permuted_anchor_pseudo_edge,repository,False,88,16.8611962862017,17.34652360493298,20260827
permuted_anchor_pseudo_edge,repository,False,89,15.629355084600332,17.34652360493298,20260827
permuted_anchor_pseudo_edge,repository,False,90,13.57966036864374,17.34652360493298,20260827
permuted_anchor_pseudo_edge,repository,False,91,14.644138986039646,17.34652360493298,20260827
permuted_anchor_pseudo_edge,repository,False,92,17.554048437150527,17.34652360493298,20260827
permuted_anchor_pseudo_edge,repository,False,93,15.396370358561839,17.34652360493298,20260827
permuted_anchor_pseudo_edge,repository,False,94,14.385944197641464,17.34652360493298,20260827
permuted_anchor_pseudo_edge,repository,False,95,16.98108225515745,17.34652360493298,20260827
permuted_anchor_pseudo_edge,repository,False,96,15.574827037714007,17.34652360493298,20260827
permuted_anchor_pseudo_edge,repository,False,97,13.899828499378911,17.34652360493298,20260827
permuted_anchor_pseudo_edge,repository,False,98,14.462618531205825,17.34652360493298,20260827
permuted_anchor_pseudo_edge,repository,False,99,15.26088285409818,17.34652360493298,20260827
permuted_anchor_pseudo_edge,repository,False,100,15.685274793781515,17.34652360493298,20260827
permuted_anchor_pseudo_edge,repository,False,101,13.431928560485435,17.34652360493298,20260827
permuted_anchor_pseudo_edge,repository,False,102,13.615971111561315,17.34652360493298,20260827
permuted_anchor_pseudo_edge,repository,False,103,14.282203542925828,17.34652360493298,20260827
permuted_anchor_pseudo_edge,repository,False,104,15.930137308358233,17.34652360493298,20260827
permuted_anchor_pseudo_edge,repository,False,105,14.36074041657264,17.34652360493298,20260827
permuted_anchor_pseudo_edge,repository,False,106,15.56451771711361,17.34652360493298,20260827
permuted_anchor_pseudo_edge,repository,False,107,11.98875931814156,17.34652360493298,20260827
permuted_anchor_pseudo_edge,repository,False,108,16.784702755382153,17.34652360493298,20260827
permuted_anchor_pseudo_edge,repository,False,109,16.908249178689253,17.34652360493298,20260827
permuted_anchor_pseudo_edge,repository,False,110,17.804023472902852,17.34652360493298,20260827
permuted_anchor_pseudo_edge,repository,False,111,12.644706636381425,17.34652360493298,20260827
permuted_anchor_pseudo_edge,repository,False,112,15.859859505575477,17.34652360493298,20260827
permuted_anchor_pseudo_edge,repository,False,113,14.483590835678282,17.34652360493298,20260827
permuted_anchor_pseudo_edge,repository,False,114,18.247804233807297,17.34652360493298,20260827
permuted_anchor_pseudo_edge,repository,False,115,18.431989282129344,17.34652360493298,20260827
permuted_anchor_pseudo_edge,repository,False,116,17.046493901284236,17.34652360493298,20260827
permuted_anchor_pseudo_edge,repository,False,117,17.796371214716533,17.34652360493298,20260827
permuted_anchor_pseudo_edge,repository,False,118,15.517917670282097,17.34652360493298,20260827
permuted_anchor_pseudo_edge,repository,False,119,18.910303542720648,17.34652360493298,20260827
permuted_anchor_pseudo_edge,repository,False,120,15.456857101784681,17.34652360493298,20260827
permuted_anchor_pseudo_edge,repository,False,121,17.56199553688581,17.34652360493298,20260827
permuted_anchor_pseudo_edge,repository,False,122,15.581870901577567,17.34652360493298,20260827
permuted_anchor_pseudo_edge,repository,False,123,14.397685128617429,17.34652360493298,20260827
permuted_anchor_pseudo_edge,repository,False,124,14.848125016713398,17.34652360493298,20260827
permuted_anchor_pseudo_edge,repository,False,125,13.386602346624715,17.34652360493298,20260827
permuted_anchor_pseudo_edge,repository,False,126,13.05048246982919,17.34652360493298,20260827
permuted_anchor_pseudo_edge,repository,False,127,19.41864554815959,17.34652360493298,20260827
permuted_anchor_pseudo_edge,repository,False,128,16.509841733199796,17.34652360493298,20260827
permuted_anchor_pseudo_edge,repository,False,129,15.814999776689817,17.34652360493298,20260827
permuted_anchor_pseudo_edge,repository,False,130,15.692689538716268,17.34652360493298,20260827
permuted_anchor_pseudo_edge,repository,False,131,14.917134078975957,17.34652360493298,20260827
permuted_anchor_pseudo_edge,repository,False,132,15.22033595078318,17.34652360493298,20260827
permuted_anchor_pseudo_edge,repository,False,133,17.414918836808795,17.34652360493298,20260827
permuted_anchor_pseudo_edge,repository,False,134,16.51047605771834,17.34652360493298,20260827
permuted_anchor_pseudo_edge,repository,False,135,13.595521836101593,17.34652360493298,20260827
permuted_anchor_pseudo_edge,repository,False,136,15.014717952959394,17.34652360493298,20260827
permuted_anchor_pseudo_edge,repository,False,137,17.932385168153257,17.34652360493298,20260827
permuted_anchor_pseudo_edge,repository,False,138,16.566076506499183,17.34652360493298,20260827
permuted_anchor_pseudo_edge,repository,False,139,17.024346748404266,17.34652360493298,20260827
permuted_anchor_pseudo_edge,repository,False,140,16.28966074776963,17.34652360493298,20260827
permuted_anchor_pseudo_edge,repository,False,141,14.742581981090169,17.34652360493298,20260827
permuted_anchor_pseudo_edge,repository,False,142,17.27284502787328,17.34652360493298,20260827
permuted_anchor_pseudo_edge,repository,False,143,14.488500675657715,17.34652360493298,20260827
permuted_anchor_pseudo_edge,repository,False,144,12.903595670001245,17.34652360493298,20260827
permuted_anchor_pseudo_edge,repository,False,145,17.673609533676494,17.34652360493298,20260827
permuted_anchor_pseudo_edge,repository,False,146,13.105680600282877,17.34652360493298,20260827
permuted_anchor_pseudo_edge,repository,False,147,15.63996504502845,17.34652360493298,20260827
permuted_anchor_pseudo_edge,repository,False,148,16.99006031562491,17.34652360493298,20260827
permuted_anchor_pseudo_edge,repository,False,149,14.93170031235678,17.34652360493298,20260827
permuted_anchor_pseudo_edge,repository,False,150,16.814619566864238,17.34652360493298,20260827
permuted_anchor_pseudo_edge,repository,False,151,14.037329632002013,17.34652360493298,20260827
permuted_anchor_pseudo_edge,repository,False,152,15.818668605582834,17.34652360493298,20260827
permuted_anchor_pseudo_edge,repository,False,153,13.259186410646324,17.34652360493298,20260827
permuted_anchor_pseudo_edge,repository,False,154,12.914139139646286,17.34652360493298,20260827
permuted_anchor_pseudo_edge,repository,False,155,11.021692989317819,17.34652360493298,20260827
permuted_anchor_pseudo_edge,repository,False,156,20.210393960769462,17.34652360493298,20260827
permuted_anchor_pseudo_edge,repository,False,157,13.483208073080716,17.34652360493298,20260827
permuted_anchor_pseudo_edge,repository,False,158,16.860976676461846,17.34652360493298,20260827
permuted_anchor_pseudo_edge,repository,False,159,15.836161622113964,17.34652360493298,20260827
permuted_anchor_pseudo_edge,repository,False,160,14.53673686542638,17.34652360493298,20260827
permuted_anchor_pseudo_edge,repository,False,161,13.613405525032354,17.34652360493298,20260827
permuted_anchor_pseudo_edge,repository,False,162,15.367025145589755,17.34652360493298,20260827
permuted_anchor_pseudo_edge,repository,False,163,16.58303335326716,17.34652360493298,20260827
permuted_anchor_pseudo_edge,repository,False,164,15.584872627228835,17.34652360493298,20260827
permuted_anchor_pseudo_edge,repository,False,165,15.776064742286891,17.34652360493298,20260827
permuted_anchor_pseudo_edge,repository,False,166,14.440732404837679,17.34652360493298,20260827
permuted_anchor_pseudo_edge,repository,False,167,14.397975888310086,17.34652360493298,20260827
permuted_anchor_pseudo_edge,repository,False,168,16.40871623420056,17.34652360493298,20260827
permuted_anchor_pseudo_edge,repository,False,169,15.567997341724302,17.34652360493298,20260827
permuted_anchor_pseudo_edge,repository,False,170,16.677313118593283,17.34652360493298,20260827
permuted_anchor_pseudo_edge,repository,False,171,16.65789142626401,17.34652360493298,20260827
permuted_anchor_pseudo_edge,repository,False,172,12.471384270317202,17.34652360493298,20260827
permuted_anchor_pseudo_edge,repository,False,173,15.776508953795801,17.34652360493298,20260827
permuted_anchor_pseudo_edge,repository,False,174,14.952066752429877,17.34652360493298,20260827
permuted_anchor_pseudo_edge,repository,False,175,15.699363308858363,17.34652360493298,20260827
permuted_anchor_pseudo_edge,repository,False,176,17.090155206230207,17.34652360493298,20260827
permuted_anchor_pseudo_edge,repository,False,177,15.553490928545,17.34652360493298,20260827
permuted_anchor_pseudo_edge,repository,False,178,12.878301583839672,17.34652360493298,20260827
permuted_anchor_pseudo_edge,repository,False,179,17.041892752854714,17.34652360493298,20260827
permuted_anchor_pseudo_edge,repository,False,180,15.551078895417161,17.34652360493298,20260827
permuted_anchor_pseudo_edge,repository,False,181,14.558205369630736,17.34652360493298,20260827
permuted_anchor_pseudo_edge,repository,False,182,13.49148529728823,17.34652360493298,20260827
permuted_anchor_pseudo_edge,repository,False,183,15.779842445354259,17.34652360493298,20260827
permuted_anchor_pseudo_edge,repository,False,184,16.578725730349753,17.34652360493298,20260827
permuted_anchor_pseudo_edge,repository,False,185,15.994084436345851,17.34652360493298,20260827
permuted_anchor_pseudo_edge,repository,False,186,17.705137344790927,17.34652360493298,20260827
permuted_anchor_pseudo_edge,repository,False,187,17.792170225680437,17.34652360493298,20260827
permuted_anchor_pseudo_edge,repository,False,188,16.161135757958174,17.34652360493298,20260827
permuted_anchor_pseudo_edge,repository,False,189,17.137701654127987,17.34652360493298,20260827
permuted_anchor_pseudo_edge,repository,False,190,13.545599464308628,17.34652360493298,20260827
permuted_anchor_pseudo_edge,repository,False,191,15.521057557005236,17.34652360493298,20260827
permuted_anchor_pseudo_edge,repository,False,192,14.501657692994558,17.34652360493298,20260827
permuted_anchor_pseudo_edge,repository,False,193,15.435341137031756,17.34652360493298,20260827
permuted_anchor_pseudo_edge,repository,False,194,13.480680702443918,17.34652360493298,20260827
permuted_anchor_pseudo_edge,repository,False,195,14.201302789882783,17.34652360493298,20260827
permuted_anchor_pseudo_edge,repository,False,196,13.496441929003481,17.34652360493298,20260827
permuted_anchor_pseudo_edge,repository,False,197,13.297854075086338,17.34652360493298,20260827
permuted_anchor_pseudo_edge,repository,False,198,19.179177006760494,17.34652360493298,20260827
permuted_anchor_pseudo_edge,repository,False,199,15.420307052280375,17.34652360493298,20260827
permuted_anchor_pseudo_edge,repository,False,200,15.8321510021378,17.34652360493298,20260827
permuted_anchor_pseudo_edge,repository,False,201,16.7477984551488,17.34652360493298,20260827
permuted_anchor_pseudo_edge,repository,False,202,12.681549788495516,17.34652360493298,20260827
permuted_anchor_pseudo_edge,repository,False,203,14.29826172394135,17.34652360493298,20260827
permuted_anchor_pseudo_edge,repository,False,204,15.442238914316487,17.34652360493298,20260827
permuted_anchor_pseudo_edge,repository,False,205,13.446844034712171,17.34652360493298,20260827
permuted_anchor_pseudo_edge,repository,False,206,14.403161144381581,17.34652360493298,20260827
permuted_anchor_pseudo_edge,repository,False,207,15.473397529873923,17.34652360493298,20260827
permuted_anchor_pseudo_edge,repository,False,208,16.958953644171864,17.34652360493298,20260827
permuted_anchor_pseudo_edge,repository,False,209,15.480809205422275,17.34652360493298,20260827
permuted_anchor_pseudo_edge,repository,False,210,14.5178011398008,17.34652360493298,20260827
permuted_anchor_pseudo_edge,repository,False,211,16.02531373416167,17.34652360493298,20260827
permuted_anchor_pseudo_edge,repository,False,212,16.629439302430413,17.34652360493298,20260827
permuted_anchor_pseudo_edge,repository,False,213,12.019334654540161,17.34652360493298,20260827
permuted_anchor_pseudo_edge,repository,False,214,16.707316890808542,17.34652360493298,20260827
permuted_anchor_pseudo_edge,repository,False,215,14.842098237695595,17.34652360493298,20260827
permuted_anchor_pseudo_edge,repository,False,216,16.70617304839158,17.34652360493298,20260827
permuted_anchor_pseudo_edge,repository,False,217,16.72710444239095,17.34652360493298,20260827
permuted_anchor_pseudo_edge,repository,False,218,15.784999890012607,17.34652360493298,20260827
permuted_anchor_pseudo_edge,repository,False,219,15.021257981951486,17.34652360493298,20260827
permuted_anchor_pseudo_edge,repository,False,220,14.425224024687292,17.34652360493298,20260827
permuted_anchor_pseudo_edge,repository,False,221,16.50584944590659,17.34652360493298,20260827
permuted_anchor_pseudo_edge,repository,False,222,17.38880324389908,17.34652360493298,20260827
permuted_anchor_pseudo_edge,repository,False,223,14.856047400921069,17.34652360493298,20260827
permuted_anchor_pseudo_edge,repository,False,224,12.320300771030771,17.34652360493298,20260827
permuted_anchor_pseudo_edge,repository,False,225,14.924635740176843,17.34652360493298,20260827
permuted_anchor_pseudo_edge,repository,False,226,13.552234244639063,17.34652360493298,20260827
permuted_anchor_pseudo_edge,repository,False,227,14.413672751586734,17.34652360493298,20260827
permuted_anchor_pseudo_edge,repository,False,228,13.623185317297429,17.34652360493298,20260827
permuted_anchor_pseudo_edge,repository,False,229,16.01584699253506,17.34652360493298,20260827
permuted_anchor_pseudo_edge,repository,False,230,16.259736050193958,17.34652360493298,20260827
permuted_anchor_pseudo_edge,repository,False,231,16.666059742329438,17.34652360493298,20260827
permuted_anchor_pseudo_edge,repository,False,232,14.259428970375772,17.34652360493298,20260827
permuted_anchor_pseudo_edge,repository,False,233,14.76369367004324,17.34652360493298,20260827
permuted_anchor_pseudo_edge,repository,False,234,13.11832491428576,17.34652360493298,20260827
permuted_anchor_pseudo_edge,repository,False,235,14.57635037616323,17.34652360493298,20260827
permuted_anchor_pseudo_edge,repository,False,236,17.649591570857886,17.34652360493298,20260827
permuted_anchor_pseudo_edge,repository,False,237,15.570286749306131,17.34652360493298,20260827
permuted_anchor_pseudo_edge,repository,False,238,12.588008285304872,17.34652360493298,20260827
permuted_anchor_pseudo_edge,repository,False,239,13.147671044061088,17.34652360493298,20260827
permuted_anchor_pseudo_edge,repository,False,240,15.50462037521477,17.34652360493298,20260827
permuted_anchor_pseudo_edge,repository,False,241,16.803212163937843,17.34652360493298,20260827
permuted_anchor_pseudo_edge,repository,False,242,14.266793638845087,17.34652360493298,20260827
permuted_anchor_pseudo_edge,repository,False,243,16.74008675555039,17.34652360493298,20260827
permuted_anchor_pseudo_edge,repository,False,244,15.52270323313714,17.34652360493298,20260827
permuted_anchor_pseudo_edge,repository,False,245,15.61562749224411,17.34652360493298,20260827
permuted_anchor_pseudo_edge,repository,False,246,17.176442583157243,17.34652360493298,20260827
permuted_anchor_pseudo_edge,repository,False,247,15.854824634283382,17.34652360493298,20260827
permuted_anchor_pseudo_edge,repository,False,248,13.022871949071599,17.34652360493298,20260827
permuted_anchor_pseudo_edge,repository,False,249,15.813977643795171,17.34652360493298,20260827
permuted_anchor_pseudo_edge,repository,False,250,13.381847783171413,17.34652360493298,20260827
permuted_anchor_pseudo_edge,repository,False,251,15.985827620218862,17.34652360493298,20260827
permuted_anchor_pseudo_edge,repository,False,252,17.887538983711064,17.34652360493298,20260827
permuted_anchor_pseudo_edge,repository,False,253,12.959279340242723,17.34652360493298,20260827
permuted_anchor_pseudo_edge,repository,False,254,12.780996624932742,17.34652360493298,20260827
permuted_anchor_pseudo_edge,repository,False,255,15.486486976547031,17.34652360493298,20260827
permuted_anchor_pseudo_edge,repository,False,256,15.463640094198327,17.34652360493298,20260827
permuted_anchor_pseudo_edge,repository,False,257,15.901454473465074,17.34652360493298,20260827
permuted_anchor_pseudo_edge,repository,False,258,14.038786385965155,17.34652360493298,20260827
permuted_anchor_pseudo_edge,repository,False,259,16.914608995187542,17.34652360493298,20260827
permuted_anchor_pseudo_edge,repository,False,260,12.02944895209946,17.34652360493298,20260827
permuted_anchor_pseudo_edge,repository,False,261,16.606344296167013,17.34652360493298,20260827
permuted_anchor_pseudo_edge,repository,False,262,13.361901752121641,17.34652360493298,20260827
permuted_anchor_pseudo_edge,repository,False,263,15.841289541477751,17.34652360493298,20260827
permuted_anchor_pseudo_edge,repository,False,264,16.10593935207061,17.34652360493298,20260827
permuted_anchor_pseudo_edge,repository,False,265,16.68315402165206,17.34652360493298,20260827
permuted_anchor_pseudo_edge,repository,False,266,12.760415991346377,17.34652360493298,20260827
permuted_anchor_pseudo_edge,repository,False,267,15.908790041623142,17.34652360493298,20260827
permuted_anchor_pseudo_edge,repository,False,268,15.5724546291996,17.34652360493298,20260827
permuted_anchor_pseudo_edge,repository,False,269,14.634667655304415,17.34652360493298,20260827
permuted_anchor_pseudo_edge,repository,False,270,17.885522138048938,17.34652360493298,20260827
permuted_anchor_pseudo_edge,repository,False,271,15.363270066065951,17.34652360493298,20260827
permuted_anchor_pseudo_edge,repository,False,272,11.983365637361542,17.34652360493298,20260827
permuted_anchor_pseudo_edge,repository,False,273,15.146220650231394,17.34652360493298,20260827
permuted_anchor_pseudo_edge,repository,False,274,16.91199858372652,17.34652360493298,20260827
permuted_anchor_pseudo_edge,repository,False,275,15.48528987945686,17.34652360493298,20260827
permuted_anchor_pseudo_edge,repository,False,276,16.064892356990022,17.34652360493298,20260827
permuted_anchor_pseudo_edge,repository,False,277,15.918318674176929,17.34652360493298,20260827
permuted_anchor_pseudo_edge,repository,False,278,13.58956154970172,17.34652360493298,20260827
permuted_anchor_pseudo_edge,repository,False,279,18.654133317701866,17.34652360493298,20260827
permuted_anchor_pseudo_edge,repository,False,280,13.013818687891323,17.34652360493298,20260827
permuted_anchor_pseudo_edge,repository,False,281,17.26421058457786,17.34652360493298,20260827
permuted_anchor_pseudo_edge,repository,False,282,15.68890593193776,17.34652360493298,20260827
permuted_anchor_pseudo_edge,repository,False,283,14.440942032212355,17.34652360493298,20260827
permuted_anchor_pseudo_edge,repository,False,284,14.378129991818808,17.34652360493298,20260827
permuted_anchor_pseudo_edge,repository,False,285,17.655297240032038,17.34652360493298,20260827
permuted_anchor_pseudo_edge,repository,False,286,13.624742264631129,17.34652360493298,20260827
permuted_anchor_pseudo_edge,repository,False,287,15.339253708280868,17.34652360493298,20260827
permuted_anchor_pseudo_edge,repository,False,288,16.18645570589935,17.34652360493298,20260827
permuted_anchor_pseudo_edge,repository,False,289,13.420765565717,17.34652360493298,20260827
permuted_anchor_pseudo_edge,repository,False,290,15.1025552046317,17.34652360493298,20260827
permuted_anchor_pseudo_edge,repository,False,291,15.633815416352109,17.34652360493298,20260827
permuted_anchor_pseudo_edge,repository,False,292,14.899102046502463,17.34652360493298,20260827
permuted_anchor_pseudo_edge,repository,False,293,15.429732474170752,17.34652360493298,20260827
permuted_anchor_pseudo_edge,repository,False,294,14.631054424943034,17.34652360493298,20260827
permuted_anchor_pseudo_edge,repository,False,295,16.78193466717761,17.34652360493298,20260827
permuted_anchor_pseudo_edge,repository,False,296,11.825930800849639,17.34652360493298,20260827
permuted_anchor_pseudo_edge,repository,False,297,13.218793650476057,17.34652360493298,20260827
permuted_anchor_pseudo_edge,repository,False,298,12.1193033218781,17.34652360493298,20260827
permuted_anchor_pseudo_edge,repository,False,299,17.283318223900583,17.34652360493298,20260827
permuted_anchor_pseudo_edge,repository,False,300,14.70296747341763,17.34652360493298,20260827
permuted_anchor_pseudo_edge,repository,False,301,14.621770874398168,17.34652360493298,20260827
permuted_anchor_pseudo_edge,repository,False,302,15.861247091408535,17.34652360493298,20260827
permuted_anchor_pseudo_edge,repository,False,303,13.845223600427392,17.34652360493298,20260827
permuted_anchor_pseudo_edge,repository,False,304,13.272558698607542,17.34652360493298,20260827
permuted_anchor_pseudo_edge,repository,False,305,14.400585593255672,17.34652360493298,20260827
permuted_anchor_pseudo_edge,repository,False,306,13.804828064169982,17.34652360493298,20260827
permuted_anchor_pseudo_edge,repository,False,307,14.435686263015429,17.34652360493298,20260827
permuted_anchor_pseudo_edge,repository,False,308,15.589407250974674,17.34652360493298,20260827
permuted_anchor_pseudo_edge,repository,False,309,13.403724723650312,17.34652360493298,20260827
permuted_anchor_pseudo_edge,repository,False,310,15.588711641143615,17.34652360493298,20260827
permuted_anchor_pseudo_edge,repository,False,311,17.830719107451927,17.34652360493298,20260827
permuted_anchor_pseudo_edge,repository,False,312,12.045999935817125,17.34652360493298,20260827
permuted_anchor_pseudo_edge,repository,False,313,18.916532737818947,17.34652360493298,20260827
permuted_anchor_pseudo_edge,repository,False,314,13.53106873372184,17.34652360493298,20260827
permuted_anchor_pseudo_edge,repository,False,315,18.538907551130055,17.34652360493298,20260827
permuted_anchor_pseudo_edge,repository,False,316,15.131902106259881,17.34652360493298,20260827
permuted_anchor_pseudo_edge,repository,False,317,16.770398038526192,17.34652360493298,20260827
permuted_anchor_pseudo_edge,repository,False,318,15.862944312681137,17.34652360493298,20260827
permuted_anchor_pseudo_edge,repository,False,319,16.945989118715804,17.34652360493298,20260827
permuted_anchor_pseudo_edge,repository,False,320,16.078403185700694,17.34652360493298,20260827
permuted_anchor_pseudo_edge,repository,False,321,13.958318385524379,17.34652360493298,20260827
permuted_anchor_pseudo_edge,repository,False,322,14.697128013578675,17.34652360493298,20260827
permuted_anchor_pseudo_edge,repository,False,323,15.358562831607724,17.34652360493298,20260827
permuted_anchor_pseudo_edge,repository,False,324,17.83922236604918,17.34652360493298,20260827
permuted_anchor_pseudo_edge,repository,False,325,16.39124829216631,17.34652360493298,20260827
permuted_anchor_pseudo_edge,repository,False,326,13.668871518206885,17.34652360493298,20260827
permuted_anchor_pseudo_edge,repository,False,327,16.66891404671161,17.34652360493298,20260827
permuted_anchor_pseudo_edge,repository,False,328,18.81447633838564,17.34652360493298,20260827
permuted_anchor_pseudo_edge,repository,False,329,14.716295168187434,17.34652360493298,20260827
permuted_anchor_pseudo_edge,repository,False,330,13.173083766624355,17.34652360493298,20260827
permuted_anchor_pseudo_edge,repository,False,331,16.892886006036,17.34652360493298,20260827
permuted_anchor_pseudo_edge,repository,False,332,16.02629802293945,17.34652360493298,20260827
permuted_anchor_pseudo_edge,repository,False,333,13.400009148959793,17.34652360493298,20260827
permuted_anchor_pseudo_edge,repository,False,334,14.466520019651567,17.34652360493298,20260827
permuted_anchor_pseudo_edge,repository,False,335,15.502298051160471,17.34652360493298,20260827
permuted_anchor_pseudo_edge,repository,False,336,17.453398007855167,17.34652360493298,20260827
permuted_anchor_pseudo_edge,repository,False,337,14.658825111036093,17.34652360493298,20260827
permuted_anchor_pseudo_edge,repository,False,338,12.17782278427008,17.34652360493298,20260827
permuted_anchor_pseudo_edge,repository,False,339,13.826131259609497,17.34652360493298,20260827
permuted_anchor_pseudo_edge,repository,False,340,17.12800663876787,17.34652360493298,20260827
permuted_anchor_pseudo_edge,repository,False,341,14.92532815295276,17.34652360493298,20260827
permuted_anchor_pseudo_edge,repository,False,342,15.928166050050605,17.34652360493298,20260827
permuted_anchor_pseudo_edge,repository,False,343,16.759826010385957,17.34652360493298,20260827
permuted_anchor_pseudo_edge,repository,False,344,15.037173728350222,17.34652360493298,20260827
permuted_anchor_pseudo_edge,repository,False,345,15.550469086929535,17.34652360493298,20260827
permuted_anchor_pseudo_edge,repository,False,346,15.146922778931598,17.34652360493298,20260827
permuted_anchor_pseudo_edge,repository,False,347,13.719819433852443,17.34652360493298,20260827
permuted_anchor_pseudo_edge,repository,False,348,16.91549428851461,17.34652360493298,20260827
permuted_anchor_pseudo_edge,repository,False,349,16.596010177294318,17.34652360493298,20260827
permuted_anchor_pseudo_edge,repository,False,350,17.725884516679674,17.34652360493298,20260827
permuted_anchor_pseudo_edge,repository,False,351,13.434765440411375,17.34652360493298,20260827
permuted_anchor_pseudo_edge,repository,False,352,14.90159213154732,17.34652360493298,20260827
permuted_anchor_pseudo_edge,repository,False,353,16.670608251118253,17.34652360493298,20260827
permuted_anchor_pseudo_edge,repository,False,354,16.02922447089721,17.34652360493298,20260827
permuted_anchor_pseudo_edge,repository,False,355,17.781501080708228,17.34652360493298,20260827
permuted_anchor_pseudo_edge,repository,False,356,14.617154480819963,17.34652360493298,20260827
permuted_anchor_pseudo_edge,repository,False,357,14.023208289012912,17.34652360493298,20260827
permuted_anchor_pseudo_edge,repository,False,358,16.989140237874416,17.34652360493298,20260827
permuted_anchor_pseudo_edge,repository,False,359,15.460269985668921,17.34652360493298,20260827
permuted_anchor_pseudo_edge,repository,False,360,16.84041237569963,17.34652360493298,20260827
permuted_anchor_pseudo_edge,repository,False,361,14.180198221649555,17.34652360493298,20260827
permuted_anchor_pseudo_edge,repository,False,362,16.85039031657885,17.34652360493298,20260827
permuted_anchor_pseudo_edge,repository,False,363,14.585968519563549,17.34652360493298,20260827
permuted_anchor_pseudo_edge,repository,False,364,11.270470258817243,17.34652360493298,20260827
permuted_anchor_pseudo_edge,repository,False,365,12.915322370937993,17.34652360493298,20260827
permuted_anchor_pseudo_edge,repository,False,366,14.206761997027906,17.34652360493298,20260827
permuted_anchor_pseudo_edge,repository,False,367,15.514117710698741,17.34652360493298,20260827
permuted_anchor_pseudo_edge,repository,False,368,15.647006811872924,17.34652360493298,20260827
permuted_anchor_pseudo_edge,repository,False,369,17.926351696092144,17.34652360493298,20260827
permuted_anchor_pseudo_edge,repository,False,370,13.23967290398719,17.34652360493298,20260827
permuted_anchor_pseudo_edge,repository,False,371,16.81800339854501,17.34652360493298,20260827
permuted_anchor_pseudo_edge,repository,False,372,19.202562558050413,17.34652360493298,20260827
permuted_anchor_pseudo_edge,repository,False,373,12.591336602566361,17.34652360493298,20260827
permuted_anchor_pseudo_edge,repository,False,374,13.300200838563276,17.34652360493298,20260827
permuted_anchor_pseudo_edge,repository,False,375,16.897318165945656,17.34652360493298,20260827
permuted_anchor_pseudo_edge,repository,False,376,15.7952186994587,17.34652360493298,20260827
permuted_anchor_pseudo_edge,repository,False,377,19.0522060076201,17.34652360493298,20260827
permuted_anchor_pseudo_edge,repository,False,378,15.199218080207205,17.34652360493298,20260827
permuted_anchor_pseudo_edge,repository,False,379,14.326357942751534,17.34652360493298,20260827
permuted_anchor_pseudo_edge,repository,False,380,15.430101936631187,17.34652360493298,20260827
permuted_anchor_pseudo_edge,repository,False,381,13.678601076674218,17.34652360493298,20260827
permuted_anchor_pseudo_edge,repository,False,382,16.24571953538178,17.34652360493298,20260827
permuted_anchor_pseudo_edge,repository,False,383,15.589042391477825,17.34652360493298,20260827
permuted_anchor_pseudo_edge,repository,False,384,15.972830923202025,17.34652360493298,20260827
permuted_anchor_pseudo_edge,repository,False,385,16.415982103129547,17.34652360493298,20260827
permuted_anchor_pseudo_edge,repository,False,386,16.694341434320155,17.34652360493298,20260827
permuted_anchor_pseudo_edge,repository,False,387,15.311658431257296,17.34652360493298,20260827
permuted_anchor_pseudo_edge,repository,False,388,15.757338835809028,17.34652360493298,20260827
permuted_anchor_pseudo_edge,repository,False,389,13.474853397847042,17.34652360493298,20260827
permuted_anchor_pseudo_edge,repository,False,390,16.694215378421674,17.34652360493298,20260827
permuted_anchor_pseudo_edge,repository,False,391,14.737048450296456,17.34652360493298,20260827
permuted_anchor_pseudo_edge,repository,False,392,14.04788398844466,17.34652360493298,20260827
permuted_anchor_pseudo_edge,repository,False,393,14.34689316754795,17.34652360493298,20260827
permuted_anchor_pseudo_edge,repository,False,394,15.839191746391151,17.34652360493298,20260827
permuted_anchor_pseudo_edge,repository,False,395,14.40463327028641,17.34652360493298,20260827
permuted_anchor_pseudo_edge,repository,False,396,15.858995902608482,17.34652360493298,20260827
permuted_anchor_pseudo_edge,repository,False,397,14.478866891085179,17.34652360493298,20260827
permuted_anchor_pseudo_edge,repository,False,398,16.681200300915748,17.34652360493298,20260827
permuted_anchor_pseudo_edge,repository,False,399,16.70685978631926,17.34652360493298,20260827
permuted_anchor_pseudo_edge,repository,False,400,15.710464137326793,17.34652360493298,20260827
permuted_anchor_pseudo_edge,repository,False,401,16.90320121220396,17.34652360493298,20260827
permuted_anchor_pseudo_edge,repository,False,402,14.430031999521512,17.34652360493298,20260827
permuted_anchor_pseudo_edge,repository,False,403,13.032238458671191,17.34652360493298,20260827
permuted_anchor_pseudo_edge,repository,False,404,14.1240951236243,17.34652360493298,20260827
permuted_anchor_pseudo_edge,repository,False,405,16.974442538975374,17.34652360493298,20260827
permuted_anchor_pseudo_edge,repository,False,406,17.362954189168416,17.34652360493298,20260827
permuted_anchor_pseudo_edge,repository,False,407,12.9966438015871,17.34652360493298,20260827
permuted_anchor_pseudo_edge,repository,False,408,12.073136076557565,17.34652360493298,20260827
permuted_anchor_pseudo_edge,repository,False,409,17.96439816708991,17.34652360493298,20260827
permuted_anchor_pseudo_edge,repository,False,410,15.622734568417208,17.34652360493298,20260827
permuted_anchor_pseudo_edge,repository,False,411,18.24010645770202,17.34652360493298,20260827
permuted_anchor_pseudo_edge,repository,False,412,18.49240081200509,17.34652360493298,20260827
permuted_anchor_pseudo_edge,repository,False,413,16.711377845450585,17.34652360493298,20260827
permuted_anchor_pseudo_edge,repository,False,414,13.59517773334778,17.34652360493298,20260827
permuted_anchor_pseudo_edge,repository,False,415,17.813582857629026,17.34652360493298,20260827
permuted_anchor_pseudo_edge,repository,False,416,15.907329050369293,17.34652360493298,20260827
permuted_anchor_pseudo_edge,repository,False,417,13.00640569264285,17.34652360493298,20260827
permuted_anchor_pseudo_edge,repository,False,418,12.55068307480101,17.34652360493298,20260827
permuted_anchor_pseudo_edge,repository,False,419,13.593698930686191,17.34652360493298,20260827
permuted_anchor_pseudo_edge,repository,False,420,13.393646048971931,17.34652360493298,20260827
permuted_anchor_pseudo_edge,repository,False,421,14.350976772919195,17.34652360493298,20260827
permuted_anchor_pseudo_edge,repository,False,422,15.808547519502714,17.34652360493298,20260827
permuted_anchor_pseudo_edge,repository,False,423,14.50540832585738,17.34652360493298,20260827
permuted_anchor_pseudo_edge,repository,False,424,12.13486138471901,17.34652360493298,20260827
permuted_anchor_pseudo_edge,repository,False,425,15.95016673533179,17.34652360493298,20260827
permuted_anchor_pseudo_edge,repository,False,426,17.794084949974035,17.34652360493298,20260827
permuted_anchor_pseudo_edge,repository,False,427,15.223994383202607,17.34652360493298,20260827
permuted_anchor_pseudo_edge,repository,False,428,17.697907430138628,17.34652360493298,20260827
permuted_anchor_pseudo_edge,repository,False,429,16.949123792607022,17.34652360493298,20260827
permuted_anchor_pseudo_edge,repository,False,430,13.28876532132276,17.34652360493298,20260827
permuted_anchor_pseudo_edge,repository,False,431,14.560089397130383,17.34652360493298,20260827
permuted_anchor_pseudo_edge,repository,False,432,12.633493931470213,17.34652360493298,20260827
permuted_anchor_pseudo_edge,repository,False,433,18.020417535802498,17.34652360493298,20260827
permuted_anchor_pseudo_edge,repository,False,434,13.343752921803617,17.34652360493298,20260827
permuted_anchor_pseudo_edge,repository,False,435,15.236647075743562,17.34652360493298,20260827
permuted_anchor_pseudo_edge,repository,False,436,15.28092066499086,17.34652360493298,20260827
permuted_anchor_pseudo_edge,repository,False,437,16.241544861873486,17.34652360493298,20260827
permuted_anchor_pseudo_edge,repository,False,438,13.266621558320532,17.34652360493298,20260827
permuted_anchor_pseudo_edge,repository,False,439,14.260919318443827,17.34652360493298,20260827
permuted_anchor_pseudo_edge,repository,False,440,12.35657128683679,17.34652360493298,20260827
permuted_anchor_pseudo_edge,repository,False,441,14.452388021182191,17.34652360493298,20260827
permuted_anchor_pseudo_edge,repository,False,442,13.81887540375545,17.34652360493298,20260827
permuted_anchor_pseudo_edge,repository,False,443,13.17035326422104,17.34652360493298,20260827
permuted_anchor_pseudo_edge,repository,False,444,18.95961394830059,17.34652360493298,20260827
permuted_anchor_pseudo_edge,repository,False,445,14.649506116739397,17.34652360493298,20260827
permuted_anchor_pseudo_edge,repository,False,446,13.238806640760645,17.34652360493298,20260827
permuted_anchor_pseudo_edge,repository,False,447,17.037701359382936,17.34652360493298,20260827
permuted_anchor_pseudo_edge,repository,False,448,14.224885094858978,17.34652360493298,20260827
permuted_anchor_pseudo_edge,repository,False,449,17.67100492214808,17.34652360493298,20260827
permuted_anchor_pseudo_edge,repository,False,450,12.285893298401222,17.34652360493298,20260827
permuted_anchor_pseudo_edge,repository,False,451,13.64870653496338,17.34652360493298,20260827
permuted_anchor_pseudo_edge,repository,False,452,14.712663369358117,17.34652360493298,20260827
permuted_anchor_pseudo_edge,repository,False,453,16.890937560249426,17.34652360493298,20260827
permuted_anchor_pseudo_edge,repository,False,454,10.323812454977782,17.34652360493298,20260827
permuted_anchor_pseudo_edge,repository,False,455,14.29121194247972,17.34652360493298,20260827
permuted_anchor_pseudo_edge,repository,False,456,15.72509917836838,17.34652360493298,20260827
permuted_anchor_pseudo_edge,repository,False,457,17.046819142771163,17.34652360493298,20260827
permuted_anchor_pseudo_edge,repository,False,458,16.317953464546257,17.34652360493298,20260827
permuted_anchor_pseudo_edge,repository,False,459,15.123917642419196,17.34652360493298,20260827
permuted_anchor_pseudo_edge,repository,False,460,16.389071694543414,17.34652360493298,20260827
permuted_anchor_pseudo_edge,repository,False,461,16.249610692048037,17.34652360493298,20260827
permuted_anchor_pseudo_edge,repository,False,462,14.357905408146385,17.34652360493298,20260827
permuted_anchor_pseudo_edge,repository,False,463,15.873979018835364,17.34652360493298,20260827
permuted_anchor_pseudo_edge,repository,False,464,16.213732160827078,17.34652360493298,20260827
permuted_anchor_pseudo_edge,repository,False,465,15.654260523153868,17.34652360493298,20260827
permuted_anchor_pseudo_edge,repository,False,466,17.86644981870719,17.34652360493298,20260827
permuted_anchor_pseudo_edge,repository,False,467,14.256755180315919,17.34652360493298,20260827
permuted_anchor_pseudo_edge,repository,False,468,13.510285168733907,17.34652360493298,20260827
permuted_anchor_pseudo_edge,repository,False,469,15.732349412440119,17.34652360493298,20260827
permuted_anchor_pseudo_edge,repository,False,470,13.493607681904232,17.34652360493298,20260827
permuted_anchor_pseudo_edge,repository,False,471,16.734307643067435,17.34652360493298,20260827
permuted_anchor_pseudo_edge,repository,False,472,15.519992359087546,17.34652360493298,20260827
permuted_anchor_pseudo_edge,repository,False,473,14.45371747001496,17.34652360493298,20260827
permuted_anchor_pseudo_edge,repository,False,474,13.632772351884794,17.34652360493298,20260827
permuted_anchor_pseudo_edge,repository,False,475,14.283498504622342,17.34652360493298,20260827
permuted_anchor_pseudo_edge,repository,False,476,17.62633953418148,17.34652360493298,20260827
permuted_anchor_pseudo_edge,repository,False,477,14.934138986672748,17.34652360493298,20260827
permuted_anchor_pseudo_edge,repository,False,478,16.86077226680191,17.34652360493298,20260827
permuted_anchor_pseudo_edge,repository,False,479,16.188030713033946,17.34652360493298,20260827
permuted_anchor_pseudo_edge,repository,False,480,15.649210612515759,17.34652360493298,20260827
permuted_anchor_pseudo_edge,repository,False,481,13.86751809189054,17.34652360493298,20260827
permuted_anchor_pseudo_edge,repository,False,482,14.352863043138248,17.34652360493298,20260827
permuted_anchor_pseudo_edge,repository,False,483,13.402836789864075,17.34652360493298,20260827
permuted_anchor_pseudo_edge,repository,False,484,16.66368528835252,17.34652360493298,20260827
permuted_anchor_pseudo_edge,repository,False,485,14.280997685423586,17.34652360493298,20260827
permuted_anchor_pseudo_edge,repository,False,486,15.336332708937265,17.34652360493298,20260827
permuted_anchor_pseudo_edge,repository,False,487,13.312541453584245,17.34652360493298,20260827
permuted_anchor_pseudo_edge,repository,False,488,15.893282911484926,17.34652360493298,20260827
permuted_anchor_pseudo_edge,repository,False,489,15.67380811648434,17.34652360493298,20260827
permuted_anchor_pseudo_edge,repository,False,490,14.81468168229037,17.34652360493298,20260827
permuted_anchor_pseudo_edge,repository,False,491,13.304839141185479,17.34652360493298,20260827
permuted_anchor_pseudo_edge,repository,False,492,16.601568441469052,17.34652360493298,20260827
permuted_anchor_pseudo_edge,repository,False,493,18.27587504911903,17.34652360493298,20260827
permuted_anchor_pseudo_edge,repository,False,494,15.755486915799946,17.34652360493298,20260827
permuted_anchor_pseudo_edge,repository,False,495,10.378299814255364,17.34652360493298,20260827
permuted_anchor_pseudo_edge,repository,False,496,13.217848116311979,17.34652360493298,20260827
permuted_anchor_pseudo_edge,repository,False,497,13.340283981775091,17.34652360493298,20260827
permuted_anchor_pseudo_edge,repository,False,498,13.378579395606636,17.34652360493298,20260827
permuted_anchor_pseudo_edge,repository,False,499,16.508806311687223,17.34652360493298,20260827
permuted_anchor_pseudo_edge,repository,False,500,14.468747620367708,17.34652360493298,20260827
permuted_anchor_pseudo_edge,repository,False,501,17.16308120241917,17.34652360493298,20260827
permuted_anchor_pseudo_edge,repository,False,502,15.015640677730968,17.34652360493298,20260827
permuted_anchor_pseudo_edge,repository,False,503,15.42787955291022,17.34652360493298,20260827
permuted_anchor_pseudo_edge,repository,False,504,13.954032695561583,17.34652360493298,20260827
permuted_anchor_pseudo_edge,repository,False,505,13.504365015825728,17.34652360493298,20260827
permuted_anchor_pseudo_edge,repository,False,506,11.47244716523478,17.34652360493298,20260827
permuted_anchor_pseudo_edge,repository,False,507,18.74318806452765,17.34652360493298,20260827
permuted_anchor_pseudo_edge,repository,False,508,13.194813273351915,17.34652360493298,20260827
permuted_anchor_pseudo_edge,repository,False,509,15.518780654412126,17.34652360493298,20260827
permuted_anchor_pseudo_edge,repository,False,510,12.992536015690954,17.34652360493298,20260827
permuted_anchor_pseudo_edge,repository,False,511,16.119667956924637,17.34652360493298,20260827
permuted_anchor_pseudo_edge,repository,False,512,18.3137978076883,17.34652360493298,20260827
permuted_anchor_pseudo_edge,repository,False,513,15.62968525597853,17.34652360493298,20260827
permuted_anchor_pseudo_edge,repository,False,514,15.049105123101514,17.34652360493298,20260827
permuted_anchor_pseudo_edge,repository,False,515,15.801554697999057,17.34652360493298,20260827
permuted_anchor_pseudo_edge,repository,False,516,15.124688513159192,17.34652360493298,20260827
permuted_anchor_pseudo_edge,repository,False,517,15.278249260587696,17.34652360493298,20260827
permuted_anchor_pseudo_edge,repository,False,518,16.290744011923376,17.34652360493298,20260827
permuted_anchor_pseudo_edge,repository,False,519,15.372526224315507,17.34652360493298,20260827
permuted_anchor_pseudo_edge,repository,False,520,13.53248415532784,17.34652360493298,20260827
permuted_anchor_pseudo_edge,repository,False,521,14.046630214607775,17.34652360493298,20260827
permuted_anchor_pseudo_edge,repository,False,522,15.61064484571888,17.34652360493298,20260827
permuted_anchor_pseudo_edge,repository,False,523,16.67883473410004,17.34652360493298,20260827
permuted_anchor_pseudo_edge,repository,False,524,16.729303764770588,17.34652360493298,20260827
permuted_anchor_pseudo_edge,repository,False,525,13.742532788551456,17.34652360493298,20260827
permuted_anchor_pseudo_edge,repository,False,526,15.585795047069418,17.34652360493298,20260827
permuted_anchor_pseudo_edge,repository,False,527,15.617086294645958,17.34652360493298,20260827
permuted_anchor_pseudo_edge,repository,False,528,16.025615332100934,17.34652360493298,20260827
permuted_anchor_pseudo_edge,repository,False,529,15.37874969644079,17.34652360493298,20260827
permuted_anchor_pseudo_edge,repository,False,530,15.053996725451531,17.34652360493298,20260827
permuted_anchor_pseudo_edge,repository,False,531,17.796953574089045,17.34652360493298,20260827
permuted_anchor_pseudo_edge,repository,False,532,19.069098494185514,17.34652360493298,20260827
permuted_anchor_pseudo_edge,repository,False,533,16.618359758504823,17.34652360493298,20260827
permuted_anchor_pseudo_edge,repository,False,534,13.132130630137373,17.34652360493298,20260827
permuted_anchor_pseudo_edge,repository,False,535,16.740726365128133,17.34652360493298,20260827
permuted_anchor_pseudo_edge,repository,False,536,15.227203413218712,17.34652360493298,20260827
permuted_anchor_pseudo_edge,repository,False,537,13.704683062766252,17.34652360493298,20260827
permuted_anchor_pseudo_edge,repository,False,538,13.037623867409273,17.34652360493298,20260827
permuted_anchor_pseudo_edge,repository,False,539,12.734767862071985,17.34652360493298,20260827
permuted_anchor_pseudo_edge,repository,False,540,12.543445448420766,17.34652360493298,20260827
permuted_anchor_pseudo_edge,repository,False,541,16.07004101380672,17.34652360493298,20260827
permuted_anchor_pseudo_edge,repository,False,542,18.774523824802333,17.34652360493298,20260827
permuted_anchor_pseudo_edge,repository,False,543,15.847578278859226,17.34652360493298,20260827
permuted_anchor_pseudo_edge,repository,False,544,14.675278506957486,17.34652360493298,20260827
permuted_anchor_pseudo_edge,repository,False,545,15.657410665748102,17.34652360493298,20260827
permuted_anchor_pseudo_edge,repository,False,546,11.107406614935865,17.34652360493298,20260827
permuted_anchor_pseudo_edge,repository,False,547,13.230045782322506,17.34652360493298,20260827
permuted_anchor_pseudo_edge,repository,False,548,15.539727606328166,17.34652360493298,20260827
permuted_anchor_pseudo_edge,repository,False,549,15.026045494352863,17.34652360493298,20260827
permuted_anchor_pseudo_edge,repository,False,550,14.599358548001618,17.34652360493298,20260827
permuted_anchor_pseudo_edge,repository,False,551,14.59572879155374,17.34652360493298,20260827
permuted_anchor_pseudo_edge,repository,False,552,17.355297087741096,17.34652360493298,20260827
permuted_anchor_pseudo_edge,repository,False,553,13.158119093506892,17.34652360493298,20260827
permuted_anchor_pseudo_edge,repository,False,554,15.782793490329208,17.34652360493298,20260827
permuted_anchor_pseudo_edge,repository,False,555,18.25080748121821,17.34652360493298,20260827
permuted_anchor_pseudo_edge,repository,False,556,14.83825557597882,17.34652360493298,20260827
permuted_anchor_pseudo_edge,repository,False,557,15.401244870094203,17.34652360493298,20260827
permuted_anchor_pseudo_edge,repository,False,558,18.001643396216714,17.34652360493298,20260827
permuted_anchor_pseudo_edge,repository,False,559,14.78635775105944,17.34652360493298,20260827
permuted_anchor_pseudo_edge,repository,False,560,14.13054344767648,17.34652360493298,20260827
permuted_anchor_pseudo_edge,repository,False,561,15.201789386331054,17.34652360493298,20260827
permuted_anchor_pseudo_edge,repository,False,562,16.56865058149045,17.34652360493298,20260827
permuted_anchor_pseudo_edge,repository,False,563,13.704673805210385,17.34652360493298,20260827
permuted_anchor_pseudo_edge,repository,False,564,15.280228238816257,17.34652360493298,20260827
permuted_anchor_pseudo_edge,repository,False,565,15.386781264363675,17.34652360493298,20260827
permuted_anchor_pseudo_edge,repository,False,566,16.007280756008736,17.34652360493298,20260827
permuted_anchor_pseudo_edge,repository,False,567,14.085972181084042,17.34652360493298,20260827
permuted_anchor_pseudo_edge,repository,False,568,16.601112220307275,17.34652360493298,20260827
permuted_anchor_pseudo_edge,repository,False,569,17.7080712929878,17.34652360493298,20260827
permuted_anchor_pseudo_edge,repository,False,570,16.853333680896117,17.34652360493298,20260827
permuted_anchor_pseudo_edge,repository,False,571,16.607873657179578,17.34652360493298,20260827
permuted_anchor_pseudo_edge,repository,False,572,17.512451460013736,17.34652360493298,20260827
permuted_anchor_pseudo_edge,repository,False,573,12.951545463884582,17.34652360493298,20260827
permuted_anchor_pseudo_edge,repository,False,574,14.566681604876248,17.34652360493298,20260827
permuted_anchor_pseudo_edge,repository,False,575,15.607431527202955,17.34652360493298,20260827
permuted_anchor_pseudo_edge,repository,False,576,14.353037841442967,17.34652360493298,20260827
permuted_anchor_pseudo_edge,repository,False,577,15.401036892748015,17.34652360493298,20260827
permuted_anchor_pseudo_edge,repository,False,578,15.363613898603134,17.34652360493298,20260827
permuted_anchor_pseudo_edge,repository,False,579,17.875915127077786,17.34652360493298,20260827
permuted_anchor_pseudo_edge,repository,False,580,13.708426793680085,17.34652360493298,20260827
permuted_anchor_pseudo_edge,repository,False,581,14.510355941317076,17.34652360493298,20260827
permuted_anchor_pseudo_edge,repository,False,582,15.565678986520776,17.34652360493298,20260827
permuted_anchor_pseudo_edge,repository,False,583,15.743892815757826,17.34652360493298,20260827
permuted_anchor_pseudo_edge,repository,False,584,15.029241136502577,17.34652360493298,20260827
permuted_anchor_pseudo_edge,repository,False,585,14.512705281330017,17.34652360493298,20260827
permuted_anchor_pseudo_edge,repository,False,586,16.69019130465286,17.34652360493298,20260827
permuted_anchor_pseudo_edge,repository,False,587,14.23637660791835,17.34652360493298,20260827
permuted_anchor_pseudo_edge,repository,False,588,15.84585821715484,17.34652360493298,20260827
permuted_anchor_pseudo_edge,repository,False,589,15.634349803782504,17.34652360493298,20260827
permuted_anchor_pseudo_edge,repository,False,590,16.839726898468268,17.34652360493298,20260827
permuted_anchor_pseudo_edge,repository,False,591,15.853727003153558,17.34652360493298,20260827
permuted_anchor_pseudo_edge,repository,False,592,12.418623940388233,17.34652360493298,20260827
permuted_anchor_pseudo_edge,repository,False,593,14.662456075489464,17.34652360493298,20260827
permuted_anchor_pseudo_edge,repository,False,594,15.543290144827807,17.34652360493298,20260827
permuted_anchor_pseudo_edge,repository,False,595,15.652496826440498,17.34652360493298,20260827
permuted_anchor_pseudo_edge,repository,False,596,13.787822807104835,17.34652360493298,20260827
permuted_anchor_pseudo_edge,repository,False,597,13.315498452972992,17.34652360493298,20260827
permuted_anchor_pseudo_edge,repository,False,598,14.288183399367984,17.34652360493298,20260827
permuted_anchor_pseudo_edge,repository,False,599,17.837484073136654,17.34652360493298,20260827
permuted_anchor_pseudo_edge,repository,False,600,14.169947876549038,17.34652360493298,20260827
permuted_anchor_pseudo_edge,repository,False,601,15.70107909816714,17.34652360493298,20260827
permuted_anchor_pseudo_edge,repository,False,602,14.384179634516148,17.34652360493298,20260827
permuted_anchor_pseudo_edge,repository,False,603,13.79425804697002,17.34652360493298,20260827
permuted_anchor_pseudo_edge,repository,False,604,15.785862066257932,17.34652360493298,20260827
permuted_anchor_pseudo_edge,repository,False,605,11.767945237499799,17.34652360493298,20260827
permuted_anchor_pseudo_edge,repository,False,606,13.208905289337846,17.34652360493298,20260827
permuted_anchor_pseudo_edge,repository,False,607,13.283804745036889,17.34652360493298,20260827
permuted_anchor_pseudo_edge,repository,False,608,15.984268950048172,17.34652360493298,20260827
permuted_anchor_pseudo_edge,repository,False,609,12.76325093016083,17.34652360493298,20260827
permuted_anchor_pseudo_edge,repository,False,610,16.516966654323888,17.34652360493298,20260827
permuted_anchor_pseudo_edge,repository,False,611,16.053797858471306,17.34652360493298,20260827
permuted_anchor_pseudo_edge,repository,False,612,12.186339819654524,17.34652360493298,20260827
permuted_anchor_pseudo_edge,repository,False,613,15.724485106052569,17.34652360493298,20260827
permuted_anchor_pseudo_edge,repository,False,614,16.633440351595045,17.34652360493298,20260827
permuted_anchor_pseudo_edge,repository,False,615,14.73754862630555,17.34652360493298,20260827
permuted_anchor_pseudo_edge,repository,False,616,12.350633221687566,17.34652360493298,20260827
permuted_anchor_pseudo_edge,repository,False,617,18.12941368761872,17.34652360493298,20260827
permuted_anchor_pseudo_edge,repository,False,618,16.009788924553128,17.34652360493298,20260827
permuted_anchor_pseudo_edge,repository,False,619,14.160673101468706,17.34652360493298,20260827
permuted_anchor_pseudo_edge,repository,False,620,17.213973694241005,17.34652360493298,20260827
permuted_anchor_pseudo_edge,repository,False,621,17.78209675065302,17.34652360493298,20260827
permuted_anchor_pseudo_edge,repository,False,622,13.183065935646491,17.34652360493298,20260827
permuted_anchor_pseudo_edge,repository,False,623,14.117390126573545,17.34652360493298,20260827
permuted_anchor_pseudo_edge,repository,False,624,17.76095140682709,17.34652360493298,20260827
permuted_anchor_pseudo_edge,repository,False,625,18.559851889997226,17.34652360493298,20260827
permuted_anchor_pseudo_edge,repository,False,626,13.501901807849379,17.34652360493298,20260827
permuted_anchor_pseudo_edge,repository,False,627,15.435669012415627,17.34652360493298,20260827
permuted_anchor_pseudo_edge,repository,False,628,13.54222583555871,17.34652360493298,20260827
permuted_anchor_pseudo_edge,repository,False,629,16.246895739976132,17.34652360493298,20260827
permuted_anchor_pseudo_edge,repository,False,630,11.760907377934894,17.34652360493298,20260827
permuted_anchor_pseudo_edge,repository,False,631,17.54440553818404,17.34652360493298,20260827
permuted_anchor_pseudo_edge,repository,False,632,16.870475639915725,17.34652360493298,20260827
permuted_anchor_pseudo_edge,repository,False,633,12.977468077013413,17.34652360493298,20260827
permuted_anchor_pseudo_edge,repository,False,634,13.544164497050856,17.34652360493298,20260827
permuted_anchor_pseudo_edge,repository,False,635,11.41029989057894,17.34652360493298,20260827
permuted_anchor_pseudo_edge,repository,False,636,15.605046938193453,17.34652360493298,20260827
permuted_anchor_pseudo_edge,repository,False,637,15.764685259141467,17.34652360493298,20260827
permuted_anchor_pseudo_edge,repository,False,638,14.41853955671479,17.34652360493298,20260827
permuted_anchor_pseudo_edge,repository,False,639,16.76337558691636,17.34652360493298,20260827
permuted_anchor_pseudo_edge,repository,False,640,14.615425846258608,17.34652360493298,20260827
permuted_anchor_pseudo_edge,repository,False,641,20.269649547242352,17.34652360493298,20260827
permuted_anchor_pseudo_edge,repository,False,642,15.768676094348121,17.34652360493298,20260827
permuted_anchor_pseudo_edge,repository,False,643,18.86960407625573,17.34652360493298,20260827
permuted_anchor_pseudo_edge,repository,False,644,12.162924992605616,17.34652360493298,20260827
permuted_anchor_pseudo_edge,repository,False,645,17.054963238384087,17.34652360493298,20260827
permuted_anchor_pseudo_edge,repository,False,646,15.790199952709107,17.34652360493298,20260827
permuted_anchor_pseudo_edge,repository,False,647,18.35082308386708,17.34652360493298,20260827
permuted_anchor_pseudo_edge,repository,False,648,13.222067974763304,17.34652360493298,20260827
permuted_anchor_pseudo_edge,repository,False,649,12.183127340268246,17.34652360493298,20260827
permuted_anchor_pseudo_edge,repository,False,650,15.47892632103679,17.34652360493298,20260827
permuted_anchor_pseudo_edge,repository,False,651,13.235992481395915,17.34652360493298,20260827
permuted_anchor_pseudo_edge,repository,False,652,14.520143423572316,17.34652360493298,20260827
permuted_anchor_pseudo_edge,repository,False,653,15.47013480159295,17.34652360493298,20260827
permuted_anchor_pseudo_edge,repository,False,654,13.66532258292594,17.34652360493298,20260827
permuted_anchor_pseudo_edge,repository,False,655,16.752978430265927,17.34652360493298,20260827
permuted_anchor_pseudo_edge,repository,False,656,15.77437870445825,17.34652360493298,20260827
permuted_anchor_pseudo_edge,repository,False,657,15.878586539935657,17.34652360493298,20260827
permuted_anchor_pseudo_edge,repository,False,658,17.146895095291597,17.34652360493298,20260827
permuted_anchor_pseudo_edge,repository,False,659,18.09756024476452,17.34652360493298,20260827
permuted_anchor_pseudo_edge,repository,False,660,18.602355111272345,17.34652360493298,20260827
permuted_anchor_pseudo_edge,repository,False,661,18.027776992576875,17.34652360493298,20260827
permuted_anchor_pseudo_edge,repository,False,662,15.543662216688107,17.34652360493298,20260827
permuted_anchor_pseudo_edge,repository,False,663,17.900061089118697,17.34652360493298,20260827
permuted_anchor_pseudo_edge,repository,False,664,16.97918174275447,17.34652360493298,20260827
permuted_anchor_pseudo_edge,repository,False,665,17.02295134514215,17.34652360493298,20260827
permuted_anchor_pseudo_edge,repository,False,666,15.826625466724956,17.34652360493298,20260827
permuted_anchor_pseudo_edge,repository,False,667,15.60933763286814,17.34652360493298,20260827
permuted_anchor_pseudo_edge,repository,False,668,17.839019643555524,17.34652360493298,20260827
permuted_anchor_pseudo_edge,repository,False,669,13.598569072904573,17.34652360493298,20260827
permuted_anchor_pseudo_edge,repository,False,670,14.56014590465419,17.34652360493298,20260827
permuted_anchor_pseudo_edge,repository,False,671,13.478159473110898,17.34652360493298,20260827
permuted_anchor_pseudo_edge,repository,False,672,14.250482391962368,17.34652360493298,20260827
permuted_anchor_pseudo_edge,repository,False,673,15.794014901059464,17.34652360493298,20260827
permuted_anchor_pseudo_edge,repository,False,674,17.71641563959087,17.34652360493298,20260827
permuted_anchor_pseudo_edge,repository,False,675,17.702734481104557,17.34652360493298,20260827
permuted_anchor_pseudo_edge,repository,False,676,14.266652380163897,17.34652360493298,20260827
permuted_anchor_pseudo_edge,repository,False,677,14.358138386949074,17.34652360493298,20260827
permuted_anchor_pseudo_edge,repository,False,678,19.067992058170322,17.34652360493298,20260827
permuted_anchor_pseudo_edge,repository,False,679,15.49155358615812,17.34652360493298,20260827
permuted_anchor_pseudo_edge,repository,False,680,13.125734354373945,17.34652360493298,20260827
permuted_anchor_pseudo_edge,repository,False,681,17.715907117374986,17.34652360493298,20260827
permuted_anchor_pseudo_edge,repository,False,682,17.07449304899694,17.34652360493298,20260827
permuted_anchor_pseudo_edge,repository,False,683,16.659765137292993,17.34652360493298,20260827
permuted_anchor_pseudo_edge,repository,False,684,16.28897571613539,17.34652360493298,20260827
permuted_anchor_pseudo_edge,repository,False,685,13.716272145319374,17.34652360493298,20260827
permuted_anchor_pseudo_edge,repository,False,686,15.537111753162819,17.34652360493298,20260827
permuted_anchor_pseudo_edge,repository,False,687,15.514948420625846,17.34652360493298,20260827
permuted_anchor_pseudo_edge,repository,False,688,16.75938204569784,17.34652360493298,20260827
permuted_anchor_pseudo_edge,repository,False,689,13.881968554536284,17.34652360493298,20260827
permuted_anchor_pseudo_edge,repository,False,690,16.54718019091468,17.34652360493298,20260827
permuted_anchor_pseudo_edge,repository,False,691,12.554998979161589,17.34652360493298,20260827
permuted_anchor_pseudo_edge,repository,False,692,17.97371348874992,17.34652360493298,20260827
permuted_anchor_pseudo_edge,repository,False,693,17.92215420136227,17.34652360493298,20260827
permuted_anchor_pseudo_edge,repository,False,694,14.537761390436074,17.34652360493298,20260827
permuted_anchor_pseudo_edge,repository,False,695,16.995632019199352,17.34652360493298,20260827
permuted_anchor_pseudo_edge,repository,False,696,14.07041151553116,17.34652360493298,20260827
permuted_anchor_pseudo_edge,repository,False,697,16.907654715640565,17.34652360493298,20260827
permuted_anchor_pseudo_edge,repository,False,698,14.110255896612072,17.34652360493298,20260827
permuted_anchor_pseudo_edge,repository,False,699,12.132058044947225,17.34652360493298,20260827
permuted_anchor_pseudo_edge,repository,False,700,14.479712650413305,17.34652360493298,20260827
permuted_anchor_pseudo_edge,repository,False,701,17.73533217884326,17.34652360493298,20260827
permuted_anchor_pseudo_edge,repository,False,702,20.309096476082136,17.34652360493298,20260827
permuted_anchor_pseudo_edge,repository,False,703,15.485398189782174,17.34652360493298,20260827
permuted_anchor_pseudo_edge,repository,False,704,15.65673800169806,17.34652360493298,20260827
permuted_anchor_pseudo_edge,repository,False,705,13.22554899773677,17.34652360493298,20260827
permuted_anchor_pseudo_edge,repository,False,706,18.153531781068036,17.34652360493298,20260827
permuted_anchor_pseudo_edge,repository,False,707,12.265500476467423,17.34652360493298,20260827
permuted_anchor_pseudo_edge,repository,False,708,18.30114004087601,17.34652360493298,20260827
permuted_anchor_pseudo_edge,repository,False,709,16.93061338125423,17.34652360493298,20260827
permuted_anchor_pseudo_edge,repository,False,710,15.61362952325182,17.34652360493298,20260827
permuted_anchor_pseudo_edge,repository,False,711,16.91485266802223,17.34652360493298,20260827
permuted_anchor_pseudo_edge,repository,False,712,15.616803055159743,17.34652360493298,20260827
permuted_anchor_pseudo_edge,repository,False,713,14.637420774531565,17.34652360493298,20260827
permuted_anchor_pseudo_edge,repository,False,714,12.740980617059408,17.34652360493298,20260827
permuted_anchor_pseudo_edge,repository,False,715,15.008318126777,17.34652360493298,20260827
permuted_anchor_pseudo_edge,repository,False,716,13.616220328296377,17.34652360493298,20260827
permuted_anchor_pseudo_edge,repository,False,717,13.990317949654136,17.34652360493298,20260827
permuted_anchor_pseudo_edge,repository,False,718,16.906676227136366,17.34652360493298,20260827
permuted_anchor_pseudo_edge,repository,False,719,18.087228847641835,17.34652360493298,20260827
permuted_anchor_pseudo_edge,repository,False,720,14.761643924294033,17.34652360493298,20260827
permuted_anchor_pseudo_edge,repository,False,721,16.768414861640892,17.34652360493298,20260827
permuted_anchor_pseudo_edge,repository,False,722,15.658836079863923,17.34652360493298,20260827
permuted_anchor_pseudo_edge,repository,False,723,15.014403429431509,17.34652360493298,20260827
permuted_anchor_pseudo_edge,repository,False,724,15.542546635382596,17.34652360493298,20260827
permuted_anchor_pseudo_edge,repository,False,725,18.34971337856845,17.34652360493298,20260827
permuted_anchor_pseudo_edge,repository,False,726,17.890613079716605,17.34652360493298,20260827
permuted_anchor_pseudo_edge,repository,False,727,15.90790343564513,17.34652360493298,20260827
permuted_anchor_pseudo_edge,repository,False,728,16.327716597828676,17.34652360493298,20260827
permuted_anchor_pseudo_edge,repository,False,729,15.218961121357822,17.34652360493298,20260827
permuted_anchor_pseudo_edge,repository,False,730,18.05365922119054,17.34652360493298,20260827
permuted_anchor_pseudo_edge,repository,False,731,15.990872272083067,17.34652360493298,20260827
permuted_anchor_pseudo_edge,repository,False,732,14.282869575912363,17.34652360493298,20260827
permuted_anchor_pseudo_edge,repository,False,733,12.419096830159821,17.34652360493298,20260827
permuted_anchor_pseudo_edge,repository,False,734,11.809031196708613,17.34652360493298,20260827
permuted_anchor_pseudo_edge,repository,False,735,17.391375836564,17.34652360493298,20260827
permuted_anchor_pseudo_edge,repository,False,736,15.63520226181509,17.34652360493298,20260827
permuted_anchor_pseudo_edge,repository,False,737,16.737339252124617,17.34652360493298,20260827
permuted_anchor_pseudo_edge,repository,False,738,18.347546196974918,17.34652360493298,20260827
permuted_anchor_pseudo_edge,repository,False,739,14.364148122989862,17.34652360493298,20260827
permuted_anchor_pseudo_edge,repository,False,740,17.4698454128721,17.34652360493298,20260827
permuted_anchor_pseudo_edge,repository,False,741,14.434696338807514,17.34652360493298,20260827
permuted_anchor_pseudo_edge,repository,False,742,13.04852806663512,17.34652360493298,20260827
permuted_anchor_pseudo_edge,repository,False,743,17.01051560600118,17.34652360493298,20260827
permuted_anchor_pseudo_edge,repository,False,744,15.98628639805934,17.34652360493298,20260827
permuted_anchor_pseudo_edge,repository,False,745,15.55803900446873,17.34652360493298,20260827
permuted_anchor_pseudo_edge,repository,False,746,15.582470320441008,17.34652360493298,20260827
permuted_anchor_pseudo_edge,repository,False,747,14.79661672716751,17.34652360493298,20260827
permuted_anchor_pseudo_edge,repository,False,748,16.781281264729998,17.34652360493298,20260827
permuted_anchor_pseudo_edge,repository,False,749,15.548413371543319,17.34652360493298,20260827
permuted_anchor_pseudo_edge,repository,False,750,15.28500044234004,17.34652360493298,20260827
permuted_anchor_pseudo_edge,repository,False,751,13.420003503095677,17.34652360493298,20260827
permuted_anchor_pseudo_edge,repository,False,752,10.303155447402284,17.34652360493298,20260827
permuted_anchor_pseudo_edge,repository,False,753,15.114349762196383,17.34652360493298,20260827
permuted_anchor_pseudo_edge,repository,False,754,14.236328921053445,17.34652360493298,20260827
permuted_anchor_pseudo_edge,repository,False,755,15.554686559851971,17.34652360493298,20260827
permuted_anchor_pseudo_edge,repository,False,756,14.958308199478774,17.34652360493298,20260827
permuted_anchor_pseudo_edge,repository,False,757,16.786487772049348,17.34652360493298,20260827
permuted_anchor_pseudo_edge,repository,False,758,12.561851876234769,17.34652360493298,20260827
permuted_anchor_pseudo_edge,repository,False,759,14.406263080303255,17.34652360493298,20260827
permuted_anchor_pseudo_edge,repository,False,760,14.030949741309474,17.34652360493298,20260827
permuted_anchor_pseudo_edge,repository,False,761,13.82533791942209,17.34652360493298,20260827
permuted_anchor_pseudo_edge,repository,False,762,13.484591380903984,17.34652360493298,20260827
permuted_anchor_pseudo_edge,repository,False,763,16.65658755961,17.34652360493298,20260827
permuted_anchor_pseudo_edge,repository,False,764,16.793972186680865,17.34652360493298,20260827
permuted_anchor_pseudo_edge,repository,False,765,14.454081168938082,17.34652360493298,20260827
permuted_anchor_pseudo_edge,repository,False,766,14.7027510426665,17.34652360493298,20260827
permuted_anchor_pseudo_edge,repository,False,767,13.618536587818294,17.34652360493298,20260827
permuted_anchor_pseudo_edge,repository,False,768,16.117413421822317,17.34652360493298,20260827
permuted_anchor_pseudo_edge,repository,False,769,16.016972235502756,17.34652360493298,20260827
permuted_anchor_pseudo_edge,repository,False,770,13.387945100995063,17.34652360493298,20260827
permuted_anchor_pseudo_edge,repository,False,771,16.747546410030555,17.34652360493298,20260827
permuted_anchor_pseudo_edge,repository,False,772,17.02997464972459,17.34652360493298,20260827
permuted_anchor_pseudo_edge,repository,False,773,17.913736401744572,17.34652360493298,20260827
permuted_anchor_pseudo_edge,repository,False,774,12.487824352849044,17.34652360493298,20260827
permuted_anchor_pseudo_edge,repository,False,775,15.27822266411534,17.34652360493298,20260827
permuted_anchor_pseudo_edge,repository,False,776,16.970226074455464,17.34652360493298,20260827
permuted_anchor_pseudo_edge,repository,False,777,11.96009837593076,17.34652360493298,20260827
permuted_anchor_pseudo_edge,repository,False,778,16.87110900883387,17.34652360493298,20260827
permuted_anchor_pseudo_edge,repository,False,779,13.297455051607098,17.34652360493298,20260827
permuted_anchor_pseudo_edge,repository,False,780,17.10254572127007,17.34652360493298,20260827
permuted_anchor_pseudo_edge,repository,False,781,14.54166915836868,17.34652360493298,20260827
permuted_anchor_pseudo_edge,repository,False,782,18.030092595258484,17.34652360493298,20260827
permuted_anchor_pseudo_edge,repository,False,783,10.88767983849539,17.34652360493298,20260827
permuted_anchor_pseudo_edge,repository,False,784,16.611120967368965,17.34652360493298,20260827
permuted_anchor_pseudo_edge,repository,False,785,15.718152722357562,17.34652360493298,20260827
permuted_anchor_pseudo_edge,repository,False,786,17.860978239172642,17.34652360493298,20260827
permuted_anchor_pseudo_edge,repository,False,787,13.99976173584995,17.34652360493298,20260827
permuted_anchor_pseudo_edge,repository,False,788,16.966261857195597,17.34652360493298,20260827
permuted_anchor_pseudo_edge,repository,False,789,15.881384260229932,17.34652360493298,20260827
permuted_anchor_pseudo_edge,repository,False,790,12.976369647584587,17.34652360493298,20260827
permuted_anchor_pseudo_edge,repository,False,791,12.89877947456185,17.34652360493298,20260827
permuted_anchor_pseudo_edge,repository,False,792,14.117579762042459,17.34652360493298,20260827
permuted_anchor_pseudo_edge,repository,False,793,15.39670507939783,17.34652360493298,20260827
permuted_anchor_pseudo_edge,repository,False,794,16.888272833211264,17.34652360493298,20260827
permuted_anchor_pseudo_edge,repository,False,795,13.985205605203635,17.34652360493298,20260827
permuted_anchor_pseudo_edge,repository,False,796,15.569315759185864,17.34652360493298,20260827
permuted_anchor_pseudo_edge,repository,False,797,14.50688262453734,17.34652360493298,20260827
permuted_anchor_pseudo_edge,repository,False,798,12.018961658631131,17.34652360493298,20260827
permuted_anchor_pseudo_edge,repository,False,799,17.913112957266712,17.34652360493298,20260827
permuted_anchor_pseudo_edge,repository,False,800,12.062064990720968,17.34652360493298,20260827
permuted_anchor_pseudo_edge,repository,False,801,17.21522764289773,17.34652360493298,20260827
permuted_anchor_pseudo_edge,repository,False,802,12.343737983610655,17.34652360493298,20260827
permuted_anchor_pseudo_edge,repository,False,803,17.981134033955662,17.34652360493298,20260827
permuted_anchor_pseudo_edge,repository,False,804,15.746452513864023,17.34652360493298,20260827
permuted_anchor_pseudo_edge,repository,False,805,17.106865106295384,17.34652360493298,20260827
permuted_anchor_pseudo_edge,repository,False,806,14.488273037687293,17.34652360493298,20260827
permuted_anchor_pseudo_edge,repository,False,807,18.08979060911199,17.34652360493298,20260827
permuted_anchor_pseudo_edge,repository,False,808,16.773010288792957,17.34652360493298,20260827
permuted_anchor_pseudo_edge,repository,False,809,15.163433999283793,17.34652360493298,20260827
permuted_anchor_pseudo_edge,repository,False,810,14.575023950990948,17.34652360493298,20260827
permuted_anchor_pseudo_edge,repository,False,811,18.15036087254733,17.34652360493298,20260827
permuted_anchor_pseudo_edge,repository,False,812,17.026201200771453,17.34652360493298,20260827
permuted_anchor_pseudo_edge,repository,False,813,17.026509296708674,17.34652360493298,20260827
permuted_anchor_pseudo_edge,repository,False,814,14.743522117182344,17.34652360493298,20260827
permuted_anchor_pseudo_edge,repository,False,815,12.77778708166242,17.34652360493298,20260827
permuted_anchor_pseudo_edge,repository,False,816,16.067122841020794,17.34652360493298,20260827
permuted_anchor_pseudo_edge,repository,False,817,14.772664880723335,17.34652360493298,20260827
permuted_anchor_pseudo_edge,repository,False,818,16.327100546118,17.34652360493298,20260827
permuted_anchor_pseudo_edge,repository,False,819,18.34518529361692,17.34652360493298,20260827
permuted_anchor_pseudo_edge,repository,False,820,15.79689725389318,17.34652360493298,20260827
permuted_anchor_pseudo_edge,repository,False,821,14.97713339317068,17.34652360493298,20260827
permuted_anchor_pseudo_edge,repository,False,822,14.27233708353762,17.34652360493298,20260827
permuted_anchor_pseudo_edge,repository,False,823,18.078038980699297,17.34652360493298,20260827
permuted_anchor_pseudo_edge,repository,False,824,18.378104263742838,17.34652360493298,20260827
permuted_anchor_pseudo_edge,repository,False,825,13.179513436390994,17.34652360493298,20260827
permuted_anchor_pseudo_edge,repository,False,826,19.144392292934487,17.34652360493298,20260827
permuted_anchor_pseudo_edge,repository,False,827,17.90752509665574,17.34652360493298,20260827
permuted_anchor_pseudo_edge,repository,False,828,15.713640864604919,17.34652360493298,20260827
permuted_anchor_pseudo_edge,repository,False,829,15.532762880874637,17.34652360493298,20260827
permuted_anchor_pseudo_edge,repository,False,830,12.577731938433026,17.34652360493298,20260827
permuted_anchor_pseudo_edge,repository,False,831,13.790262312409638,17.34652360493298,20260827
permuted_anchor_pseudo_edge,repository,False,832,17.318225965997996,17.34652360493298,20260827
permuted_anchor_pseudo_edge,repository,False,833,14.528439355692468,17.34652360493298,20260827
permuted_anchor_pseudo_edge,repository,False,834,15.753363472323075,17.34652360493298,20260827
permuted_anchor_pseudo_edge,repository,False,835,13.159016801474241,17.34652360493298,20260827
permuted_anchor_pseudo_edge,repository,False,836,15.665415909944006,17.34652360493298,20260827
permuted_anchor_pseudo_edge,repository,False,837,13.72626607643111,17.34652360493298,20260827
permuted_anchor_pseudo_edge,repository,False,838,17.893345427861934,17.34652360493298,20260827
permuted_anchor_pseudo_edge,repository,False,839,16.642102843275108,17.34652360493298,20260827
permuted_anchor_pseudo_edge,repository,False,840,15.941885881215342,17.34652360493298,20260827
permuted_anchor_pseudo_edge,repository,False,841,17.55705036191472,17.34652360493298,20260827
permuted_anchor_pseudo_edge,repository,False,842,12.84234757917479,17.34652360493298,20260827
permuted_anchor_pseudo_edge,repository,False,843,15.878386847461707,17.34652360493298,20260827
permuted_anchor_pseudo_edge,repository,False,844,17.95602604000893,17.34652360493298,20260827
permuted_anchor_pseudo_edge,repository,False,845,16.85749504863078,17.34652360493298,20260827
permuted_anchor_pseudo_edge,repository,False,846,18.506580464553004,17.34652360493298,20260827
permuted_anchor_pseudo_edge,repository,False,847,16.240590860149652,17.34652360493298,20260827
permuted_anchor_pseudo_edge,repository,False,848,13.623792100532214,17.34652360493298,20260827
permuted_anchor_pseudo_edge,repository,False,849,15.946900779608708,17.34652360493298,20260827
permuted_anchor_pseudo_edge,repository,False,850,11.347676142798894,17.34652360493298,20260827
permuted_anchor_pseudo_edge,repository,False,851,12.223585749385997,17.34652360493298,20260827
permuted_anchor_pseudo_edge,repository,False,852,17.54116965839857,17.34652360493298,20260827
permuted_anchor_pseudo_edge,repository,False,853,15.67382354164632,17.34652360493298,20260827
permuted_anchor_pseudo_edge,repository,False,854,14.903786831730617,17.34652360493298,20260827
permuted_anchor_pseudo_edge,repository,False,855,16.12994395188203,17.34652360493298,20260827
permuted_anchor_pseudo_edge,repository,False,856,16.269054352724606,17.34652360493298,20260827
permuted_anchor_pseudo_edge,repository,False,857,14.596041874183513,17.34652360493298,20260827
permuted_anchor_pseudo_edge,repository,False,858,16.332040365177527,17.34652360493298,20260827
permuted_anchor_pseudo_edge,repository,False,859,13.005517925460234,17.34652360493298,20260827
permuted_anchor_pseudo_edge,repository,False,860,15.445498307068926,17.34652360493298,20260827
permuted_anchor_pseudo_edge,repository,False,861,13.179081266647339,17.34652360493298,20260827
permuted_anchor_pseudo_edge,repository,False,862,11.687910622333046,17.34652360493298,20260827
permuted_anchor_pseudo_edge,repository,False,863,14.628976071811367,17.34652360493298,20260827
permuted_anchor_pseudo_edge,repository,False,864,13.245463450763845,17.34652360493298,20260827
permuted_anchor_pseudo_edge,repository,False,865,16.800664287535167,17.34652360493298,20260827
permuted_anchor_pseudo_edge,repository,False,866,15.458986560604432,17.34652360493298,20260827
permuted_anchor_pseudo_edge,repository,False,867,16.781112937067775,17.34652360493298,20260827
permuted_anchor_pseudo_edge,repository,False,868,17.20196280933574,17.34652360493298,20260827
permuted_anchor_pseudo_edge,repository,False,869,16.6673551875215,17.34652360493298,20260827
permuted_anchor_pseudo_edge,repository,False,870,15.613356832465799,17.34652360493298,20260827
permuted_anchor_pseudo_edge,repository,False,871,13.274477676871783,17.34652360493298,20260827
permuted_anchor_pseudo_edge,repository,False,872,15.650031558147873,17.34652360493298,20260827
permuted_anchor_pseudo_edge,repository,False,873,9.754147309657627,17.34652360493298,20260827
permuted_anchor_pseudo_edge,repository,False,874,17.742994429912336,17.34652360493298,20260827
permuted_anchor_pseudo_edge,repository,False,875,19.448747939666706,17.34652360493298,20260827
permuted_anchor_pseudo_edge,repository,False,876,14.429327175008746,17.34652360493298,20260827
permuted_anchor_pseudo_edge,repository,False,877,17.013837173969723,17.34652360493298,20260827
permuted_anchor_pseudo_edge,repository,False,878,12.619581245448256,17.34652360493298,20260827
permuted_anchor_pseudo_edge,repository,False,879,15.822445939236468,17.34652360493298,20260827
permuted_anchor_pseudo_edge,repository,False,880,14.519859402616508,17.34652360493298,20260827
permuted_anchor_pseudo_edge,repository,False,881,16.66750445800189,17.34652360493298,20260827
permuted_anchor_pseudo_edge,repository,False,882,14.222762984635457,17.34652360493298,20260827
permuted_anchor_pseudo_edge,repository,False,883,15.44957788867159,17.34652360493298,20260827
permuted_anchor_pseudo_edge,repository,False,884,14.82799452356012,17.34652360493298,20260827
permuted_anchor_pseudo_edge,repository,False,885,16.7328603409917,17.34652360493298,20260827
permuted_anchor_pseudo_edge,repository,False,886,16.36564219057374,17.34652360493298,20260827
permuted_anchor_pseudo_edge,repository,False,887,18.25561160806678,17.34652360493298,20260827
permuted_anchor_pseudo_edge,repository,False,888,19.278321130205043,17.34652360493298,20260827
permuted_anchor_pseudo_edge,repository,False,889,16.88323658408057,17.34652360493298,20260827
permuted_anchor_pseudo_edge,repository,False,890,15.445316089471236,17.34652360493298,20260827
permuted_anchor_pseudo_edge,repository,False,891,17.65403791653519,17.34652360493298,20260827
permuted_anchor_pseudo_edge,repository,False,892,12.382252745506118,17.34652360493298,20260827
permuted_anchor_pseudo_edge,repository,False,893,16.607701999648604,17.34652360493298,20260827
permuted_anchor_pseudo_edge,repository,False,894,13.695392298783347,17.34652360493298,20260827
permuted_anchor_pseudo_edge,repository,False,895,15.452981015592146,17.34652360493298,20260827
permuted_anchor_pseudo_edge,repository,False,896,16.912142818754052,17.34652360493298,20260827
permuted_anchor_pseudo_edge,repository,False,897,14.352446537575926,17.34652360493298,20260827
permuted_anchor_pseudo_edge,repository,False,898,14.42771656787683,17.34652360493298,20260827
permuted_anchor_pseudo_edge,repository,False,899,15.486782123071336,17.34652360493298,20260827
permuted_anchor_pseudo_edge,repository,False,900,17.283242895209106,17.34652360493298,20260827
permuted_anchor_pseudo_edge,repository,False,901,16.433116277343327,17.34652360493298,20260827
permuted_anchor_pseudo_edge,repository,False,902,14.562467966537385,17.34652360493298,20260827
permuted_anchor_pseudo_edge,repository,False,903,14.363678440695288,17.34652360493298,20260827
permuted_anchor_pseudo_edge,repository,False,904,16.5924226217549,17.34652360493298,20260827
permuted_anchor_pseudo_edge,repository,False,905,15.419531033864894,17.34652360493298,20260827
permuted_anchor_pseudo_edge,repository,False,906,16.73954324977881,17.34652360493298,20260827
permuted_anchor_pseudo_edge,repository,False,907,16.838272450165544,17.34652360493298,20260827
permuted_anchor_pseudo_edge,repository,False,908,15.592140177161445,17.34652360493298,20260827
permuted_anchor_pseudo_edge,repository,False,909,11.630906954901702,17.34652360493298,20260827
permuted_anchor_pseudo_edge,repository,False,910,14.103887764699973,17.34652360493298,20260827
permuted_anchor_pseudo_edge,repository,False,911,14.423659604408206,17.34652360493298,20260827
permuted_anchor_pseudo_edge,repository,False,912,14.882816384211427,17.34652360493298,20260827
permuted_anchor_pseudo_edge,repository,False,913,13.435271460313958,17.34652360493298,20260827
permuted_anchor_pseudo_edge,repository,False,914,12.121467234818125,17.34652360493298,20260827
permuted_anchor_pseudo_edge,repository,False,915,16.022605248384295,17.34652360493298,20260827
permuted_anchor_pseudo_edge,repository,False,916,13.234338359324745,17.34652360493298,20260827
permuted_anchor_pseudo_edge,repository,False,917,17.95159227342944,17.34652360493298,20260827
permuted_anchor_pseudo_edge,repository,False,918,16.629926283567716,17.34652360493298,20260827
permuted_anchor_pseudo_edge,repository,False,919,15.317010599224904,17.34652360493298,20260827
permuted_anchor_pseudo_edge,repository,False,920,15.881708727142883,17.34652360493298,20260827
permuted_anchor_pseudo_edge,repository,False,921,15.979382274803292,17.34652360493298,20260827
permuted_anchor_pseudo_edge,repository,False,922,15.472915931320214,17.34652360493298,20260827
permuted_anchor_pseudo_edge,repository,False,923,16.599200510763342,17.34652360493298,20260827
permuted_anchor_pseudo_edge,repository,False,924,13.521820148928882,17.34652360493298,20260827
permuted_anchor_pseudo_edge,repository,False,925,13.233629651281559,17.34652360493298,20260827
permuted_anchor_pseudo_edge,repository,False,926,13.32019921669839,17.34652360493298,20260827
permuted_anchor_pseudo_edge,repository,False,927,14.914234925658032,17.34652360493298,20260827
permuted_anchor_pseudo_edge,repository,False,928,15.604134247177138,17.34652360493298,20260827
permuted_anchor_pseudo_edge,repository,False,929,18.039595559979936,17.34652360493298,20260827
permuted_anchor_pseudo_edge,repository,False,930,16.77834747388526,17.34652360493298,20260827
permuted_anchor_pseudo_edge,repository,False,931,17.639647244538782,17.34652360493298,20260827
permuted_anchor_pseudo_edge,repository,False,932,14.723889466814882,17.34652360493298,20260827
permuted_anchor_pseudo_edge,repository,False,933,15.268178657267825,17.34652360493298,20260827
permuted_anchor_pseudo_edge,repository,False,934,16.943325267043708,17.34652360493298,20260827
permuted_anchor_pseudo_edge,repository,False,935,15.470486596747946,17.34652360493298,20260827
permuted_anchor_pseudo_edge,repository,False,936,14.577375900203254,17.34652360493298,20260827
permuted_anchor_pseudo_edge,repository,False,937,15.369456952965892,17.34652360493298,20260827
permuted_anchor_pseudo_edge,repository,False,938,14.11617166830211,17.34652360493298,20260827
permuted_anchor_pseudo_edge,repository,False,939,13.283717674338078,17.34652360493298,20260827
permuted_anchor_pseudo_edge,repository,False,940,13.611375273292223,17.34652360493298,20260827
permuted_anchor_pseudo_edge,repository,False,941,17.013301879485322,17.34652360493298,20260827
permuted_anchor_pseudo_edge,repository,False,942,16.851883662092888,17.34652360493298,20260827
permuted_anchor_pseudo_edge,repository,False,943,15.39061531081137,17.34652360493298,20260827
permuted_anchor_pseudo_edge,repository,False,944,15.900680023345526,17.34652360493298,20260827
permuted_anchor_pseudo_edge,repository,False,945,15.812754261633636,17.34652360493298,20260827
permuted_anchor_pseudo_edge,repository,False,946,18.18176976772857,17.34652360493298,20260827
permuted_anchor_pseudo_edge,repository,False,947,15.376084119546036,17.34652360493298,20260827
permuted_anchor_pseudo_edge,repository,False,948,16.31839819902877,17.34652360493298,20260827
permuted_anchor_pseudo_edge,repository,False,949,14.343688885606017,17.34652360493298,20260827
permuted_anchor_pseudo_edge,repository,False,950,14.56417739748827,17.34652360493298,20260827
permuted_anchor_pseudo_edge,repository,False,951,15.556932418531272,17.34652360493298,20260827
permuted_anchor_pseudo_edge,repository,False,952,12.598495735118739,17.34652360493298,20260827
permuted_anchor_pseudo_edge,repository,False,953,15.258647488536997,17.34652360493298,20260827
permuted_anchor_pseudo_edge,repository,False,954,16.870871878969627,17.34652360493298,20260827
permuted_anchor_pseudo_edge,repository,False,955,16.706647447760396,17.34652360493298,20260827
permuted_anchor_pseudo_edge,repository,False,956,20.378870443413334,17.34652360493298,20260827
permuted_anchor_pseudo_edge,repository,False,957,14.15492483511193,17.34652360493298,20260827
permuted_anchor_pseudo_edge,repository,False,958,15.643601265518004,17.34652360493298,20260827
permuted_anchor_pseudo_edge,repository,False,959,15.273868963697307,17.34652360493298,20260827
permuted_anchor_pseudo_edge,repository,False,960,14.28290010387689,17.34652360493298,20260827
permuted_anchor_pseudo_edge,repository,False,961,15.747458553073908,17.34652360493298,20260827
permuted_anchor_pseudo_edge,repository,False,962,15.475351027627173,17.34652360493298,20260827
permuted_anchor_pseudo_edge,repository,False,963,16.77050356184255,17.34652360493298,20260827
permuted_anchor_pseudo_edge,repository,False,964,14.43982858111795,17.34652360493298,20260827
permuted_anchor_pseudo_edge,repository,False,965,16.927725029819605,17.34652360493298,20260827
permuted_anchor_pseudo_edge,repository,False,966,13.50322333420941,17.34652360493298,20260827
permuted_anchor_pseudo_edge,repository,False,967,18.00953414401643,17.34652360493298,20260827
permuted_anchor_pseudo_edge,repository,False,968,14.95217684499803,17.34652360493298,20260827
permuted_anchor_pseudo_edge,repository,False,969,15.296139239290977,17.34652360493298,20260827
permuted_anchor_pseudo_edge,repository,False,970,15.751876421884676,17.34652360493298,20260827
permuted_anchor_pseudo_edge,repository,False,971,14.621039060263582,17.34652360493298,20260827
permuted_anchor_pseudo_edge,repository,False,972,15.763836985496091,17.34652360493298,20260827
permuted_anchor_pseudo_edge,repository,False,973,16.505556189146358,17.34652360493298,20260827
permuted_anchor_pseudo_edge,repository,False,974,14.770449655329518,17.34652360493298,20260827
permuted_anchor_pseudo_edge,repository,False,975,15.215566393264604,17.34652360493298,20260827
permuted_anchor_pseudo_edge,repository,False,976,16.99851649113943,17.34652360493298,20260827
permuted_anchor_pseudo_edge,repository,False,977,16.933212988985716,17.34652360493298,20260827
permuted_anchor_pseudo_edge,repository,False,978,15.470600876935697,17.34652360493298,20260827
permuted_anchor_pseudo_edge,repository,False,979,15.49454469788768,17.34652360493298,20260827
permuted_anchor_pseudo_edge,repository,False,980,16.899333798479894,17.34652360493298,20260827
permuted_anchor_pseudo_edge,repository,False,981,15.501592622163823,17.34652360493298,20260827
permuted_anchor_pseudo_edge,repository,False,982,17.884218257631336,17.34652360493298,20260827
permuted_anchor_pseudo_edge,repository,False,983,15.322812850317751,17.34652360493298,20260827
permuted_anchor_pseudo_edge,repository,False,984,14.615936655384914,17.34652360493298,20260827
permuted_anchor_pseudo_edge,repository,False,985,15.50918743033464,17.34652360493298,20260827
permuted_anchor_pseudo_edge,repository,False,986,15.901005717770206,17.34652360493298,20260827
permuted_anchor_pseudo_edge,repository,False,987,16.69015646626781,17.34652360493298,20260827
permuted_anchor_pseudo_edge,repository,False,988,16.752401993867462,17.34652360493298,20260827
permuted_anchor_pseudo_edge,repository,False,989,14.718318049837423,17.34652360493298,20260827
permuted_anchor_pseudo_edge,repository,False,990,16.75382429327203,17.34652360493298,20260827
permuted_anchor_pseudo_edge,repository,False,991,14.781416639098738,17.34652360493298,20260827
permuted_anchor_pseudo_edge,repository,False,992,14.735362648508051,17.34652360493298,20260827
permuted_anchor_pseudo_edge,repository,False,993,16.683163429840867,17.34652360493298,20260827
permuted_anchor_pseudo_edge,repository,False,994,17.3348133263016,17.34652360493298,20260827
permuted_anchor_pseudo_edge,repository,False,995,15.903407208653904,17.34652360493298,20260827
permuted_anchor_pseudo_edge,repository,False,996,15.695325623445413,17.34652360493298,20260827
permuted_anchor_pseudo_edge,repository,False,997,15.999295992741425,17.34652360493298,20260827
permuted_anchor_pseudo_edge,repository,False,998,14.680707054156578,17.34652360493298,20260827
permuted_anchor_pseudo_edge,repository,False,999,16.522865500428658,17.34652360493298,20260827
permuted_anchor_pseudo_edge,repository,False,1000,16.8389227220522,17.34652360493298,20260827
permuted_anchor_pseudo_edge,repository,False,1001,15.607429702852322,17.34652360493298,20260827
permuted_anchor_pseudo_edge,repository,False,1002,17.157625118949717,17.34652360493298,20260827
permuted_anchor_pseudo_edge,repository,False,1003,12.193996711656434,17.34652360493298,20260827
permuted_anchor_pseudo_edge,repository,False,1004,15.727072601230521,17.34652360493298,20260827
permuted_anchor_pseudo_edge,repository,False,1005,15.573560900281786,17.34652360493298,20260827
permuted_anchor_pseudo_edge,repository,False,1006,14.191278092645051,17.34652360493298,20260827
permuted_anchor_pseudo_edge,repository,False,1007,14.507670555307733,17.34652360493298,20260827
permuted_anchor_pseudo_edge,repository,False,1008,14.89065861924379,17.34652360493298,20260827
permuted_anchor_pseudo_edge,repository,False,1009,13.456666699707792,17.34652360493298,20260827
permuted_anchor_pseudo_edge,repository,False,1010,17.997302909511536,17.34652360493298,20260827
permuted_anchor_pseudo_edge,repository,False,1011,15.120501470470726,17.34652360493298,20260827
permuted_anchor_pseudo_edge,repository,False,1012,14.465268861868886,17.34652360493298,20260827
permuted_anchor_pseudo_edge,repository,False,1013,15.33698226342598,17.34652360493298,20260827
permuted_anchor_pseudo_edge,repository,False,1014,14.427388589287984,17.34652360493298,20260827
permuted_anchor_pseudo_edge,repository,False,1015,13.254589543594324,17.34652360493298,20260827
permuted_anchor_pseudo_edge,repository,False,1016,13.399504851045629,17.34652360493298,20260827
permuted_anchor_pseudo_edge,repository,False,1017,11.434371690086168,17.34652360493298,20260827
permuted_anchor_pseudo_edge,repository,False,1018,17.707381612945657,17.34652360493298,20260827
permuted_anchor_pseudo_edge,repository,False,1019,17.43322994844889,17.34652360493298,20260827
permuted_anchor_pseudo_edge,repository,False,1020,16.47152462987698,17.34652360493298,20260827
permuted_anchor_pseudo_edge,repository,False,1021,15.194067211353577,17.34652360493298,20260827
permuted_anchor_pseudo_edge,repository,False,1022,14.48370341745838,17.34652360493298,20260827
permuted_anchor_pseudo_edge,repository,False,1023,13.263863940067932,17.34652360493298,20260827
permuted_anchor_pseudo_edge,repository,False,1024,14.591053535600858,17.34652360493298,20260827
permuted_anchor_pseudo_edge,repository,False,1025,17.162529326718857,17.34652360493298,20260827
permuted_anchor_pseudo_edge,repository,False,1026,16.4235313093437,17.34652360493298,20260827
permuted_anchor_pseudo_edge,repository,False,1027,14.915550105862154,17.34652360493298,20260827
permuted_anchor_pseudo_edge,repository,False,1028,17.014748379405784,17.34652360493298,20260827
permuted_anchor_pseudo_edge,repository,False,1029,17.359772338946495,17.34652360493298,20260827
permuted_anchor_pseudo_edge,repository,False,1030,16.889020503955773,17.34652360493298,20260827
permuted_anchor_pseudo_edge,repository,False,1031,16.402553388231077,17.34652360493298,20260827
permuted_anchor_pseudo_edge,repository,False,1032,16.481182475291625,17.34652360493298,20260827
permuted_anchor_pseudo_edge,repository,False,1033,16.85820570798039,17.34652360493298,20260827
permuted_anchor_pseudo_edge,repository,False,1034,16.614010346367348,17.34652360493298,20260827
permuted_anchor_pseudo_edge,repository,False,1035,15.702184445490047,17.34652360493298,20260827
permuted_anchor_pseudo_edge,repository,False,1036,15.80865456383275,17.34652360493298,20260827
permuted_anchor_pseudo_edge,repository,False,1037,16.83273821030471,17.34652360493298,20260827
permuted_anchor_pseudo_edge,repository,False,1038,13.79008820423833,17.34652360493298,20260827
permuted_anchor_pseudo_edge,repository,False,1039,13.40538538141768,17.34652360493298,20260827
permuted_anchor_pseudo_edge,repository,False,1040,18.545123690116146,17.34652360493298,20260827
permuted_anchor_pseudo_edge,repository,False,1041,16.97791922824485,17.34652360493298,20260827
permuted_anchor_pseudo_edge,repository,False,1042,12.59945993923206,17.34652360493298,20260827
permuted_anchor_pseudo_edge,repository,False,1043,12.88001858872484,17.34652360493298,20260827
permuted_anchor_pseudo_edge,repository,False,1044,15.502912042141562,17.34652360493298,20260827
permuted_anchor_pseudo_edge,repository,False,1045,15.306818668212486,17.34652360493298,20260827
permuted_anchor_pseudo_edge,repository,False,1046,16.540606702672505,17.34652360493298,20260827
permuted_anchor_pseudo_edge,repository,False,1047,15.393957452365761,17.34652360493298,20260827
permuted_anchor_pseudo_edge,repository,False,1048,15.566433453097057,17.34652360493298,20260827
permuted_anchor_pseudo_edge,repository,False,1049,16.85076462958349,17.34652360493298,20260827
permuted_anchor_pseudo_edge,repository,False,1050,16.897141947461993,17.34652360493298,20260827
permuted_anchor_pseudo_edge,repository,False,1051,15.583712359090482,17.34652360493298,20260827
permuted_anchor_pseudo_edge,repository,False,1052,15.174457834149472,17.34652360493298,20260827
permuted_anchor_pseudo_edge,repository,False,1053,14.163491086411373,17.34652360493298,20260827
permuted_anchor_pseudo_edge,repository,False,1054,15.741246183349672,17.34652360493298,20260827
permuted_anchor_pseudo_edge,repository,False,1055,14.20380230726635,17.34652360493298,20260827
permuted_anchor_pseudo_edge,repository,False,1056,17.798812452304613,17.34652360493298,20260827
permuted_anchor_pseudo_edge,repository,False,1057,14.650212536218055,17.34652360493298,20260827
permuted_anchor_pseudo_edge,repository,False,1058,14.440467474414262,17.34652360493298,20260827
permuted_anchor_pseudo_edge,repository,False,1059,14.398969407617967,17.34652360493298,20260827
permuted_anchor_pseudo_edge,repository,False,1060,16.155241224980852,17.34652360493298,20260827
permuted_anchor_pseudo_edge,repository,False,1061,15.905243768610413,17.34652360493298,20260827
permuted_anchor_pseudo_edge,repository,False,1062,14.72845208358142,17.34652360493298,20260827
permuted_anchor_pseudo_edge,repository,False,1063,15.470618598909505,17.34652360493298,20260827
permuted_anchor_pseudo_edge,repository,False,1064,15.39845253758006,17.34652360493298,20260827
permuted_anchor_pseudo_edge,repository,False,1065,13.405189820172966,17.34652360493298,20260827
permuted_anchor_pseudo_edge,repository,False,1066,16.646505856234715,17.34652360493298,20260827
permuted_anchor_pseudo_edge,repository,False,1067,13.526305414606664,17.34652360493298,20260827
permuted_anchor_pseudo_edge,repository,False,1068,15.415861795989173,17.34652360493298,20260827
permuted_anchor_pseudo_edge,repository,False,1069,14.889391079726153,17.34652360493298,20260827
permuted_anchor_pseudo_edge,repository,False,1070,15.601453832918502,17.34652360493298,20260827
permuted_anchor_pseudo_edge,repository,False,1071,16.960846277496763,17.34652360493298,20260827
permuted_anchor_pseudo_edge,repository,False,1072,18.26291108877747,17.34652360493298,20260827
permuted_anchor_pseudo_edge,repository,False,1073,14.300735828151081,17.34652360493298,20260827
permuted_anchor_pseudo_edge,repository,False,1074,13.02748813388461,17.34652360493298,20260827
permuted_anchor_pseudo_edge,repository,False,1075,19.137360683551965,17.34652360493298,20260827
permuted_anchor_pseudo_edge,repository,False,1076,15.211414466206055,17.34652360493298,20260827
permuted_anchor_pseudo_edge,repository,False,1077,13.097028474142189,17.34652360493298,20260827
permuted_anchor_pseudo_edge,repository,False,1078,15.499937450609872,17.34652360493298,20260827
permuted_anchor_pseudo_edge,repository,False,1079,14.321712673786848,17.34652360493298,20260827
permuted_anchor_pseudo_edge,repository,False,1080,16.157488785419112,17.34652360493298,20260827
permuted_anchor_pseudo_edge,repository,False,1081,15.907011500010812,17.34652360493298,20260827
permuted_anchor_pseudo_edge,repository,False,1082,14.789551377084544,17.34652360493298,20260827
permuted_anchor_pseudo_edge,repository,False,1083,14.40174169450494,17.34652360493298,20260827
permuted_anchor_pseudo_edge,repository,False,1084,17.461271819162537,17.34652360493298,20260827
permuted_anchor_pseudo_edge,repository,False,1085,13.2450719482958,17.34652360493298,20260827
permuted_anchor_pseudo_edge,repository,False,1086,15.541980426943178,17.34652360493298,20260827
permuted_anchor_pseudo_edge,repository,False,1087,15.153608270687558,17.34652360493298,20260827
permuted_anchor_pseudo_edge,repository,False,1088,15.311449847444921,17.34652360493298,20260827
permuted_anchor_pseudo_edge,repository,False,1089,14.795396401306366,17.34652360493298,20260827
permuted_anchor_pseudo_edge,repository,False,1090,16.123151027726493,17.34652360493298,20260827
permuted_anchor_pseudo_edge,repository,False,1091,17.455341037734048,17.34652360493298,20260827
permuted_anchor_pseudo_edge,repository,False,1092,15.110498223081919,17.34652360493298,20260827
permuted_anchor_pseudo_edge,repository,False,1093,11.137489613587139,17.34652360493298,20260827
permuted_anchor_pseudo_edge,repository,False,1094,15.134145948174604,17.34652360493298,20260827
permuted_anchor_pseudo_edge,repository,False,1095,16.842537429517233,17.34652360493298,20260827
permuted_anchor_pseudo_edge,repository,False,1096,17.587092722625954,17.34652360493298,20260827
permuted_anchor_pseudo_edge,repository,False,1097,14.742950059370791,17.34652360493298,20260827
permuted_anchor_pseudo_edge,repository,False,1098,16.59560493761303,17.34652360493298,20260827
permuted_anchor_pseudo_edge,repository,False,1099,14.641468255247217,17.34652360493298,20260827
permuted_anchor_pseudo_edge,repository,False,1100,15.386734136349546,17.34652360493298,20260827
permuted_anchor_pseudo_edge,repository,False,1101,14.86522859222053,17.34652360493298,20260827
permuted_anchor_pseudo_edge,repository,False,1102,14.652677389482893,17.34652360493298,20260827
permuted_anchor_pseudo_edge,repository,False,1103,15.78374652614877,17.34652360493298,20260827
permuted_anchor_pseudo_edge,repository,False,1104,15.302369178055129,17.34652360493298,20260827
permuted_anchor_pseudo_edge,repository,False,1105,16.71227859633182,17.34652360493298,20260827
permuted_anchor_pseudo_edge,repository,False,1106,15.436560937110666,17.34652360493298,20260827
permuted_anchor_pseudo_edge,repository,False,1107,16.5260871673187,17.34652360493298,20260827
permuted_anchor_pseudo_edge,repository,False,1108,11.985834089232057,17.34652360493298,20260827
permuted_anchor_pseudo_edge,repository,False,1109,16.83392966382367,17.34652360493298,20260827
permuted_anchor_pseudo_edge,repository,False,1110,16.628807050403076,17.34652360493298,20260827
permuted_anchor_pseudo_edge,repository,False,1111,18.60192952330406,17.34652360493298,20260827
permuted_anchor_pseudo_edge,repository,False,1112,19.142565502904585,17.34652360493298,20260827
permuted_anchor_pseudo_edge,repository,False,1113,12.34660440837442,17.34652360493298,20260827
permuted_anchor_pseudo_edge,repository,False,1114,14.516323526152796,17.34652360493298,20260827
permuted_anchor_pseudo_edge,repository,False,1115,15.305420341208558,17.34652360493298,20260827
permuted_anchor_pseudo_edge,repository,False,1116,16.368783818175867,17.34652360493298,20260827
permuted_anchor_pseudo_edge,repository,False,1117,15.85130459782213,17.34652360493298,20260827
permuted_anchor_pseudo_edge,repository,False,1118,18.94936434588094,17.34652360493298,20260827
permuted_anchor_pseudo_edge,repository,False,1119,10.839875032852158,17.34652360493298,20260827
permuted_anchor_pseudo_edge,repository,False,1120,13.07906416280256,17.34652360493298,20260827
permuted_anchor_pseudo_edge,repository,False,1121,14.03523886538451,17.34652360493298,20260827
permuted_anchor_pseudo_edge,repository,False,1122,18.827071021216895,17.34652360493298,20260827
permuted_anchor_pseudo_edge,repository,False,1123,14.169078793375526,17.34652360493298,20260827
permuted_anchor_pseudo_edge,repository,False,1124,15.375533129372329,17.34652360493298,20260827
permuted_anchor_pseudo_edge,repository,False,1125,14.54317085484999,17.34652360493298,20260827
permuted_anchor_pseudo_edge,repository,False,1126,13.048139746048177,17.34652360493298,20260827
permuted_anchor_pseudo_edge,repository,False,1127,17.80796150018266,17.34652360493298,20260827
permuted_anchor_pseudo_edge,repository,False,1128,13.148392601658038,17.34652360493298,20260827
permuted_anchor_pseudo_edge,repository,False,1129,17.93113544103803,17.34652360493298,20260827
permuted_anchor_pseudo_edge,repository,False,1130,16.178181430736334,17.34652360493298,20260827
permuted_anchor_pseudo_edge,repository,False,1131,11.971771797483227,17.34652360493298,20260827
permuted_anchor_pseudo_edge,repository,False,1132,18.81835829914748,17.34652360493298,20260827
permuted_anchor_pseudo_edge,repository,False,1133,15.915038554893549,17.34652360493298,20260827
permuted_anchor_pseudo_edge,repository,False,1134,13.125839182506278,17.34652360493298,20260827
permuted_anchor_pseudo_edge,repository,False,1135,16.924523901749556,17.34652360493298,20260827
permuted_anchor_pseudo_edge,repository,False,1136,12.984589044782533,17.34652360493298,20260827
permuted_anchor_pseudo_edge,repository,False,1137,16.850995152117164,17.34652360493298,20260827
permuted_anchor_pseudo_edge,repository,False,1138,15.722208040425961,17.34652360493298,20260827
permuted_anchor_pseudo_edge,repository,False,1139,17.683380505249524,17.34652360493298,20260827
permuted_anchor_pseudo_edge,repository,False,1140,14.750147169357037,17.34652360493298,20260827
permuted_anchor_pseudo_edge,repository,False,1141,16.85956421915135,17.34652360493298,20260827
permuted_anchor_pseudo_edge,repository,False,1142,13.433342870465006,17.34652360493298,20260827
permuted_anchor_pseudo_edge,repository,False,1143,16.911916965695475,17.34652360493298,20260827
permuted_anchor_pseudo_edge,repository,False,1144,15.848235817107664,17.34652360493298,20260827
permuted_anchor_pseudo_edge,repository,False,1145,15.406009278128021,17.34652360493298,20260827
permuted_anchor_pseudo_edge,repository,False,1146,17.122736463203555,17.34652360493298,20260827
permuted_anchor_pseudo_edge,repository,False,1147,15.808889438980092,17.34652360493298,20260827
permuted_anchor_pseudo_edge,repository,False,1148,15.965405916509065,17.34652360493298,20260827
permuted_anchor_pseudo_edge,repository,False,1149,13.472451402332622,17.34652360493298,20260827
permuted_anchor_pseudo_edge,repository,False,1150,15.261138515023328,17.34652360493298,20260827
permuted_anchor_pseudo_edge,repository,False,1151,14.670801317597377,17.34652360493298,20260827
permuted_anchor_pseudo_edge,repository,False,1152,14.577732415905519,17.34652360493298,20260827
permuted_anchor_pseudo_edge,repository,False,1153,14.327101476097686,17.34652360493298,20260827
permuted_anchor_pseudo_edge,repository,False,1154,15.326357223274552,17.34652360493298,20260827
permuted_anchor_pseudo_edge,repository,False,1155,17.16310822536997,17.34652360493298,20260827
permuted_anchor_pseudo_edge,repository,False,1156,17.095522572667562,17.34652360493298,20260827
permuted_anchor_pseudo_edge,repository,False,1157,14.493802080589155,17.34652360493298,20260827
permuted_anchor_pseudo_edge,repository,False,1158,14.090209779488664,17.34652360493298,20260827
permuted_anchor_pseudo_edge,repository,False,1159,11.561623409396633,17.34652360493298,20260827
permuted_anchor_pseudo_edge,repository,False,1160,17.946310302872988,17.34652360493298,20260827
permuted_anchor_pseudo_edge,repository,False,1161,16.330701209402935,17.34652360493298,20260827
permuted_anchor_pseudo_edge,repository,False,1162,11.154363099481488,17.34652360493298,20260827
permuted_anchor_pseudo_edge,repository,False,1163,15.731478046381595,17.34652360493298,20260827
permuted_anchor_pseudo_edge,repository,False,1164,15.610232763619578,17.34652360493298,20260827
permuted_anchor_pseudo_edge,repository,False,1165,14.257659120565954,17.34652360493298,20260827
permuted_anchor_pseudo_edge,repository,False,1166,18.832701258311936,17.34652360493298,20260827
permuted_anchor_pseudo_edge,repository,False,1167,14.274602867070424,17.34652360493298,20260827
permuted_anchor_pseudo_edge,repository,False,1168,16.5372256829929,17.34652360493298,20260827
permuted_anchor_pseudo_edge,repository,False,1169,11.314555822942921,17.34652360493298,20260827
permuted_anchor_pseudo_edge,repository,False,1170,14.0140420379606,17.34652360493298,20260827
permuted_anchor_pseudo_edge,repository,False,1171,16.9798027347187,17.34652360493298,20260827
permuted_anchor_pseudo_edge,repository,False,1172,15.274389270814037,17.34652360493298,20260827
permuted_anchor_pseudo_edge,repository,False,1173,16.418329082809517,17.34652360493298,20260827
permuted_anchor_pseudo_edge,repository,False,1174,15.83568085471527,17.34652360493298,20260827
permuted_anchor_pseudo_edge,repository,False,1175,14.225898584034283,17.34652360493298,20260827
permuted_anchor_pseudo_edge,repository,False,1176,14.09709082931978,17.34652360493298,20260827
permuted_anchor_pseudo_edge,repository,False,1177,12.65132354301187,17.34652360493298,20260827
permuted_anchor_pseudo_edge,repository,False,1178,16.074731618894518,17.34652360493298,20260827
permuted_anchor_pseudo_edge,repository,False,1179,14.43689138682014,17.34652360493298,20260827
permuted_anchor_pseudo_edge,repository,False,1180,14.416643678622028,17.34652360493298,20260827
permuted_anchor_pseudo_edge,repository,False,1181,14.760945969088231,17.34652360493298,20260827
permuted_anchor_pseudo_edge,repository,False,1182,14.9827963497842,17.34652360493298,20260827
permuted_anchor_pseudo_edge,repository,False,1183,16.283219123790968,17.34652360493298,20260827
permuted_anchor_pseudo_edge,repository,False,1184,13.375492281698772,17.34652360493298,20260827
permuted_anchor_pseudo_edge,repository,False,1185,16.037887834432357,17.34652360493298,20260827
permuted_anchor_pseudo_edge,repository,False,1186,15.456239693109703,17.34652360493298,20260827
permuted_anchor_pseudo_edge,repository,False,1187,12.880472861406442,17.34652360493298,20260827
permuted_anchor_pseudo_edge,repository,False,1188,14.59993234030268,17.34652360493298,20260827
permuted_anchor_pseudo_edge,repository,False,1189,13.967542643641256,17.34652360493298,20260827
permuted_anchor_pseudo_edge,repository,False,1190,13.282120720129495,17.34652360493298,20260827
permuted_anchor_pseudo_edge,repository,False,1191,13.30359638472698,17.34652360493298,20260827
permuted_anchor_pseudo_edge,repository,False,1192,15.535715915925666,17.34652360493298,20260827
permuted_anchor_pseudo_edge,repository,False,1193,14.231298419982302,17.34652360493298,20260827
permuted_anchor_pseudo_edge,repository,False,1194,15.211846983060937,17.34652360493298,20260827
permuted_anchor_pseudo_edge,repository,False,1195,16.634272787247287,17.34652360493298,20260827
permuted_anchor_pseudo_edge,repository,False,1196,18.35265302413725,17.34652360493298,20260827
permuted_anchor_pseudo_edge,repository,False,1197,17.583493639132712,17.34652360493298,20260827
permuted_anchor_pseudo_edge,repository,False,1198,15.761348327732607,17.34652360493298,20260827
permuted_anchor_pseudo_edge,repository,False,1199,17.174095056566955,17.34652360493298,20260827
permuted_anchor_pseudo_edge,repository,False,1200,16.62598259977913,17.34652360493298,20260827
permuted_anchor_pseudo_edge,repository,False,1201,12.084802722876187,17.34652360493298,20260827
permuted_anchor_pseudo_edge,repository,False,1202,15.160696320253649,17.34652360493298,20260827
permuted_anchor_pseudo_edge,repository,False,1203,12.745593354218224,17.34652360493298,20260827
permuted_anchor_pseudo_edge,repository,False,1204,13.225633954378202,17.34652360493298,20260827
permuted_anchor_pseudo_edge,repository,False,1205,15.882445949481555,17.34652360493298,20260827
permuted_anchor_pseudo_edge,repository,False,1206,13.629772009627525,17.34652360493298,20260827
permuted_anchor_pseudo_edge,repository,False,1207,16.446519570315317,17.34652360493298,20260827
permuted_anchor_pseudo_edge,repository,False,1208,17.044782169648254,17.34652360493298,20260827
permuted_anchor_pseudo_edge,repository,False,1209,14.415684846072264,17.34652360493298,20260827
permuted_anchor_pseudo_edge,repository,False,1210,15.869998472619043,17.34652360493298,20260827
permuted_anchor_pseudo_edge,repository,False,1211,17.275814194217794,17.34652360493298,20260827
permuted_anchor_pseudo_edge,repository,False,1212,13.677682016115009,17.34652360493298,20260827
permuted_anchor_pseudo_edge,repository,False,1213,16.039586250899486,17.34652360493298,20260827
permuted_anchor_pseudo_edge,repository,False,1214,14.323119127761776,17.34652360493298,20260827
permuted_anchor_pseudo_edge,repository,False,1215,14.45308997489763,17.34652360493298,20260827
permuted_anchor_pseudo_edge,repository,False,1216,14.158979823358205,17.34652360493298,20260827
permuted_anchor_pseudo_edge,repository,False,1217,14.87579965353677,17.34652360493298,20260827
permuted_anchor_pseudo_edge,repository,False,1218,14.0920034459246,17.34652360493298,20260827
permuted_anchor_pseudo_edge,repository,False,1219,15.494897362400605,17.34652360493298,20260827
permuted_anchor_pseudo_edge,repository,False,1220,17.959805756670907,17.34652360493298,20260827
permuted_anchor_pseudo_edge,repository,False,1221,15.058781332993732,17.34652360493298,20260827
permuted_anchor_pseudo_edge,repository,False,1222,14.330034804602915,17.34652360493298,20260827
permuted_anchor_pseudo_edge,repository,False,1223,12.24594717850679,17.34652360493298,20260827
permuted_anchor_pseudo_edge,repository,False,1224,16.49356314912579,17.34652360493298,20260827
permuted_anchor_pseudo_edge,repository,False,1225,13.187558175240666,17.34652360493298,20260827
permuted_anchor_pseudo_edge,repository,False,1226,16.68591739069115,17.34652360493298,20260827
permuted_anchor_pseudo_edge,repository,False,1227,14.34895590517789,17.34652360493298,20260827
permuted_anchor_pseudo_edge,repository,False,1228,13.69740334370457,17.34652360493298,20260827
permuted_anchor_pseudo_edge,repository,False,1229,14.303401800350827,17.34652360493298,20260827
permuted_anchor_pseudo_edge,repository,False,1230,15.832023771182893,17.34652360493298,20260827
permuted_anchor_pseudo_edge,repository,False,1231,15.208834167216883,17.34652360493298,20260827
permuted_anchor_pseudo_edge,repository,False,1232,14.711226259731564,17.34652360493298,20260827
permuted_anchor_pseudo_edge,repository,False,1233,16.579372787571195,17.34652360493298,20260827
permuted_anchor_pseudo_edge,repository,False,1234,14.930371351974618,17.34652360493298,20260827
permuted_anchor_pseudo_edge,repository,False,1235,16.104701043760137,17.34652360493298,20260827
permuted_anchor_pseudo_edge,repository,False,1236,15.624568827899177,17.34652360493298,20260827
permuted_anchor_pseudo_edge,repository,False,1237,17.109749488605146,17.34652360493298,20260827
permuted_anchor_pseudo_edge,repository,False,1238,19.0598745448116,17.34652360493298,20260827
permuted_anchor_pseudo_edge,repository,False,1239,15.356231071246723,17.34652360493298,20260827
permuted_anchor_pseudo_edge,repository,False,1240,15.381140464534834,17.34652360493298,20260827
permuted_anchor_pseudo_edge,repository,False,1241,13.453396824513359,17.34652360493298,20260827
permuted_anchor_pseudo_edge,repository,False,1242,14.113434965311175,17.34652360493298,20260827
permuted_anchor_pseudo_edge,repository,False,1243,13.364181493403409,17.34652360493298,20260827
permuted_anchor_pseudo_edge,repository,False,1244,14.830991425931531,17.34652360493298,20260827
permuted_anchor_pseudo_edge,repository,False,1245,16.971039494182154,17.34652360493298,20260827
permuted_anchor_pseudo_edge,repository,False,1246,14.301873376482172,17.34652360493298,20260827
permuted_anchor_pseudo_edge,repository,False,1247,13.225693824262724,17.34652360493298,20260827
permuted_anchor_pseudo_edge,repository,False,1248,15.415846369410877,17.34652360493298,20260827
permuted_anchor_pseudo_edge,repository,False,1249,20.244745749435168,17.34652360493298,20260827
permuted_anchor_pseudo_edge,repository,False,1250,15.23378390933115,17.34652360493298,20260827
permuted_anchor_pseudo_edge,repository,False,1251,17.54457466061169,17.34652360493298,20260827
permuted_anchor_pseudo_edge,repository,False,1252,15.502484665502356,17.34652360493298,20260827
permuted_anchor_pseudo_edge,repository,False,1253,11.787027547033953,17.34652360493298,20260827
permuted_anchor_pseudo_edge,repository,False,1254,14.675118001101781,17.34652360493298,20260827
permuted_anchor_pseudo_edge,repository,False,1255,15.486975082686804,17.34652360493298,20260827
permuted_anchor_pseudo_edge,repository,False,1256,16.958287007336608,17.34652360493298,20260827
permuted_anchor_pseudo_edge,repository,False,1257,13.742475255979395,17.34652360493298,20260827
permuted_anchor_pseudo_edge,repository,False,1258,12.339599750461877,17.34652360493298,20260827
permuted_anchor_pseudo_edge,repository,False,1259,15.502006259179545,17.34652360493298,20260827
permuted_anchor_pseudo_edge,repository,False,1260,17.56996438715707,17.34652360493298,20260827
permuted_anchor_pseudo_edge,repository,False,1261,19.931389652763897,17.34652360493298,20260827
permuted_anchor_pseudo_edge,repository,False,1262,11.886806898810361,17.34652360493298,20260827
permuted_anchor_pseudo_edge,repository,False,1263,13.09001272608928,17.34652360493298,20260827
permuted_anchor_pseudo_edge,repository,False,1264,11.205584953718809,17.34652360493298,20260827
permuted_anchor_pseudo_edge,repository,False,1265,15.875879270193305,17.34652360493298,20260827
permuted_anchor_pseudo_edge,repository,False,1266,15.466399649558294,17.34652360493298,20260827
permuted_anchor_pseudo_edge,repository,False,1267,13.43698923270036,17.34652360493298,20260827
permuted_anchor_pseudo_edge,repository,False,1268,16.423540250952566,17.34652360493298,20260827
permuted_anchor_pseudo_edge,repository,False,1269,18.54775641848395,17.34652360493298,20260827
permuted_anchor_pseudo_edge,repository,False,1270,12.169619117999796,17.34652360493298,20260827
permuted_anchor_pseudo_edge,repository,False,1271,16.569612456733175,17.34652360493298,20260827
permuted_anchor_pseudo_edge,repository,False,1272,16.97240238533954,17.34652360493298,20260827
permuted_anchor_pseudo_edge,repository,False,1273,13.036719922417658,17.34652360493298,20260827
permuted_anchor_pseudo_edge,repository,False,1274,13.50267078337885,17.34652360493298,20260827
permuted_anchor_pseudo_edge,repository,False,1275,17.058893307951397,17.34652360493298,20260827
permuted_anchor_pseudo_edge,repository,False,1276,16.175962967745736,17.34652360493298,20260827
permuted_anchor_pseudo_edge,repository,False,1277,16.322042747219964,17.34652360493298,20260827
permuted_anchor_pseudo_edge,repository,False,1278,16.677265501761806,17.34652360493298,20260827
permuted_anchor_pseudo_edge,repository,False,1279,14.96677496477298,17.34652360493298,20260827
permuted_anchor_pseudo_edge,repository,False,1280,16.734790273142497,17.34652360493298,20260827
permuted_anchor_pseudo_edge,repository,False,1281,14.290650401768564,17.34652360493298,20260827
permuted_anchor_pseudo_edge,repository,False,1282,15.534585663868144,17.34652360493298,20260827
permuted_anchor_pseudo_edge,repository,False,1283,15.525468203366355,17.34652360493298,20260827
permuted_anchor_pseudo_edge,repository,False,1284,17.6710104922907,17.34652360493298,20260827
permuted_anchor_pseudo_edge,repository,False,1285,14.045215723545107,17.34652360493298,20260827
permuted_anchor_pseudo_edge,repository,False,1286,16.663213208116208,17.34652360493298,20260827
permuted_anchor_pseudo_edge,repository,False,1287,16.800738889106754,17.34652360493298,20260827
permuted_anchor_pseudo_edge,repository,False,1288,15.22863949931455,17.34652360493298,20260827
permuted_anchor_pseudo_edge,repository,False,1289,17.01165572071843,17.34652360493298,20260827
permuted_anchor_pseudo_edge,repository,False,1290,13.770762629439078,17.34652360493298,20260827
permuted_anchor_pseudo_edge,repository,False,1291,16.899483390916632,17.34652360493298,20260827
permuted_anchor_pseudo_edge,repository,False,1292,18.214946414708415,17.34652360493298,20260827
permuted_anchor_pseudo_edge,repository,False,1293,14.072081007261964,17.34652360493298,20260827
permuted_anchor_pseudo_edge,repository,False,1294,15.95854075569925,17.34652360493298,20260827
permuted_anchor_pseudo_edge,repository,False,1295,13.263227412771686,17.34652360493298,20260827
permuted_anchor_pseudo_edge,repository,False,1296,16.347891377890754,17.34652360493298,20260827
permuted_anchor_pseudo_edge,repository,False,1297,11.391996936499408,17.34652360493298,20260827
permuted_anchor_pseudo_edge,repository,False,1298,17.956672087547172,17.34652360493298,20260827
permuted_anchor_pseudo_edge,repository,False,1299,15.68459880834684,17.34652360493298,20260827
permuted_anchor_pseudo_edge,repository,False,1300,14.819280370217594,17.34652360493298,20260827
permuted_anchor_pseudo_edge,repository,False,1301,14.323148809163444,17.34652360493298,20260827
permuted_anchor_pseudo_edge,repository,False,1302,13.515228882441043,17.34652360493298,20260827
permuted_anchor_pseudo_edge,repository,False,1303,19.24256149087863,17.34652360493298,20260827
permuted_anchor_pseudo_edge,repository,False,1304,17.770802737347914,17.34652360493298,20260827
permuted_anchor_pseudo_edge,repository,False,1305,13.400623785951604,17.34652360493298,20260827
permuted_anchor_pseudo_edge,repository,False,1306,13.22839694855071,17.34652360493298,20260827
permuted_anchor_pseudo_edge,repository,False,1307,14.861206407713373,17.34652360493298,20260827
permuted_anchor_pseudo_edge,repository,False,1308,14.466518201113072,17.34652360493298,20260827
permuted_anchor_pseudo_edge,repository,False,1309,13.40932981375999,17.34652360493298,20260827
permuted_anchor_pseudo_edge,repository,False,1310,14.351393576953758,17.34652360493298,20260827
permuted_anchor_pseudo_edge,repository,False,1311,16.617028594240395,17.34652360493298,20260827
permuted_anchor_pseudo_edge,repository,False,1312,15.480145110149005,17.34652360493298,20260827
permuted_anchor_pseudo_edge,repository,False,1313,13.069933773242534,17.34652360493298,20260827
permuted_anchor_pseudo_edge,repository,False,1314,14.361993437607849,17.34652360493298,20260827
permuted_anchor_pseudo_edge,repository,False,1315,15.590526309366137,17.34652360493298,20260827
permuted_anchor_pseudo_edge,repository,False,1316,14.909260825588625,17.34652360493298,20260827
permuted_anchor_pseudo_edge,repository,False,1317,15.989905650809325,17.34652360493298,20260827
permuted_anchor_pseudo_edge,repository,False,1318,14.981592776928949,17.34652360493298,20260827
permuted_anchor_pseudo_edge,repository,False,1319,13.207671239018598,17.34652360493298,20260827
permuted_anchor_pseudo_edge,repository,False,1320,16.747922670531626,17.34652360493298,20260827
permuted_anchor_pseudo_edge,repository,False,1321,17.362052844419896,17.34652360493298,20260827
permuted_anchor_pseudo_edge,repository,False,1322,14.11602478485013,17.34652360493298,20260827
permuted_anchor_pseudo_edge,repository,False,1323,13.530805285042751,17.34652360493298,20260827
permuted_anchor_pseudo_edge,repository,False,1324,16.465302225125644,17.34652360493298,20260827
permuted_anchor_pseudo_edge,repository,False,1325,15.436365049149718,17.34652360493298,20260827
permuted_anchor_pseudo_edge,repository,False,1326,13.135782213835077,17.34652360493298,20260827
permuted_anchor_pseudo_edge,repository,False,1327,16.738272016326906,17.34652360493298,20260827
permuted_anchor_pseudo_edge,repository,False,1328,16.513148439176526,17.34652360493298,20260827
permuted_anchor_pseudo_edge,repository,False,1329,15.428568654258989,17.34652360493298,20260827
permuted_anchor_pseudo_edge,repository,False,1330,18.016822267749514,17.34652360493298,20260827
permuted_anchor_pseudo_edge,repository,False,1331,14.678539962081649,17.34652360493298,20260827
permuted_anchor_pseudo_edge,repository,False,1332,15.361446682162175,17.34652360493298,20260827
permuted_anchor_pseudo_edge,repository,False,1333,14.56572409747082,17.34652360493298,20260827
permuted_anchor_pseudo_edge,repository,False,1334,14.215311723939633,17.34652360493298,20260827
permuted_anchor_pseudo_edge,repository,False,1335,16.80583209773178,17.34652360493298,20260827
permuted_anchor_pseudo_edge,repository,False,1336,13.922552964641127,17.34652360493298,20260827
permuted_anchor_pseudo_edge,repository,False,1337,15.132836937016005,17.34652360493298,20260827
permuted_anchor_pseudo_edge,repository,False,1338,18.12801269035107,17.34652360493298,20260827
permuted_anchor_pseudo_edge,repository,False,1339,12.362072506948211,17.34652360493298,20260827
permuted_anchor_pseudo_edge,repository,False,1340,14.792411129123838,17.34652360493298,20260827
permuted_anchor_pseudo_edge,repository,False,1341,17.160677917678274,17.34652360493298,20260827
permuted_anchor_pseudo_edge,repository,False,1342,18.97607918585942,17.34652360493298,20260827
permuted_anchor_pseudo_edge,repository,False,1343,15.725813791970596,17.34652360493298,20260827
permuted_anchor_pseudo_edge,repository,False,1344,12.563967883092579,17.34652360493298,20260827
permuted_anchor_pseudo_edge,repository,False,1345,15.442215563919802,17.34652360493298,20260827
permuted_anchor_pseudo_edge,repository,False,1346,12.040314942036174,17.34652360493298,20260827
permuted_anchor_pseudo_edge,repository,False,1347,12.994034419755057,17.34652360493298,20260827
permuted_anchor_pseudo_edge,repository,False,1348,17.10669313784249,17.34652360493298,20260827
permuted_anchor_pseudo_edge,repository,False,1349,16.757133354078498,17.34652360493298,20260827
permuted_anchor_pseudo_edge,repository,False,1350,17.23727725677655,17.34652360493298,20260827
permuted_anchor_pseudo_edge,repository,False,1351,14.562332174571615,17.34652360493298,20260827
permuted_anchor_pseudo_edge,repository,False,1352,16.144391583782202,17.34652360493298,20260827
permuted_anchor_pseudo_edge,repository,False,1353,11.857605811873151,17.34652360493298,20260827
permuted_anchor_pseudo_edge,repository,False,1354,16.756533527368926,17.34652360493298,20260827
permuted_anchor_pseudo_edge,repository,False,1355,17.980384715764465,17.34652360493298,20260827
permuted_anchor_pseudo_edge,repository,False,1356,14.731932279792046,17.34652360493298,20260827
permuted_anchor_pseudo_edge,repository,False,1357,15.459973822825138,17.34652360493298,20260827
permuted_anchor_pseudo_edge,repository,False,1358,11.541927738268459,17.34652360493298,20260827
permuted_anchor_pseudo_edge,repository,False,1359,15.492132232649583,17.34652360493298,20260827
permuted_anchor_pseudo_edge,repository,False,1360,15.621433963353828,17.34652360493298,20260827
permuted_anchor_pseudo_edge,repository,False,1361,14.965137344698523,17.34652360493298,20260827
permuted_anchor_pseudo_edge,repository,False,1362,15.651038869244486,17.34652360493298,20260827
permuted_anchor_pseudo_edge,repository,False,1363,11.792770978406143,17.34652360493298,20260827
permuted_anchor_pseudo_edge,repository,False,1364,14.26574039807008,17.34652360493298,20260827
permuted_anchor_pseudo_edge,repository,False,1365,14.743496647395096,17.34652360493298,20260827
permuted_anchor_pseudo_edge,repository,False,1366,16.526512620447743,17.34652360493298,20260827
permuted_anchor_pseudo_edge,repository,False,1367,13.440589618298102,17.34652360493298,20260827
permuted_anchor_pseudo_edge,repository,False,1368,15.474013504078194,17.34652360493298,20260827
permuted_anchor_pseudo_edge,repository,False,1369,14.540697595716098,17.34652360493298,20260827
permuted_anchor_pseudo_edge,repository,False,1370,14.72061918564431,17.34652360493298,20260827
permuted_anchor_pseudo_edge,repository,False,1371,20.35265939101846,17.34652360493298,20260827
permuted_anchor_pseudo_edge,repository,False,1372,13.015969944676439,17.34652360493298,20260827
permuted_anchor_pseudo_edge,repository,False,1373,14.386637112617217,17.34652360493298,20260827
permuted_anchor_pseudo_edge,repository,False,1374,15.759558894895365,17.34652360493298,20260827
permuted_anchor_pseudo_edge,repository,False,1375,18.063864139428844,17.34652360493298,20260827
permuted_anchor_pseudo_edge,repository,False,1376,14.745851373094816,17.34652360493298,20260827
permuted_anchor_pseudo_edge,repository,False,1377,15.70386771538688,17.34652360493298,20260827
permuted_anchor_pseudo_edge,repository,False,1378,15.5621616727523,17.34652360493298,20260827
permuted_anchor_pseudo_edge,repository,False,1379,16.753756025833404,17.34652360493298,20260827
permuted_anchor_pseudo_edge,repository,False,1380,13.975569321536643,17.34652360493298,20260827
permuted_anchor_pseudo_edge,repository,False,1381,15.70351488590179,17.34652360493298,20260827
permuted_anchor_pseudo_edge,repository,False,1382,14.797791919296916,17.34652360493298,20260827
permuted_anchor_pseudo_edge,repository,False,1383,13.242923116401952,17.34652360493298,20260827
permuted_anchor_pseudo_edge,repository,False,1384,18.24436317833476,17.34652360493298,20260827
permuted_anchor_pseudo_edge,repository,False,1385,18.204975595443184,17.34652360493298,20260827
permuted_anchor_pseudo_edge,repository,False,1386,17.460732567424866,17.34652360493298,20260827
permuted_anchor_pseudo_edge,repository,False,1387,16.94269927542697,17.34652360493298,20260827
permuted_anchor_pseudo_edge,repository,False,1388,12.149351565992362,17.34652360493298,20260827
permuted_anchor_pseudo_edge,repository,False,1389,16.290744353507918,17.34652360493298,20260827
permuted_anchor_pseudo_edge,repository,False,1390,15.24448280433625,17.34652360493298,20260827
permuted_anchor_pseudo_edge,repository,False,1391,15.25902357205233,17.34652360493298,20260827
permuted_anchor_pseudo_edge,repository,False,1392,13.395883410839875,17.34652360493298,20260827
permuted_anchor_pseudo_edge,repository,False,1393,15.566814844995658,17.34652360493298,20260827
permuted_anchor_pseudo_edge,repository,False,1394,14.767074562421936,17.34652360493298,20260827
permuted_anchor_pseudo_edge,repository,False,1395,16.640785054537332,17.34652360493298,20260827
permuted_anchor_pseudo_edge,repository,False,1396,18.688896409240986,17.34652360493298,20260827
permuted_anchor_pseudo_edge,repository,False,1397,18.02397845280912,17.34652360493298,20260827
permuted_anchor_pseudo_edge,repository,False,1398,13.286205339629728,17.34652360493298,20260827
permuted_anchor_pseudo_edge,repository,False,1399,14.013551701924893,17.34652360493298,20260827
permuted_anchor_pseudo_edge,repository,False,1400,14.38706349633328,17.34652360493298,20260827
permuted_anchor_pseudo_edge,repository,False,1401,13.085992814097597,17.34652360493298,20260827
permuted_anchor_pseudo_edge,repository,False,1402,16.597505071965816,17.34652360493298,20260827
permuted_anchor_pseudo_edge,repository,False,1403,15.764066217313912,17.34652360493298,20260827
permuted_anchor_pseudo_edge,repository,False,1404,17.915662451150144,17.34652360493298,20260827
permuted_anchor_pseudo_edge,repository,False,1405,14.861141824469703,17.34652360493298,20260827
permuted_anchor_pseudo_edge,repository,False,1406,16.487429529283773,17.34652360493298,20260827
permuted_anchor_pseudo_edge,repository,False,1407,16.180065386722116,17.34652360493298,20260827
permuted_anchor_pseudo_edge,repository,False,1408,11.35506671420783,17.34652360493298,20260827
permuted_anchor_pseudo_edge,repository,False,1409,14.76021483934591,17.34652360493298,20260827
permuted_anchor_pseudo_edge,repository,False,1410,16.594344685148364,17.34652360493298,20260827
permuted_anchor_pseudo_edge,repository,False,1411,13.866825301532518,17.34652360493298,20260827
permuted_anchor_pseudo_edge,repository,False,1412,16.171020487563062,17.34652360493298,20260827
permuted_anchor_pseudo_edge,repository,False,1413,13.264784542349831,17.34652360493298,20260827
permuted_anchor_pseudo_edge,repository,False,1414,15.653068415458035,17.34652360493298,20260827
permuted_anchor_pseudo_edge,repository,False,1415,14.386227895696654,17.34652360493298,20260827
permuted_anchor_pseudo_edge,repository,False,1416,15.844563017238436,17.34652360493298,20260827
permuted_anchor_pseudo_edge,repository,False,1417,16.74197901048936,17.34652360493298,20260827
permuted_anchor_pseudo_edge,repository,False,1418,14.58908579608728,17.34652360493298,20260827
permuted_anchor_pseudo_edge,repository,False,1419,15.749336189036296,17.34652360493298,20260827
permuted_anchor_pseudo_edge,repository,False,1420,14.36160859377042,17.34652360493298,20260827
permuted_anchor_pseudo_edge,repository,False,1421,15.995049154081691,17.34652360493298,20260827
permuted_anchor_pseudo_edge,repository,False,1422,16.527485314066332,17.34652360493298,20260827
permuted_anchor_pseudo_edge,repository,False,1423,18.24275980865823,17.34652360493298,20260827
permuted_anchor_pseudo_edge,repository,False,1424,15.382234132026456,17.34652360493298,20260827
permuted_anchor_pseudo_edge,repository,False,1425,17.96081646194757,17.34652360493298,20260827
permuted_anchor_pseudo_edge,repository,False,1426,15.649293127097016,17.34652360493298,20260827
permuted_anchor_pseudo_edge,repository,False,1427,14.158704835970463,17.34652360493298,20260827
permuted_anchor_pseudo_edge,repository,False,1428,14.056653585257356,17.34652360493298,20260827
permuted_anchor_pseudo_edge,repository,False,1429,15.950461720812742,17.34652360493298,20260827
permuted_anchor_pseudo_edge,repository,False,1430,15.636014246734787,17.34652360493298,20260827
permuted_anchor_pseudo_edge,repository,False,1431,17.70077588731918,17.34652360493298,20260827
permuted_anchor_pseudo_edge,repository,False,1432,15.708854428735641,17.34652360493298,20260827
permuted_anchor_pseudo_edge,repository,False,1433,15.399932625223304,17.34652360493298,20260827
permuted_anchor_pseudo_edge,repository,False,1434,17.985995082021994,17.34652360493298,20260827
permuted_anchor_pseudo_edge,repository,False,1435,14.582891504643477,17.34652360493298,20260827
permuted_anchor_pseudo_edge,repository,False,1436,15.324725479891216,17.34652360493298,20260827
permuted_anchor_pseudo_edge,repository,False,1437,12.47763314589026,17.34652360493298,20260827
permuted_anchor_pseudo_edge,repository,False,1438,16.513091627293214,17.34652360493298,20260827
permuted_anchor_pseudo_edge,repository,False,1439,15.808473892884093,17.34652360493298,20260827
permuted_anchor_pseudo_edge,repository,False,1440,14.24832532231771,17.34652360493298,20260827
permuted_anchor_pseudo_edge,repository,False,1441,11.043558748224145,17.34652360493298,20260827
permuted_anchor_pseudo_edge,repository,False,1442,17.78864424020309,17.34652360493298,20260827
permuted_anchor_pseudo_edge,repository,False,1443,17.993883510456513,17.34652360493298,20260827
permuted_anchor_pseudo_edge,repository,False,1444,15.988214302484971,17.34652360493298,20260827
permuted_anchor_pseudo_edge,repository,False,1445,16.573948008786875,17.34652360493298,20260827
permuted_anchor_pseudo_edge,repository,False,1446,16.463997240979168,17.34652360493298,20260827
permuted_anchor_pseudo_edge,repository,False,1447,14.085007052891196,17.34652360493298,20260827
permuted_anchor_pseudo_edge,repository,False,1448,15.445322743205702,17.34652360493298,20260827
permuted_anchor_pseudo_edge,repository,False,1449,15.199824239228397,17.34652360493298,20260827
permuted_anchor_pseudo_edge,repository,False,1450,13.413245114348369,17.34652360493298,20260827
permuted_anchor_pseudo_edge,repository,False,1451,15.87342461553325,17.34652360493298,20260827
permuted_anchor_pseudo_edge,repository,False,1452,14.742083838063428,17.34652360493298,20260827
permuted_anchor_pseudo_edge,repository,False,1453,14.139802210766007,17.34652360493298,20260827
permuted_anchor_pseudo_edge,repository,False,1454,13.275872753755532,17.34652360493298,20260827
permuted_anchor_pseudo_edge,repository,False,1455,18.94788953113068,17.34652360493298,20260827
permuted_anchor_pseudo_edge,repository,False,1456,15.51012987205031,17.34652360493298,20260827
permuted_anchor_pseudo_edge,repository,False,1457,14.482485947026627,17.34652360493298,20260827
permuted_anchor_pseudo_edge,repository,False,1458,16.71153252007123,17.34652360493298,20260827
permuted_anchor_pseudo_edge,repository,False,1459,19.920920484892825,17.34652360493298,20260827
permuted_anchor_pseudo_edge,repository,False,1460,14.556201574439612,17.34652360493298,20260827
permuted_anchor_pseudo_edge,repository,False,1461,14.360957224010114,17.34652360493298,20260827
permuted_anchor_pseudo_edge,repository,False,1462,17.056916941563607,17.34652360493298,20260827
permuted_anchor_pseudo_edge,repository,False,1463,16.671504517779454,17.34652360493298,20260827
permuted_anchor_pseudo_edge,repository,False,1464,12.562967432334556,17.34652360493298,20260827
permuted_anchor_pseudo_edge,repository,False,1465,16.56369542823148,17.34652360493298,20260827
permuted_anchor_pseudo_edge,repository,False,1466,13.183406758187932,17.34652360493298,20260827
permuted_anchor_pseudo_edge,repository,False,1467,14.329801436087184,17.34652360493298,20260827
permuted_anchor_pseudo_edge,repository,False,1468,15.704923011672472,17.34652360493298,20260827
permuted_anchor_pseudo_edge,repository,False,1469,13.525825260722696,17.34652360493298,20260827
permuted_anchor_pseudo_edge,repository,False,1470,15.255991882803633,17.34652360493298,20260827
permuted_anchor_pseudo_edge,repository,False,1471,16.661566282919303,17.34652360493298,20260827
permuted_anchor_pseudo_edge,repository,False,1472,14.353932614708063,17.34652360493298,20260827
permuted_anchor_pseudo_edge,repository,False,1473,13.63445720973398,17.34652360493298,20260827
permuted_anchor_pseudo_edge,repository,False,1474,18.376519375193123,17.34652360493298,20260827
permuted_anchor_pseudo_edge,repository,False,1475,15.32043850175016,17.34652360493298,20260827
permuted_anchor_pseudo_edge,repository,False,1476,14.359249327690716,17.34652360493298,20260827
permuted_anchor_pseudo_edge,repository,False,1477,16.753174765338734,17.34652360493298,20260827
permuted_anchor_pseudo_edge,repository,False,1478,16.985541442203704,17.34652360493298,20260827
permuted_anchor_pseudo_edge,repository,False,1479,16.30957277059735,17.34652360493298,20260827
permuted_anchor_pseudo_edge,repository,False,1480,14.832426842071103,17.34652360493298,20260827
permuted_anchor_pseudo_edge,repository,False,1481,15.774237489681711,17.34652360493298,20260827
permuted_anchor_pseudo_edge,repository,False,1482,12.763840564540747,17.34652360493298,20260827
permuted_anchor_pseudo_edge,repository,False,1483,15.29597492127591,17.34652360493298,20260827
permuted_anchor_pseudo_edge,repository,False,1484,12.150318961526828,17.34652360493298,20260827
permuted_anchor_pseudo_edge,repository,False,1485,13.768896727479005,17.34652360493298,20260827
permuted_anchor_pseudo_edge,repository,False,1486,13.907621583841767,17.34652360493298,20260827
permuted_anchor_pseudo_edge,repository,False,1487,13.172387015931053,17.34652360493298,20260827
permuted_anchor_pseudo_edge,repository,False,1488,16.85070722155168,17.34652360493298,20260827
permuted_anchor_pseudo_edge,repository,False,1489,12.497812972130609,17.34652360493298,20260827
permuted_anchor_pseudo_edge,repository,False,1490,13.128592570182851,17.34652360493298,20260827
permuted_anchor_pseudo_edge,repository,False,1491,16.465890025528648,17.34652360493298,20260827
permuted_anchor_pseudo_edge,repository,False,1492,16.801206624946854,17.34652360493298,20260827
permuted_anchor_pseudo_edge,repository,False,1493,16.76514680562047,17.34652360493298,20260827
permuted_anchor_pseudo_edge,repository,False,1494,16.021756658756534,17.34652360493298,20260827
permuted_anchor_pseudo_edge,repository,False,1495,15.697822746758538,17.34652360493298,20260827
permuted_anchor_pseudo_edge,repository,False,1496,14.038449687385379,17.34652360493298,20260827
permuted_anchor_pseudo_edge,repository,False,1497,13.192084698335343,17.34652360493298,20260827
permuted_anchor_pseudo_edge,repository,False,1498,17.016353578449824,17.34652360493298,20260827
permuted_anchor_pseudo_edge,repository,False,1499,15.411909352092964,17.34652360493298,20260827
permuted_anchor_pseudo_edge,repository,False,1500,14.018266979591063,17.34652360493298,20260827
permuted_anchor_pseudo_edge,repository,False,1501,15.140315889181016,17.34652360493298,20260827
permuted_anchor_pseudo_edge,repository,False,1502,15.4521853307145,17.34652360493298,20260827
permuted_anchor_pseudo_edge,repository,False,1503,15.272830644249813,17.34652360493298,20260827
permuted_anchor_pseudo_edge,repository,False,1504,14.839146974819812,17.34652360493298,20260827
permuted_anchor_pseudo_edge,repository,False,1505,14.212148354580464,17.34652360493298,20260827
permuted_anchor_pseudo_edge,repository,False,1506,13.612545612565555,17.34652360493298,20260827
permuted_anchor_pseudo_edge,repository,False,1507,13.811290461692302,17.34652360493298,20260827
permuted_anchor_pseudo_edge,repository,False,1508,13.217183854055662,17.34652360493298,20260827
permuted_anchor_pseudo_edge,repository,False,1509,15.32524553330226,17.34652360493298,20260827
permuted_anchor_pseudo_edge,repository,False,1510,15.425827333218518,17.34652360493298,20260827
permuted_anchor_pseudo_edge,repository,False,1511,15.477195306945967,17.34652360493298,20260827
permuted_anchor_pseudo_edge,repository,False,1512,15.417020526694747,17.34652360493298,20260827
permuted_anchor_pseudo_edge,repository,False,1513,16.912099903447654,17.34652360493298,20260827
permuted_anchor_pseudo_edge,repository,False,1514,14.301917009667603,17.34652360493298,20260827
permuted_anchor_pseudo_edge,repository,False,1515,15.850547604503534,17.34652360493298,20260827
permuted_anchor_pseudo_edge,repository,False,1516,14.457728238759673,17.34652360493298,20260827
permuted_anchor_pseudo_edge,repository,False,1517,15.83315729248441,17.34652360493298,20260827
permuted_anchor_pseudo_edge,repository,False,1518,14.359450535510332,17.34652360493298,20260827
permuted_anchor_pseudo_edge,repository,False,1519,15.464619388954477,17.34652360493298,20260827
permuted_anchor_pseudo_edge,repository,False,1520,14.482308757299217,17.34652360493298,20260827
permuted_anchor_pseudo_edge,repository,False,1521,14.798993290171303,17.34652360493298,20260827
permuted_anchor_pseudo_edge,repository,False,1522,14.474387093632998,17.34652360493298,20260827
permuted_anchor_pseudo_edge,repository,False,1523,17.823194041758338,17.34652360493298,20260827
permuted_anchor_pseudo_edge,repository,False,1524,17.86296279904245,17.34652360493298,20260827
permuted_anchor_pseudo_edge,repository,False,1525,13.391204130599323,17.34652360493298,20260827
permuted_anchor_pseudo_edge,repository,False,1526,16.620001025080562,17.34652360493298,20260827
permuted_anchor_pseudo_edge,repository,False,1527,15.816770837368058,17.34652360493298,20260827
permuted_anchor_pseudo_edge,repository,False,1528,12.420563161089675,17.34652360493298,20260827
permuted_anchor_pseudo_edge,repository,False,1529,14.650381094617382,17.34652360493298,20260827
permuted_anchor_pseudo_edge,repository,False,1530,16.643489830892953,17.34652360493298,20260827
permuted_anchor_pseudo_edge,repository,False,1531,15.961170377887415,17.34652360493298,20260827
permuted_anchor_pseudo_edge,repository,False,1532,12.792304178507411,17.34652360493298,20260827
permuted_anchor_pseudo_edge,repository,False,1533,11.842160786102102,17.34652360493298,20260827
permuted_anchor_pseudo_edge,repository,False,1534,18.777616869310933,17.34652360493298,20260827
permuted_anchor_pseudo_edge,repository,False,1535,16.828473236441926,17.34652360493298,20260827
permuted_anchor_pseudo_edge,repository,False,1536,15.98684064387105,17.34652360493298,20260827
permuted_anchor_pseudo_edge,repository,False,1537,15.720031835482468,17.34652360493298,20260827
permuted_anchor_pseudo_edge,repository,False,1538,16.37402352152197,17.34652360493298,20260827
permuted_anchor_pseudo_edge,repository,False,1539,14.728793729077408,17.34652360493298,20260827
permuted_anchor_pseudo_edge,repository,False,1540,16.38441555206652,17.34652360493298,20260827
permuted_anchor_pseudo_edge,repository,False,1541,15.399331890202223,17.34652360493298,20260827
permuted_anchor_pseudo_edge,repository,False,1542,15.446198433048306,17.34652360493298,20260827
permuted_anchor_pseudo_edge,repository,False,1543,14.204971533111227,17.34652360493298,20260827
permuted_anchor_pseudo_edge,repository,False,1544,12.1944811545236,17.34652360493298,20260827
permuted_anchor_pseudo_edge,repository,False,1545,15.550119100631635,17.34652360493298,20260827
permuted_anchor_pseudo_edge,repository,False,1546,15.838382012637878,17.34652360493298,20260827
permuted_anchor_pseudo_edge,repository,False,1547,15.634110558766515,17.34652360493298,20260827
permuted_anchor_pseudo_edge,repository,False,1548,16.086042294645136,17.34652360493298,20260827
permuted_anchor_pseudo_edge,repository,False,1549,13.525873735171931,17.34652360493298,20260827
permuted_anchor_pseudo_edge,repository,False,1550,17.013598304330994,17.34652360493298,20260827
permuted_anchor_pseudo_edge,repository,False,1551,16.3389122566726,17.34652360493298,20260827
permuted_anchor_pseudo_edge,repository,False,1552,16.503676902389795,17.34652360493298,20260827
permuted_anchor_pseudo_edge,repository,False,1553,13.981520460264996,17.34652360493298,20260827
permuted_anchor_pseudo_edge,repository,False,1554,16.650874789990276,17.34652360493298,20260827
permuted_anchor_pseudo_edge,repository,False,1555,14.976461157508442,17.34652360493298,20260827
permuted_anchor_pseudo_edge,repository,False,1556,12.449699108403165,17.34652360493298,20260827
permuted_anchor_pseudo_edge,repository,False,1557,16.512265734783277,17.34652360493298,20260827
permuted_anchor_pseudo_edge,repository,False,1558,17.241831655950698,17.34652360493298,20260827
permuted_anchor_pseudo_edge,repository,False,1559,14.431890526654959,17.34652360493298,20260827
permuted_anchor_pseudo_edge,repository,False,1560,15.937310445935413,17.34652360493298,20260827
permuted_anchor_pseudo_edge,repository,False,1561,16.86172457885721,17.34652360493298,20260827
permuted_anchor_pseudo_edge,repository,False,1562,16.751635882220604,17.34652360493298,20260827
permuted_anchor_pseudo_edge,repository,False,1563,16.63190107930767,17.34652360493298,20260827
permuted_anchor_pseudo_edge,repository,False,1564,12.80401270496087,17.34652360493298,20260827
permuted_anchor_pseudo_edge,repository,False,1565,13.342569265952834,17.34652360493298,20260827
permuted_anchor_pseudo_edge,repository,False,1566,15.774541225816105,17.34652360493298,20260827
permuted_anchor_pseudo_edge,repository,False,1567,14.97805314153235,17.34652360493298,20260827
permuted_anchor_pseudo_edge,repository,False,1568,16.44489752953639,17.34652360493298,20260827
permuted_anchor_pseudo_edge,repository,False,1569,12.635590453367767,17.34652360493298,20260827
permuted_anchor_pseudo_edge,repository,False,1570,16.843651463399308,17.34652360493298,20260827
permuted_anchor_pseudo_edge,repository,False,1571,19.14700857768063,17.34652360493298,20260827
permuted_anchor_pseudo_edge,repository,False,1572,13.097931764642937,17.34652360493298,20260827
permuted_anchor_pseudo_edge,repository,False,1573,17.332917930868234,17.34652360493298,20260827
permuted_anchor_pseudo_edge,repository,False,1574,15.734010486028035,17.34652360493298,20260827
permuted_anchor_pseudo_edge,repository,False,1575,11.65294805985805,17.34652360493298,20260827
permuted_anchor_pseudo_edge,repository,False,1576,17.476919071346472,17.34652360493298,20260827
permuted_anchor_pseudo_edge,repository,False,1577,15.386130700458335,17.34652360493298,20260827
permuted_anchor_pseudo_edge,repository,False,1578,15.873018526454546,17.34652360493298,20260827
permuted_anchor_pseudo_edge,repository,False,1579,14.791309010728055,17.34652360493298,20260827
permuted_anchor_pseudo_edge,repository,False,1580,12.476085066774441,17.34652360493298,20260827
permuted_anchor_pseudo_edge,repository,False,1581,14.219332960386726,17.34652360493298,20260827
permuted_anchor_pseudo_edge,repository,False,1582,14.21087463282731,17.34652360493298,20260827
permuted_anchor_pseudo_edge,repository,False,1583,12.74800163273094,17.34652360493298,20260827
permuted_anchor_pseudo_edge,repository,False,1584,13.512111035275279,17.34652360493298,20260827
permuted_anchor_pseudo_edge,repository,False,1585,13.490053429802822,17.34652360493298,20260827
permuted_anchor_pseudo_edge,repository,False,1586,12.497855151226966,17.34652360493298,20260827
permuted_anchor_pseudo_edge,repository,False,1587,16.817068879158477,17.34652360493298,20260827
permuted_anchor_pseudo_edge,repository,False,1588,14.352351165320451,17.34652360493298,20260827
permuted_anchor_pseudo_edge,repository,False,1589,15.89391570869749,17.34652360493298,20260827
permuted_anchor_pseudo_edge,repository,False,1590,14.462132592220916,17.34652360493298,20260827
permuted_anchor_pseudo_edge,repository,False,1591,16.594158058113365,17.34652360493298,20260827
permuted_anchor_pseudo_edge,repository,False,1592,13.448228326435016,17.34652360493298,20260827
permuted_anchor_pseudo_edge,repository,False,1593,14.581758531855685,17.34652360493298,20260827
permuted_anchor_pseudo_edge,repository,False,1594,19.074063987123534,17.34652360493298,20260827
permuted_anchor_pseudo_edge,repository,False,1595,14.592827661605956,17.34652360493298,20260827
permuted_anchor_pseudo_edge,repository,False,1596,11.955176030774885,17.34652360493298,20260827
permuted_anchor_pseudo_edge,repository,False,1597,15.586918841310075,17.34652360493298,20260827
permuted_anchor_pseudo_edge,repository,False,1598,11.188479130554786,17.34652360493298,20260827
permuted_anchor_pseudo_edge,repository,False,1599,12.252421167848297,17.34652360493298,20260827
permuted_anchor_pseudo_edge,repository,False,1600,13.38100623681266,17.34652360493298,20260827
permuted_anchor_pseudo_edge,repository,False,1601,14.892686852974391,17.34652360493298,20260827
permuted_anchor_pseudo_edge,repository,False,1602,15.723498605757346,17.34652360493298,20260827
permuted_anchor_pseudo_edge,repository,False,1603,14.610946917061668,17.34652360493298,20260827
permuted_anchor_pseudo_edge,repository,False,1604,13.899969210722803,17.34652360493298,20260827
permuted_anchor_pseudo_edge,repository,False,1605,15.459175987221101,17.34652360493298,20260827
permuted_anchor_pseudo_edge,repository,False,1606,16.182870745306328,17.34652360493298,20260827
permuted_anchor_pseudo_edge,repository,False,1607,16.454029953681005,17.34652360493298,20260827
permuted_anchor_pseudo_edge,repository,False,1608,14.144957087812928,17.34652360493298,20260827
permuted_anchor_pseudo_edge,repository,False,1609,16.281228029940152,17.34652360493298,20260827
permuted_anchor_pseudo_edge,repository,False,1610,14.808197763728053,17.34652360493298,20260827
permuted_anchor_pseudo_edge,repository,False,1611,15.792680960491174,17.34652360493298,20260827
permuted_anchor_pseudo_edge,repository,False,1612,14.500774131060284,17.34652360493298,20260827
permuted_anchor_pseudo_edge,repository,False,1613,16.83200281894351,17.34652360493298,20260827
permuted_anchor_pseudo_edge,repository,False,1614,14.708149034576124,17.34652360493298,20260827
permuted_anchor_pseudo_edge,repository,False,1615,15.37378755099452,17.34652360493298,20260827
permuted_anchor_pseudo_edge,repository,False,1616,14.559205207702583,17.34652360493298,20260827
permuted_anchor_pseudo_edge,repository,False,1617,14.436170715431384,17.34652360493298,20260827
permuted_anchor_pseudo_edge,repository,False,1618,16.763027129736127,17.34652360493298,20260827
permuted_anchor_pseudo_edge,repository,False,1619,13.685121166448708,17.34652360493298,20260827
permuted_anchor_pseudo_edge,repository,False,1620,14.238627285589445,17.34652360493298,20260827
permuted_anchor_pseudo_edge,repository,False,1621,16.352992833251374,17.34652360493298,20260827
permuted_anchor_pseudo_edge,repository,False,1622,13.358582786971947,17.34652360493298,20260827
permuted_anchor_pseudo_edge,repository,False,1623,17.039939665924912,17.34652360493298,20260827
permuted_anchor_pseudo_edge,repository,False,1624,11.617458835884998,17.34652360493298,20260827
permuted_anchor_pseudo_edge,repository,False,1625,18.10358418506286,17.34652360493298,20260827
permuted_anchor_pseudo_edge,repository,False,1626,12.825344136134435,17.34652360493298,20260827
permuted_anchor_pseudo_edge,repository,False,1627,13.607657761276784,17.34652360493298,20260827
permuted_anchor_pseudo_edge,repository,False,1628,15.394859276448678,17.34652360493298,20260827
permuted_anchor_pseudo_edge,repository,False,1629,17.957470031809304,17.34652360493298,20260827
permuted_anchor_pseudo_edge,repository,False,1630,16.490933385676026,17.34652360493298,20260827
permuted_anchor_pseudo_edge,repository,False,1631,17.487832684801493,17.34652360493298,20260827
permuted_anchor_pseudo_edge,repository,False,1632,16.89189688687637,17.34652360493298,20260827
permuted_anchor_pseudo_edge,repository,False,1633,13.186060334915755,17.34652360493298,20260827
permuted_anchor_pseudo_edge,repository,False,1634,14.524748966296242,17.34652360493298,20260827
permuted_anchor_pseudo_edge,repository,False,1635,16.508897493049957,17.34652360493298,20260827
permuted_anchor_pseudo_edge,repository,False,1636,17.974127691517086,17.34652360493298,20260827
permuted_anchor_pseudo_edge,repository,False,1637,15.741027739739314,17.34652360493298,20260827
permuted_anchor_pseudo_edge,repository,False,1638,13.809775991570541,17.34652360493298,20260827
permuted_anchor_pseudo_edge,repository,False,1639,11.913401068102726,17.34652360493298,20260827
permuted_anchor_pseudo_edge,repository,False,1640,15.376043273868692,17.34652360493298,20260827
permuted_anchor_pseudo_edge,repository,False,1641,14.675593644406467,17.34652360493298,20260827
permuted_anchor_pseudo_edge,repository,False,1642,12.446591740648325,17.34652360493298,20260827
permuted_anchor_pseudo_edge,repository,False,1643,16.792255028485414,17.34652360493298,20260827
permuted_anchor_pseudo_edge,repository,False,1644,12.75705941743985,17.34652360493298,20260827
permuted_anchor_pseudo_edge,repository,False,1645,12.571011654789984,17.34652360493298,20260827
permuted_anchor_pseudo_edge,repository,False,1646,15.845427515016963,17.34652360493298,20260827
permuted_anchor_pseudo_edge,repository,False,1647,16.343443896847965,17.34652360493298,20260827
permuted_anchor_pseudo_edge,repository,False,1648,12.93390434579987,17.34652360493298,20260827
permuted_anchor_pseudo_edge,repository,False,1649,17.222938349181685,17.34652360493298,20260827
permuted_anchor_pseudo_edge,repository,False,1650,18.876166771016674,17.34652360493298,20260827
permuted_anchor_pseudo_edge,repository,False,1651,14.373435905060786,17.34652360493298,20260827
permuted_anchor_pseudo_edge,repository,False,1652,11.792256495773266,17.34652360493298,20260827
permuted_anchor_pseudo_edge,repository,False,1653,19.062451068873376,17.34652360493298,20260827
permuted_anchor_pseudo_edge,repository,False,1654,14.687161941823584,17.34652360493298,20260827
permuted_anchor_pseudo_edge,repository,False,1655,15.873093437571098,17.34652360493298,20260827
permuted_anchor_pseudo_edge,repository,False,1656,15.138257127364435,17.34652360493298,20260827
permuted_anchor_pseudo_edge,repository,False,1657,13.02015384118233,17.34652360493298,20260827
permuted_anchor_pseudo_edge,repository,False,1658,14.5617774084323,17.34652360493298,20260827
permuted_anchor_pseudo_edge,repository,False,1659,11.207531179435557,17.34652360493298,20260827
permuted_anchor_pseudo_edge,repository,False,1660,14.449486939763792,17.34652360493298,20260827
permuted_anchor_pseudo_edge,repository,False,1661,15.940737087244724,17.34652360493298,20260827
permuted_anchor_pseudo_edge,repository,False,1662,13.272432496617457,17.34652360493298,20260827
permuted_anchor_pseudo_edge,repository,False,1663,18.393718514617806,17.34652360493298,20260827
permuted_anchor_pseudo_edge,repository,False,1664,15.424361853381443,17.34652360493298,20260827
permuted_anchor_pseudo_edge,repository,False,1665,15.643165932639924,17.34652360493298,20260827
permuted_anchor_pseudo_edge,repository,False,1666,14.247709309823724,17.34652360493298,20260827
permuted_anchor_pseudo_edge,repository,False,1667,14.623125330832535,17.34652360493298,20260827
permuted_anchor_pseudo_edge,repository,False,1668,10.637904427773066,17.34652360493298,20260827
permuted_anchor_pseudo_edge,repository,False,1669,12.470638334304809,17.34652360493298,20260827
permuted_anchor_pseudo_edge,repository,False,1670,14.775938749815113,17.34652360493298,20260827
permuted_anchor_pseudo_edge,repository,False,1671,14.704372546059524,17.34652360493298,20260827
permuted_anchor_pseudo_edge,repository,False,1672,14.5435628955834,17.34652360493298,20260827
permuted_anchor_pseudo_edge,repository,False,1673,15.969757215833791,17.34652360493298,20260827
permuted_anchor_pseudo_edge,repository,False,1674,17.04472269150081,17.34652360493298,20260827
permuted_anchor_pseudo_edge,repository,False,1675,16.00105801640483,17.34652360493298,20260827
permuted_anchor_pseudo_edge,repository,False,1676,13.749115419199057,17.34652360493298,20260827
permuted_anchor_pseudo_edge,repository,False,1677,12.668878016837185,17.34652360493298,20260827
permuted_anchor_pseudo_edge,repository,False,1678,18.21703882133842,17.34652360493298,20260827
permuted_anchor_pseudo_edge,repository,False,1679,13.529844722916135,17.34652360493298,20260827
permuted_anchor_pseudo_edge,repository,False,1680,13.058000695395744,17.34652360493298,20260827
permuted_anchor_pseudo_edge,repository,False,1681,12.077807051075084,17.34652360493298,20260827
permuted_anchor_pseudo_edge,repository,False,1682,14.085560736780122,17.34652360493298,20260827
permuted_anchor_pseudo_edge,repository,False,1683,14.609594668356628,17.34652360493298,20260827
permuted_anchor_pseudo_edge,repository,False,1684,16.426687573986587,17.34652360493298,20260827
permuted_anchor_pseudo_edge,repository,False,1685,19.098222071354375,17.34652360493298,20260827
permuted_anchor_pseudo_edge,repository,False,1686,16.832808202393977,17.34652360493298,20260827
permuted_anchor_pseudo_edge,repository,False,1687,13.705754458648164,17.34652360493298,20260827
permuted_anchor_pseudo_edge,repository,False,1688,14.670256927940875,17.34652360493298,20260827
permuted_anchor_pseudo_edge,repository,False,1689,14.367216223851987,17.34652360493298,20260827
permuted_anchor_pseudo_edge,repository,False,1690,14.06157859747318,17.34652360493298,20260827
permuted_anchor_pseudo_edge,repository,False,1691,14.308198031114905,17.34652360493298,20260827
permuted_anchor_pseudo_edge,repository,False,1692,16.273394462389916,17.34652360493298,20260827
permuted_anchor_pseudo_edge,repository,False,1693,15.397395102575247,17.34652360493298,20260827
permuted_anchor_pseudo_edge,repository,False,1694,17.970834963079803,17.34652360493298,20260827
permuted_anchor_pseudo_edge,repository,False,1695,15.525999616676517,17.34652360493298,20260827
permuted_anchor_pseudo_edge,repository,False,1696,17.74459447517918,17.34652360493298,20260827
permuted_anchor_pseudo_edge,repository,False,1697,13.254244988351058,17.34652360493298,20260827
permuted_anchor_pseudo_edge,repository,False,1698,15.447813748764204,17.34652360493298,20260827
permuted_anchor_pseudo_edge,repository,False,1699,15.546352348450332,17.34652360493298,20260827
permuted_anchor_pseudo_edge,repository,False,1700,16.443413297823845,17.34652360493298,20260827
permuted_anchor_pseudo_edge,repository,False,1701,15.828244983940088,17.34652360493298,20260827
permuted_anchor_pseudo_edge,repository,False,1702,16.943813803371185,17.34652360493298,20260827
permuted_anchor_pseudo_edge,repository,False,1703,14.719582658479947,17.34652360493298,20260827
permuted_anchor_pseudo_edge,repository,False,1704,12.94777007723714,17.34652360493298,20260827
permuted_anchor_pseudo_edge,repository,False,1705,14.855068633287013,17.34652360493298,20260827
permuted_anchor_pseudo_edge,repository,False,1706,15.882356394575863,17.34652360493298,20260827
permuted_anchor_pseudo_edge,repository,False,1707,14.787168645467624,17.34652360493298,20260827
permuted_anchor_pseudo_edge,repository,False,1708,13.15131538217183,17.34652360493298,20260827
permuted_anchor_pseudo_edge,repository,False,1709,14.106826288940994,17.34652360493298,20260827
permuted_anchor_pseudo_edge,repository,False,1710,14.224986707400003,17.34652360493298,20260827
permuted_anchor_pseudo_edge,repository,False,1711,15.145732650902389,17.34652360493298,20260827
permuted_anchor_pseudo_edge,repository,False,1712,14.671882711813977,17.34652360493298,20260827
permuted_anchor_pseudo_edge,repository,False,1713,17.953433827194516,17.34652360493298,20260827
permuted_anchor_pseudo_edge,repository,False,1714,12.849452207335238,17.34652360493298,20260827
permuted_anchor_pseudo_edge,repository,False,1715,14.159452440208986,17.34652360493298,20260827
permuted_anchor_pseudo_edge,repository,False,1716,14.86709254144263,17.34652360493298,20260827
permuted_anchor_pseudo_edge,repository,False,1717,14.131839339961047,17.34652360493298,20260827
permuted_anchor_pseudo_edge,repository,False,1718,14.055832136015045,17.34652360493298,20260827
permuted_anchor_pseudo_edge,repository,False,1719,12.61429062180494,17.34652360493298,20260827
permuted_anchor_pseudo_edge,repository,False,1720,16.62072206481525,17.34652360493298,20260827
permuted_anchor_pseudo_edge,repository,False,1721,15.344079117078502,17.34652360493298,20260827
permuted_anchor_pseudo_edge,repository,False,1722,13.79220374651641,17.34652360493298,20260827
permuted_anchor_pseudo_edge,repository,False,1723,15.456217645255524,17.34652360493298,20260827
permuted_anchor_pseudo_edge,repository,False,1724,15.507202663990782,17.34652360493298,20260827
permuted_anchor_pseudo_edge,repository,False,1725,15.916250144838449,17.34652360493298,20260827
permuted_anchor_pseudo_edge,repository,False,1726,15.676810239669855,17.34652360493298,20260827
permuted_anchor_pseudo_edge,repository,False,1727,15.784707920911334,17.34652360493298,20260827
permuted_anchor_pseudo_edge,repository,False,1728,14.677814555726535,17.34652360493298,20260827
permuted_anchor_pseudo_edge,repository,False,1729,15.495075926849042,17.34652360493298,20260827
permuted_anchor_pseudo_edge,repository,False,1730,12.360663491399364,17.34652360493298,20260827
permuted_anchor_pseudo_edge,repository,False,1731,18.268191268020157,17.34652360493298,20260827
permuted_anchor_pseudo_edge,repository,False,1732,14.338037012889815,17.34652360493298,20260827
permuted_anchor_pseudo_edge,repository,False,1733,13.51431364518417,17.34652360493298,20260827
permuted_anchor_pseudo_edge,repository,False,1734,15.726731196888084,17.34652360493298,20260827
permuted_anchor_pseudo_edge,repository,False,1735,16.40327014059627,17.34652360493298,20260827
permuted_anchor_pseudo_edge,repository,False,1736,18.09272695543752,17.34652360493298,20260827
permuted_anchor_pseudo_edge,repository,False,1737,15.224250938561937,17.34652360493298,20260827
permuted_anchor_pseudo_edge,repository,False,1738,11.033896680855591,17.34652360493298,20260827
permuted_anchor_pseudo_edge,repository,False,1739,14.616006620711532,17.34652360493298,20260827
permuted_anchor_pseudo_edge,repository,False,1740,16.50047805124212,17.34652360493298,20260827
permuted_anchor_pseudo_edge,repository,False,1741,14.880357975238297,17.34652360493298,20260827
permuted_anchor_pseudo_edge,repository,False,1742,13.996468588946387,17.34652360493298,20260827
permuted_anchor_pseudo_edge,repository,False,1743,15.530888875477794,17.34652360493298,20260827
permuted_anchor_pseudo_edge,repository,False,1744,15.377951563792012,17.34652360493298,20260827
permuted_anchor_pseudo_edge,repository,False,1745,15.227656423369467,17.34652360493298,20260827
permuted_anchor_pseudo_edge,repository,False,1746,13.729524465867065,17.34652360493298,20260827
permuted_anchor_pseudo_edge,repository,False,1747,15.681346136941373,17.34652360493298,20260827
permuted_anchor_pseudo_edge,repository,False,1748,15.651589239044124,17.34652360493298,20260827
permuted_anchor_pseudo_edge,repository,False,1749,14.81406602364401,17.34652360493298,20260827
permuted_anchor_pseudo_edge,repository,False,1750,14.44968125506617,17.34652360493298,20260827
permuted_anchor_pseudo_edge,repository,False,1751,16.250017737837915,17.34652360493298,20260827
permuted_anchor_pseudo_edge,repository,False,1752,14.113056479323458,17.34652360493298,20260827
permuted_anchor_pseudo_edge,repository,False,1753,17.44207592422487,17.34652360493298,20260827
permuted_anchor_pseudo_edge,repository,False,1754,13.178883487867246,17.34652360493298,20260827
permuted_anchor_pseudo_edge,repository,False,1755,16.65638832952937,17.34652360493298,20260827
permuted_anchor_pseudo_edge,repository,False,1756,14.08211699666673,17.34652360493298,20260827
permuted_anchor_pseudo_edge,repository,False,1757,16.393488422911872,17.34652360493298,20260827
permuted_anchor_pseudo_edge,repository,False,1758,15.560105170762931,17.34652360493298,20260827
permuted_anchor_pseudo_edge,repository,False,1759,16.209923781498485,17.34652360493298,20260827
permuted_anchor_pseudo_edge,repository,False,1760,14.478578917832854,17.34652360493298,20260827
permuted_anchor_pseudo_edge,repository,False,1761,14.58221314130444,17.34652360493298,20260827
permuted_anchor_pseudo_edge,repository,False,1762,14.817109166561037,17.34652360493298,20260827
permuted_anchor_pseudo_edge,repository,False,1763,18.33212191784711,17.34652360493298,20260827
permuted_anchor_pseudo_edge,repository,False,1764,15.822002628348915,17.34652360493298,20260827
permuted_anchor_pseudo_edge,repository,False,1765,13.411589795697754,17.34652360493298,20260827
permuted_anchor_pseudo_edge,repository,False,1766,14.38558396075386,17.34652360493298,20260827
permuted_anchor_pseudo_edge,repository,False,1767,14.89181285335339,17.34652360493298,20260827
permuted_anchor_pseudo_edge,repository,False,1768,14.425062046461793,17.34652360493298,20260827
permuted_anchor_pseudo_edge,repository,False,1769,17.71351231710825,17.34652360493298,20260827
permuted_anchor_pseudo_edge,repository,False,1770,17.841798734153038,17.34652360493298,20260827
permuted_anchor_pseudo_edge,repository,False,1771,11.881993962367964,17.34652360493298,20260827
permuted_anchor_pseudo_edge,repository,False,1772,17.357419324780402,17.34652360493298,20260827
permuted_anchor_pseudo_edge,repository,False,1773,13.586298174364797,17.34652360493298,20260827
permuted_anchor_pseudo_edge,repository,False,1774,11.808237087535788,17.34652360493298,20260827
permuted_anchor_pseudo_edge,repository,False,1775,13.464515941246995,17.34652360493298,20260827
permuted_anchor_pseudo_edge,repository,False,1776,15.285511064311386,17.34652360493298,20260827
permuted_anchor_pseudo_edge,repository,False,1777,14.272665136576778,17.34652360493298,20260827
permuted_anchor_pseudo_edge,repository,False,1778,15.950705212265042,17.34652360493298,20260827
permuted_anchor_pseudo_edge,repository,False,1779,11.221456457517553,17.34652360493298,20260827
permuted_anchor_pseudo_edge,repository,False,1780,15.065394966941037,17.34652360493298,20260827
permuted_anchor_pseudo_edge,repository,False,1781,17.700304314249607,17.34652360493298,20260827
permuted_anchor_pseudo_edge,repository,False,1782,14.677857225036723,17.34652360493298,20260827
permuted_anchor_pseudo_edge,repository,False,1783,14.510063543254928,17.34652360493298,20260827
permuted_anchor_pseudo_edge,repository,False,1784,12.495939100545817,17.34652360493298,20260827
permuted_anchor_pseudo_edge,repository,False,1785,15.356774280329391,17.34652360493298,20260827
permuted_anchor_pseudo_edge,repository,False,1786,14.602371910748438,17.34652360493298,20260827
permuted_anchor_pseudo_edge,repository,False,1787,12.947142631969665,17.34652360493298,20260827
permuted_anchor_pseudo_edge,repository,False,1788,15.523342209757407,17.34652360493298,20260827
permuted_anchor_pseudo_edge,repository,False,1789,16.383476748718756,17.34652360493298,20260827
permuted_anchor_pseudo_edge,repository,False,1790,17.175988852078014,17.34652360493298,20260827
permuted_anchor_pseudo_edge,repository,False,1791,15.398417447222448,17.34652360493298,20260827
permuted_anchor_pseudo_edge,repository,False,1792,15.618043019290711,17.34652360493298,20260827
permuted_anchor_pseudo_edge,repository,False,1793,15.776024997334194,17.34652360493298,20260827
permuted_anchor_pseudo_edge,repository,False,1794,14.285104543242694,17.34652360493298,20260827
permuted_anchor_pseudo_edge,repository,False,1795,16.287965405991546,17.34652360493298,20260827
permuted_anchor_pseudo_edge,repository,False,1796,15.581127016954643,17.34652360493298,20260827
permuted_anchor_pseudo_edge,repository,False,1797,16.860953170771328,17.34652360493298,20260827
permuted_anchor_pseudo_edge,repository,False,1798,13.604269154292634,17.34652360493298,20260827
permuted_anchor_pseudo_edge,repository,False,1799,13.23427287829001,17.34652360493298,20260827
permuted_anchor_pseudo_edge,repository,False,1800,13.71441549996166,17.34652360493298,20260827
permuted_anchor_pseudo_edge,repository,False,1801,18.592444919300043,17.34652360493298,20260827
permuted_anchor_pseudo_edge,repository,False,1802,15.506033901996814,17.34652360493298,20260827
permuted_anchor_pseudo_edge,repository,False,1803,17.300672212933172,17.34652360493298,20260827
permuted_anchor_pseudo_edge,repository,False,1804,15.501750821493301,17.34652360493298,20260827
permuted_anchor_pseudo_edge,repository,False,1805,15.978916216048175,17.34652360493298,20260827
permuted_anchor_pseudo_edge,repository,False,1806,14.560111573202144,17.34652360493298,20260827
permuted_anchor_pseudo_edge,repository,False,1807,13.19029280183925,17.34652360493298,20260827
permuted_anchor_pseudo_edge,repository,False,1808,14.481741615342195,17.34652360493298,20260827
permuted_anchor_pseudo_edge,repository,False,1809,16.069709285904825,17.34652360493298,20260827
permuted_anchor_pseudo_edge,repository,False,1810,16.837507946609183,17.34652360493298,20260827
permuted_anchor_pseudo_edge,repository,False,1811,16.89006585073918,17.34652360493298,20260827
permuted_anchor_pseudo_edge,repository,False,1812,14.628097619841068,17.34652360493298,20260827
permuted_anchor_pseudo_edge,repository,False,1813,13.899796817140475,17.34652360493298,20260827
permuted_anchor_pseudo_edge,repository,False,1814,14.646931031973814,17.34652360493298,20260827
permuted_anchor_pseudo_edge,repository,False,1815,15.866303198808392,17.34652360493298,20260827
permuted_anchor_pseudo_edge,repository,False,1816,14.33319289529841,17.34652360493298,20260827
permuted_anchor_pseudo_edge,repository,False,1817,13.61355068797447,17.34652360493298,20260827
permuted_anchor_pseudo_edge,repository,False,1818,13.264113972836581,17.34652360493298,20260827
permuted_anchor_pseudo_edge,repository,False,1819,17.428694460430492,17.34652360493298,20260827
permuted_anchor_pseudo_edge,repository,False,1820,15.070830383425275,17.34652360493298,20260827
permuted_anchor_pseudo_edge,repository,False,1821,15.332733083140518,17.34652360493298,20260827
permuted_anchor_pseudo_edge,repository,False,1822,16.17720345083986,17.34652360493298,20260827
permuted_anchor_pseudo_edge,repository,False,1823,14.450200252653051,17.34652360493298,20260827
permuted_anchor_pseudo_edge,repository,False,1824,17.01785559510335,17.34652360493298,20260827
permuted_anchor_pseudo_edge,repository,False,1825,17.138959295723453,17.34652360493298,20260827
permuted_anchor_pseudo_edge,repository,False,1826,15.719450008957736,17.34652360493298,20260827
permuted_anchor_pseudo_edge,repository,False,1827,16.69750971370359,17.34652360493298,20260827
permuted_anchor_pseudo_edge,repository,False,1828,16.063478916697534,17.34652360493298,20260827
permuted_anchor_pseudo_edge,repository,False,1829,15.408850444936773,17.34652360493298,20260827
permuted_anchor_pseudo_edge,repository,False,1830,10.642049809848944,17.34652360493298,20260827
permuted_anchor_pseudo_edge,repository,False,1831,15.65124017856385,17.34652360493298,20260827
permuted_anchor_pseudo_edge,repository,False,1832,15.989026022250846,17.34652360493298,20260827
permuted_anchor_pseudo_edge,repository,False,1833,18.8235945853202,17.34652360493298,20260827
permuted_anchor_pseudo_edge,repository,False,1834,17.83697445484519,17.34652360493298,20260827
permuted_anchor_pseudo_edge,repository,False,1835,14.507420644717012,17.34652360493298,20260827
permuted_anchor_pseudo_edge,repository,False,1836,16.69700067135928,17.34652360493298,20260827
permuted_anchor_pseudo_edge,repository,False,1837,11.872133758382947,17.34652360493298,20260827
permuted_anchor_pseudo_edge,repository,False,1838,17.531601180884294,17.34652360493298,20260827
permuted_anchor_pseudo_edge,repository,False,1839,13.339357384097978,17.34652360493298,20260827
permuted_anchor_pseudo_edge,repository,False,1840,14.353703772015491,17.34652360493298,20260827
permuted_anchor_pseudo_edge,repository,False,1841,15.42496668845902,17.34652360493298,20260827
permuted_anchor_pseudo_edge,repository,False,1842,16.600980288809815,17.34652360493298,20260827
permuted_anchor_pseudo_edge,repository,False,1843,17.084540389744816,17.34652360493298,20260827
permuted_anchor_pseudo_edge,repository,False,1844,14.660711872692717,17.34652360493298,20260827
permuted_anchor_pseudo_edge,repository,False,1845,13.370943562678288,17.34652360493298,20260827
permuted_anchor_pseudo_edge,repository,False,1846,14.579470376493129,17.34652360493298,20260827
permuted_anchor_pseudo_edge,repository,False,1847,14.075986769389793,17.34652360493298,20260827
permuted_anchor_pseudo_edge,repository,False,1848,16.75609830428775,17.34652360493298,20260827
permuted_anchor_pseudo_edge,repository,False,1849,14.349294795313448,17.34652360493298,20260827
permuted_anchor_pseudo_edge,repository,False,1850,16.03989734296399,17.34652360493298,20260827
permuted_anchor_pseudo_edge,repository,False,1851,15.751259934595549,17.34652360493298,20260827
permuted_anchor_pseudo_edge,repository,False,1852,13.03204164517125,17.34652360493298,20260827
permuted_anchor_pseudo_edge,repository,False,1853,17.060811812021097,17.34652360493298,20260827
permuted_anchor_pseudo_edge,repository,False,1854,16.97405952874373,17.34652360493298,20260827
permuted_anchor_pseudo_edge,repository,False,1855,12.291438057004097,17.34652360493298,20260827
permuted_anchor_pseudo_edge,repository,False,1856,15.423886800532435,17.34652360493298,20260827
permuted_anchor_pseudo_edge,repository,False,1857,14.808895582816023,17.34652360493298,20260827
permuted_anchor_pseudo_edge,repository,False,1858,14.845128607283955,17.34652360493298,20260827
permuted_anchor_pseudo_edge,repository,False,1859,14.072643328797687,17.34652360493298,20260827
permuted_anchor_pseudo_edge,repository,False,1860,15.508150359126354,17.34652360493298,20260827
permuted_anchor_pseudo_edge,repository,False,1861,14.15145590553416,17.34652360493298,20260827
permuted_anchor_pseudo_edge,repository,False,1862,15.729914385652608,17.34652360493298,20260827
permuted_anchor_pseudo_edge,repository,False,1863,12.094465993430862,17.34652360493298,20260827
permuted_anchor_pseudo_edge,repository,False,1864,16.863627762913183,17.34652360493298,20260827
permuted_anchor_pseudo_edge,repository,False,1865,15.21458306183106,17.34652360493298,20260827
permuted_anchor_pseudo_edge,repository,False,1866,17.68376366837899,17.34652360493298,20260827
permuted_anchor_pseudo_edge,repository,False,1867,15.657128972714887,17.34652360493298,20260827
permuted_anchor_pseudo_edge,repository,False,1868,16.881639054324985,17.34652360493298,20260827
permuted_anchor_pseudo_edge,repository,False,1869,16.91698293682115,17.34652360493298,20260827
permuted_anchor_pseudo_edge,repository,False,1870,15.946909309000828,17.34652360493298,20260827
permuted_anchor_pseudo_edge,repository,False,1871,15.440374343161317,17.34652360493298,20260827
permuted_anchor_pseudo_edge,repository,False,1872,14.554094271651516,17.34652360493298,20260827
permuted_anchor_pseudo_edge,repository,False,1873,11.82628002165211,17.34652360493298,20260827
permuted_anchor_pseudo_edge,repository,False,1874,12.879012198721911,17.34652360493298,20260827
permuted_anchor_pseudo_edge,repository,False,1875,13.320872325297008,17.34652360493298,20260827
permuted_anchor_pseudo_edge,repository,False,1876,15.167460607490103,17.34652360493298,20260827
permuted_anchor_pseudo_edge,repository,False,1877,18.800568607078354,17.34652360493298,20260827
permuted_anchor_pseudo_edge,repository,False,1878,15.651359718074648,17.34652360493298,20260827
permuted_anchor_pseudo_edge,repository,False,1879,16.843700167065563,17.34652360493298,20260827
permuted_anchor_pseudo_edge,repository,False,1880,15.289691071210218,17.34652360493298,20260827
permuted_anchor_pseudo_edge,repository,False,1881,15.351915395920548,17.34652360493298,20260827
permuted_anchor_pseudo_edge,repository,False,1882,12.700281630518834,17.34652360493298,20260827
permuted_anchor_pseudo_edge,repository,False,1883,13.232166674422055,17.34652360493298,20260827
permuted_anchor_pseudo_edge,repository,False,1884,17.96551208760023,17.34652360493298,20260827
permuted_anchor_pseudo_edge,repository,False,1885,15.992538817682284,17.34652360493298,20260827
permuted_anchor_pseudo_edge,repository,False,1886,14.784138508274353,17.34652360493298,20260827
permuted_anchor_pseudo_edge,repository,False,1887,12.093362910017854,17.34652360493298,20260827
permuted_anchor_pseudo_edge,repository,False,1888,16.59132363044831,17.34652360493298,20260827
permuted_anchor_pseudo_edge,repository,False,1889,15.057736221382983,17.34652360493298,20260827
permuted_anchor_pseudo_edge,repository,False,1890,18.130462423823488,17.34652360493298,20260827
permuted_anchor_pseudo_edge,repository,False,1891,13.29089832365304,17.34652360493298,20260827
permuted_anchor_pseudo_edge,repository,False,1892,12.349210584953447,17.34652360493298,20260827
permuted_anchor_pseudo_edge,repository,False,1893,17.66552602371999,17.34652360493298,20260827
permuted_anchor_pseudo_edge,repository,False,1894,11.871936770802916,17.34652360493298,20260827
permuted_anchor_pseudo_edge,repository,False,1895,14.358805783857036,17.34652360493298,20260827
permuted_anchor_pseudo_edge,repository,False,1896,15.874578310443354,17.34652360493298,20260827
permuted_anchor_pseudo_edge,repository,False,1897,13.139729354277726,17.34652360493298,20260827
permuted_anchor_pseudo_edge,repository,False,1898,13.629143570708319,17.34652360493298,20260827
permuted_anchor_pseudo_edge,repository,False,1899,13.31597300271839,17.34652360493298,20260827
permuted_anchor_pseudo_edge,repository,False,1900,14.524958367737872,17.34652360493298,20260827
permuted_anchor_pseudo_edge,repository,False,1901,16.715772691941115,17.34652360493298,20260827
permuted_anchor_pseudo_edge,repository,False,1902,12.346187400235872,17.34652360493298,20260827
permuted_anchor_pseudo_edge,repository,False,1903,14.488369675181312,17.34652360493298,20260827
permuted_anchor_pseudo_edge,repository,False,1904,17.899632523185875,17.34652360493298,20260827
permuted_anchor_pseudo_edge,repository,False,1905,17.6651724762049,17.34652360493298,20260827
permuted_anchor_pseudo_edge,repository,False,1906,13.340170538470634,17.34652360493298,20260827
permuted_anchor_pseudo_edge,repository,False,1907,18.392624052314627,17.34652360493298,20260827
permuted_anchor_pseudo_edge,repository,False,1908,15.773095492090707,17.34652360493298,20260827
permuted_anchor_pseudo_edge,repository,False,1909,14.219734482270532,17.34652360493298,20260827
permuted_anchor_pseudo_edge,repository,False,1910,16.95845425902004,17.34652360493298,20260827
permuted_anchor_pseudo_edge,repository,False,1911,12.892949470249713,17.34652360493298,20260827
permuted_anchor_pseudo_edge,repository,False,1912,13.247491882747758,17.34652360493298,20260827
permuted_anchor_pseudo_edge,repository,False,1913,12.480555448276961,17.34652360493298,20260827
permuted_anchor_pseudo_edge,repository,False,1914,15.705659684377357,17.34652360493298,20260827
permuted_anchor_pseudo_edge,repository,False,1915,15.145963856534575,17.34652360493298,20260827
permuted_anchor_pseudo_edge,repository,False,1916,15.451268106239855,17.34652360493298,20260827
permuted_anchor_pseudo_edge,repository,False,1917,12.561152168348807,17.34652360493298,20260827
permuted_anchor_pseudo_edge,repository,False,1918,14.69851746239376,17.34652360493298,20260827
permuted_anchor_pseudo_edge,repository,False,1919,11.402901415003297,17.34652360493298,20260827
permuted_anchor_pseudo_edge,repository,False,1920,15.516183046419671,17.34652360493298,20260827
permuted_anchor_pseudo_edge,repository,False,1921,15.064620210073532,17.34652360493298,20260827
permuted_anchor_pseudo_edge,repository,False,1922,17.166481225471315,17.34652360493298,20260827
permuted_anchor_pseudo_edge,repository,False,1923,16.269907142928464,17.34652360493298,20260827
permuted_anchor_pseudo_edge,repository,False,1924,13.791902582782875,17.34652360493298,20260827
permuted_anchor_pseudo_edge,repository,False,1925,18.138261340063387,17.34652360493298,20260827
permuted_anchor_pseudo_edge,repository,False,1926,14.485969941819402,17.34652360493298,20260827
permuted_anchor_pseudo_edge,repository,False,1927,13.643144134265478,17.34652360493298,20260827
permuted_anchor_pseudo_edge,repository,False,1928,14.367257018661345,17.34652360493298,20260827
permuted_anchor_pseudo_edge,repository,False,1929,14.784073755360854,17.34652360493298,20260827
permuted_anchor_pseudo_edge,repository,False,1930,15.84978958147395,17.34652360493298,20260827
permuted_anchor_pseudo_edge,repository,False,1931,15.603651346109674,17.34652360493298,20260827
permuted_anchor_pseudo_edge,repository,False,1932,16.002582852038685,17.34652360493298,20260827
permuted_anchor_pseudo_edge,repository,False,1933,16.7638239435896,17.34652360493298,20260827
permuted_anchor_pseudo_edge,repository,False,1934,12.91217958314024,17.34652360493298,20260827
permuted_anchor_pseudo_edge,repository,False,1935,13.40106916194492,17.34652360493298,20260827
permuted_anchor_pseudo_edge,repository,False,1936,15.392087661389416,17.34652360493298,20260827
permuted_anchor_pseudo_edge,repository,False,1937,14.753712900992582,17.34652360493298,20260827
permuted_anchor_pseudo_edge,repository,False,1938,16.691858073038684,17.34652360493298,20260827
permuted_anchor_pseudo_edge,repository,False,1939,14.203072253730944,17.34652360493298,20260827
permuted_anchor_pseudo_edge,repository,False,1940,13.223295434909076,17.34652360493298,20260827
permuted_anchor_pseudo_edge,repository,False,1941,19.320495850419096,17.34652360493298,20260827
permuted_anchor_pseudo_edge,repository,False,1942,14.74305977146359,17.34652360493298,20260827
permuted_anchor_pseudo_edge,repository,False,1943,16.386322383882206,17.34652360493298,20260827
permuted_anchor_pseudo_edge,repository,False,1944,16.300363158740005,17.34652360493298,20260827
permuted_anchor_pseudo_edge,repository,False,1945,17.89778036594723,17.34652360493298,20260827
permuted_anchor_pseudo_edge,repository,False,1946,19.178141626646596,17.34652360493298,20260827
permuted_anchor_pseudo_edge,repository,False,1947,14.394865439179899,17.34652360493298,20260827
permuted_anchor_pseudo_edge,repository,False,1948,15.63788700652427,17.34652360493298,20260827
permuted_anchor_pseudo_edge,repository,False,1949,13.416632199626118,17.34652360493298,20260827
permuted_anchor_pseudo_edge,repository,False,1950,19.6747671864953,17.34652360493298,20260827
permuted_anchor_pseudo_edge,repository,False,1951,14.302399832429124,17.34652360493298,20260827
permuted_anchor_pseudo_edge,repository,False,1952,16.5592488211277,17.34652360493298,20260827
permuted_anchor_pseudo_edge,repository,False,1953,15.232547545284072,17.34652360493298,20260827
permuted_anchor_pseudo_edge,repository,False,1954,14.234216187548476,17.34652360493298,20260827
permuted_anchor_pseudo_edge,repository,False,1955,14.245857928345723,17.34652360493298,20260827
permuted_anchor_pseudo_edge,repository,False,1956,14.945984378196359,17.34652360493298,20260827
permuted_anchor_pseudo_edge,repository,False,1957,17.766076576694225,17.34652360493298,20260827
permuted_anchor_pseudo_edge,repository,False,1958,17.96302526268879,17.34652360493298,20260827
permuted_anchor_pseudo_edge,repository,False,1959,15.13032910359595,17.34652360493298,20260827
permuted_anchor_pseudo_edge,repository,False,1960,13.969497570918262,17.34652360493298,20260827
permuted_anchor_pseudo_edge,repository,False,1961,15.987636029770272,17.34652360493298,20260827
permuted_anchor_pseudo_edge,repository,False,1962,16.068480771486858,17.34652360493298,20260827
permuted_anchor_pseudo_edge,repository,False,1963,15.996748851786633,17.34652360493298,20260827
permuted_anchor_pseudo_edge,repository,False,1964,12.856069689850022,17.34652360493298,20260827
permuted_anchor_pseudo_edge,repository,False,1965,14.441590627083329,17.34652360493298,20260827
permuted_anchor_pseudo_edge,repository,False,1966,18.1993154750368,17.34652360493298,20260827
permuted_anchor_pseudo_edge,repository,False,1967,14.226445422186726,17.34652360493298,20260827
permuted_anchor_pseudo_edge,repository,False,1968,14.273564670995922,17.34652360493298,20260827
permuted_anchor_pseudo_edge,repository,False,1969,15.001793333830893,17.34652360493298,20260827
permuted_anchor_pseudo_edge,repository,False,1970,12.4861293520211,17.34652360493298,20260827
permuted_anchor_pseudo_edge,repository,False,1971,15.438914968095022,17.34652360493298,20260827
permuted_anchor_pseudo_edge,repository,False,1972,14.718989811667974,17.34652360493298,20260827
permuted_anchor_pseudo_edge,repository,False,1973,16.40265366275486,17.34652360493298,20260827
permuted_anchor_pseudo_edge,repository,False,1974,13.266896283788384,17.34652360493298,20260827
permuted_anchor_pseudo_edge,repository,False,1975,18.12695191071827,17.34652360493298,20260827
permuted_anchor_pseudo_edge,repository,False,1976,13.894585973565288,17.34652360493298,20260827
permuted_anchor_pseudo_edge,repository,False,1977,12.666743807047935,17.34652360493298,20260827
permuted_anchor_pseudo_edge,repository,False,1978,11.50890724034812,17.34652360493298,20260827
permuted_anchor_pseudo_edge,repository,False,1979,15.253255652018677,17.34652360493298,20260827
permuted_anchor_pseudo_edge,repository,False,1980,12.402632129124436,17.34652360493298,20260827
permuted_anchor_pseudo_edge,repository,False,1981,14.53911469277742,17.34652360493298,20260827
permuted_anchor_pseudo_edge,repository,False,1982,16.547089627093282,17.34652360493298,20260827
permuted_anchor_pseudo_edge,repository,False,1983,17.059988397389258,17.34652360493298,20260827
permuted_anchor_pseudo_edge,repository,False,1984,11.336562890020655,17.34652360493298,20260827
permuted_anchor_pseudo_edge,repository,False,1985,15.385897441480498,17.34652360493298,20260827
permuted_anchor_pseudo_edge,repository,False,1986,15.151619625109838,17.34652360493298,20260827
permuted_anchor_pseudo_edge,repository,False,1987,10.935346569696899,17.34652360493298,20260827
permuted_anchor_pseudo_edge,repository,False,1988,14.189895960098319,17.34652360493298,20260827
permuted_anchor_pseudo_edge,repository,False,1989,14.918701712443013,17.34652360493298,20260827
permuted_anchor_pseudo_edge,repository,False,1990,13.562978720674392,17.34652360493298,20260827
permuted_anchor_pseudo_edge,repository,False,1991,15.752347537526882,17.34652360493298,20260827
permuted_anchor_pseudo_edge,repository,False,1992,15.187606676654433,17.34652360493298,20260827
permuted_anchor_pseudo_edge,repository,False,1993,16.54092214736235,17.34652360493298,20260827
permuted_anchor_pseudo_edge,repository,False,1994,15.814461107361424,17.34652360493298,20260827
permuted_anchor_pseudo_edge,repository,False,1995,12.598715566475091,17.34652360493298,20260827
permuted_anchor_pseudo_edge,repository,False,1996,14.174055580795924,17.34652360493298,20260827
permuted_anchor_pseudo_edge,repository,False,1997,12.305343598548363,17.34652360493298,20260827
permuted_anchor_pseudo_edge,repository,False,1998,16.95665277394682,17.34652360493298,20260827
permuted_anchor_pseudo_edge,repository,False,1999,16.388217396199884,17.34652360493298,20260827
permuted_anchor_pseudo_edge,repository,False,2000,14.720409119265495,17.34652360493298,20260827
permuted_anchor_pseudo_edge,calendar_month,False,1,21.737333757728845,17.34652360493298,20260827
permuted_anchor_pseudo_edge,calendar_month,False,2,11.194371081927306,17.34652360493298,20260827
permuted_anchor_pseudo_edge,calendar_month,False,3,18.637835336559828,17.34652360493298,20260827
permuted_anchor_pseudo_edge,calendar_month,False,4,16.592274647815014,17.34652360493298,20260827
permuted_anchor_pseudo_edge,calendar_month,False,5,15.33970746944863,17.34652360493298,20260827
permuted_anchor_pseudo_edge,calendar_month,False,6,12.90124487704938,17.34652360493298,20260827
permuted_anchor_pseudo_edge,calendar_month,False,7,15.467008116783731,17.34652360493298,20260827
permuted_anchor_pseudo_edge,calendar_month,False,8,8.159298513373606,17.34652360493298,20260827
permuted_anchor_pseudo_edge,calendar_month,False,9,23.065382257008046,17.34652360493298,20260827
permuted_anchor_pseudo_edge,calendar_month,False,10,17.839721038199148,17.34652360493298,20260827
permuted_anchor_pseudo_edge,calendar_month,False,11,18.49209048498214,17.34652360493298,20260827
permuted_anchor_pseudo_edge,calendar_month,False,12,16.432957407070916,17.34652360493298,20260827
permuted_anchor_pseudo_edge,calendar_month,False,13,16.43575116147422,17.34652360493298,20260827
permuted_anchor_pseudo_edge,calendar_month,False,14,11.643200505582637,17.34652360493298,20260827
permuted_anchor_pseudo_edge,calendar_month,False,15,15.394215015156206,17.34652360493298,20260827
permuted_anchor_pseudo_edge,calendar_month,False,16,17.671384873896155,17.34652360493298,20260827
permuted_anchor_pseudo_edge,calendar_month,False,17,14.59225058256037,17.34652360493298,20260827
permuted_anchor_pseudo_edge,calendar_month,False,18,16.557137401278286,17.34652360493298,20260827
permuted_anchor_pseudo_edge,calendar_month,False,19,11.9520041885989,17.34652360493298,20260827
permuted_anchor_pseudo_edge,calendar_month,False,20,13.386963352614353,17.34652360493298,20260827
permuted_anchor_pseudo_edge,calendar_month,False,21,19.3264536607713,17.34652360493298,20260827
permuted_anchor_pseudo_edge,calendar_month,False,22,17.28380383960082,17.34652360493298,20260827
permuted_anchor_pseudo_edge,calendar_month,False,23,12.546080762179296,17.34652360493298,20260827
permuted_anchor_pseudo_edge,calendar_month,False,24,22.415619112860437,17.34652360493298,20260827
permuted_anchor_pseudo_edge,calendar_month,False,25,15.649461203643709,17.34652360493298,20260827
permuted_anchor_pseudo_edge,calendar_month,False,26,19.877405375824857,17.34652360493298,20260827
permuted_anchor_pseudo_edge,calendar_month,False,27,18.85451215809633,17.34652360493298,20260827
permuted_anchor_pseudo_edge,calendar_month,False,28,21.22851906416795,17.34652360493298,20260827
permuted_anchor_pseudo_edge,calendar_month,False,29,18.214403631942627,17.34652360493298,20260827
permuted_anchor_pseudo_edge,calendar_month,False,30,10.328289905204244,17.34652360493298,20260827
permuted_anchor_pseudo_edge,calendar_month,False,31,7.3519500000564575,17.34652360493298,20260827
permuted_anchor_pseudo_edge,calendar_month,False,32,15.613931152135462,17.34652360493298,20260827
permuted_anchor_pseudo_edge,calendar_month,False,33,22.44054455080466,17.34652360493298,20260827
permuted_anchor_pseudo_edge,calendar_month,False,34,29.186012471532546,17.34652360493298,20260827
permuted_anchor_pseudo_edge,calendar_month,False,35,16.399062342841223,17.34652360493298,20260827
permuted_anchor_pseudo_edge,calendar_month,False,36,12.165293534273783,17.34652360493298,20260827
permuted_anchor_pseudo_edge,calendar_month,False,37,18.972702409027494,17.34652360493298,20260827
permuted_anchor_pseudo_edge,calendar_month,False,38,20.14044919567944,17.34652360493298,20260827
permuted_anchor_pseudo_edge,calendar_month,False,39,15.737461970865255,17.34652360493298,20260827
permuted_anchor_pseudo_edge,calendar_month,False,40,17.496521170879387,17.34652360493298,20260827
permuted_anchor_pseudo_edge,calendar_month,False,41,16.473976958843128,17.34652360493298,20260827
permuted_anchor_pseudo_edge,calendar_month,False,42,15.666127691597698,17.34652360493298,20260827
permuted_anchor_pseudo_edge,calendar_month,False,43,13.460839612457853,17.34652360493298,20260827
permuted_anchor_pseudo_edge,calendar_month,False,44,9.715872606722034,17.34652360493298,20260827
permuted_anchor_pseudo_edge,calendar_month,False,45,13.856425056125065,17.34652360493298,20260827
permuted_anchor_pseudo_edge,calendar_month,False,46,19.088396212552265,17.34652360493298,20260827
permuted_anchor_pseudo_edge,calendar_month,False,47,22.453147704611823,17.34652360493298,20260827
permuted_anchor_pseudo_edge,calendar_month,False,48,16.792145683180365,17.34652360493298,20260827
permuted_anchor_pseudo_edge,calendar_month,False,49,13.58983570673069,17.34652360493298,20260827
permuted_anchor_pseudo_edge,calendar_month,False,50,15.281019813758393,17.34652360493298,20260827
permuted_anchor_pseudo_edge,calendar_month,False,51,15.974352858156541,17.34652360493298,20260827
permuted_anchor_pseudo_edge,calendar_month,False,52,16.69297013218527,17.34652360493298,20260827
permuted_anchor_pseudo_edge,calendar_month,False,53,11.115316529036173,17.34652360493298,20260827
permuted_anchor_pseudo_edge,calendar_month,False,54,14.65811349969852,17.34652360493298,20260827
permuted_anchor_pseudo_edge,calendar_month,False,55,15.724013673715026,17.34652360493298,20260827
permuted_anchor_pseudo_edge,calendar_month,False,56,18.84295625265272,17.34652360493298,20260827
permuted_anchor_pseudo_edge,calendar_month,False,57,15.108623506999445,17.34652360493298,20260827
permuted_anchor_pseudo_edge,calendar_month,False,58,22.865049049580293,17.34652360493298,20260827
permuted_anchor_pseudo_edge,calendar_month,False,59,16.959366978820512,17.34652360493298,20260827
permuted_anchor_pseudo_edge,calendar_month,False,60,21.54029061191005,17.34652360493298,20260827
permuted_anchor_pseudo_edge,calendar_month,False,61,6.245413114194498,17.34652360493298,20260827
permuted_anchor_pseudo_edge,calendar_month,False,62,16.256241531437794,17.34652360493298,20260827
permuted_anchor_pseudo_edge,calendar_month,False,63,17.526172904342115,17.34652360493298,20260827
permuted_anchor_pseudo_edge,calendar_month,False,64,17.353516202480616,17.34652360493298,20260827
permuted_anchor_pseudo_edge,calendar_month,False,65,19.730230986749277,17.34652360493298,20260827
permuted_anchor_pseudo_edge,calendar_month,False,66,8.843273793625633,17.34652360493298,20260827
permuted_anchor_pseudo_edge,calendar_month,False,67,19.155334595419532,17.34652360493298,20260827
permuted_anchor_pseudo_edge,calendar_month,False,68,19.59045858402998,17.34652360493298,20260827
permuted_anchor_pseudo_edge,calendar_month,False,69,20.8330771835096,17.34652360493298,20260827
permuted_anchor_pseudo_edge,calendar_month,False,70,19.391749929555676,17.34652360493298,20260827
permuted_anchor_pseudo_edge,calendar_month,False,71,11.171919463628619,17.34652360493298,20260827
permuted_anchor_pseudo_edge,calendar_month,False,72,21.41164190517017,17.34652360493298,20260827
permuted_anchor_pseudo_edge,calendar_month,False,73,14.48305191342757,17.34652360493298,20260827
permuted_anchor_pseudo_edge,calendar_month,False,74,19.444475016432133,17.34652360493298,20260827
permuted_anchor_pseudo_edge,calendar_month,False,75,16.444628076160594,17.34652360493298,20260827
permuted_anchor_pseudo_edge,calendar_month,False,76,13.74345357397031,17.34652360493298,20260827
permuted_anchor_pseudo_edge,calendar_month,False,77,21.57531645590408,17.34652360493298,20260827
permuted_anchor_pseudo_edge,calendar_month,False,78,17.2570040439263,17.34652360493298,20260827
permuted_anchor_pseudo_edge,calendar_month,False,79,13.646182566148497,17.34652360493298,20260827
permuted_anchor_pseudo_edge,calendar_month,False,80,16.03133628220598,17.34652360493298,20260827
permuted_anchor_pseudo_edge,calendar_month,False,81,19.339022858438113,17.34652360493298,20260827
permuted_anchor_pseudo_edge,calendar_month,False,82,15.370132983263979,17.34652360493298,20260827
permuted_anchor_pseudo_edge,calendar_month,False,83,15.43433211211962,17.34652360493298,20260827
permuted_anchor_pseudo_edge,calendar_month,False,84,11.381268635461348,17.34652360493298,20260827
permuted_anchor_pseudo_edge,calendar_month,False,85,15.55406029305518,17.34652360493298,20260827
permuted_anchor_pseudo_edge,calendar_month,False,86,10.838642720080006,17.34652360493298,20260827
permuted_anchor_pseudo_edge,calendar_month,False,87,17.07282733064523,17.34652360493298,20260827
permuted_anchor_pseudo_edge,calendar_month,False,88,22.59873210495218,17.34652360493298,20260827
permuted_anchor_pseudo_edge,calendar_month,False,89,17.81855144439916,17.34652360493298,20260827
permuted_anchor_pseudo_edge,calendar_month,False,90,15.708750742556305,17.34652360493298,20260827
permuted_anchor_pseudo_edge,calendar_month,False,91,19.66024115549158,17.34652360493298,20260827
permuted_anchor_pseudo_edge,calendar_month,False,92,12.04716648978721,17.34652360493298,20260827
permuted_anchor_pseudo_edge,calendar_month,False,93,13.869132513413529,17.34652360493298,20260827
permuted_anchor_pseudo_edge,calendar_month,False,94,16.887221539346424,17.34652360493298,20260827
permuted_anchor_pseudo_edge,calendar_month,False,95,13.779464398211125,17.34652360493298,20260827
permuted_anchor_pseudo_edge,calendar_month,False,96,23.61402755453948,17.34652360493298,20260827
permuted_anchor_pseudo_edge,calendar_month,False,97,11.927109708088265,17.34652360493298,20260827
permuted_anchor_pseudo_edge,calendar_month,False,98,19.04373151239713,17.34652360493298,20260827
permuted_anchor_pseudo_edge,calendar_month,False,99,18.4777883153603,17.34652360493298,20260827
permuted_anchor_pseudo_edge,calendar_month,False,100,17.938592204782523,17.34652360493298,20260827
permuted_anchor_pseudo_edge,calendar_month,False,101,22.251758496560807,17.34652360493298,20260827
permuted_anchor_pseudo_edge,calendar_month,False,102,16.22333628109643,17.34652360493298,20260827
permuted_anchor_pseudo_edge,calendar_month,False,103,22.15308924426832,17.34652360493298,20260827
permuted_anchor_pseudo_edge,calendar_month,False,104,15.46538051584454,17.34652360493298,20260827
permuted_anchor_pseudo_edge,calendar_month,False,105,20.47024543045605,17.34652360493298,20260827
permuted_anchor_pseudo_edge,calendar_month,False,106,16.796812707614414,17.34652360493298,20260827
permuted_anchor_pseudo_edge,calendar_month,False,107,11.15426444906786,17.34652360493298,20260827
permuted_anchor_pseudo_edge,calendar_month,False,108,15.074195033807527,17.34652360493298,20260827
permuted_anchor_pseudo_edge,calendar_month,False,109,15.918135899802161,17.34652360493298,20260827
permuted_anchor_pseudo_edge,calendar_month,False,110,24.618031799023672,17.34652360493298,20260827
permuted_anchor_pseudo_edge,calendar_month,False,111,21.201826090554306,17.34652360493298,20260827
permuted_anchor_pseudo_edge,calendar_month,False,112,19.544721927923874,17.34652360493298,20260827
permuted_anchor_pseudo_edge,calendar_month,False,113,17.984398455495707,17.34652360493298,20260827
permuted_anchor_pseudo_edge,calendar_month,False,114,11.802186978384437,17.34652360493298,20260827
permuted_anchor_pseudo_edge,calendar_month,False,115,23.805762528546285,17.34652360493298,20260827
permuted_anchor_pseudo_edge,calendar_month,False,116,17.897652298843127,17.34652360493298,20260827
permuted_anchor_pseudo_edge,calendar_month,False,117,17.482243196818224,17.34652360493298,20260827
permuted_anchor_pseudo_edge,calendar_month,False,118,14.06345869121593,17.34652360493298,20260827
permuted_anchor_pseudo_edge,calendar_month,False,119,13.362119492104489,17.34652360493298,20260827
permuted_anchor_pseudo_edge,calendar_month,False,120,18.05963088198449,17.34652360493298,20260827
permuted_anchor_pseudo_edge,calendar_month,False,121,15.770281661632563,17.34652360493298,20260827
permuted_anchor_pseudo_edge,calendar_month,False,122,21.55106504697327,17.34652360493298,20260827
permuted_anchor_pseudo_edge,calendar_month,False,123,12.18738015732676,17.34652360493298,20260827
permuted_anchor_pseudo_edge,calendar_month,False,124,18.89840332387667,17.34652360493298,20260827
permuted_anchor_pseudo_edge,calendar_month,False,125,16.617592242986987,17.34652360493298,20260827
permuted_anchor_pseudo_edge,calendar_month,False,126,13.639410280962313,17.34652360493298,20260827
permuted_anchor_pseudo_edge,calendar_month,False,127,17.33668291439482,17.34652360493298,20260827
permuted_anchor_pseudo_edge,calendar_month,False,128,17.131911392398326,17.34652360493298,20260827
permuted_anchor_pseudo_edge,calendar_month,False,129,13.500206061457934,17.34652360493298,20260827
permuted_anchor_pseudo_edge,calendar_month,False,130,18.663701194098774,17.34652360493298,20260827
permuted_anchor_pseudo_edge,calendar_month,False,131,14.226978281385213,17.34652360493298,20260827
permuted_anchor_pseudo_edge,calendar_month,False,132,15.651501310828422,17.34652360493298,20260827
permuted_anchor_pseudo_edge,calendar_month,False,133,10.692138930410625,17.34652360493298,20260827
permuted_anchor_pseudo_edge,calendar_month,False,134,19.792374838342507,17.34652360493298,20260827
permuted_anchor_pseudo_edge,calendar_month,False,135,19.591924695102396,17.34652360493298,20260827
permuted_anchor_pseudo_edge,calendar_month,False,136,17.32196986434259,17.34652360493298,20260827
permuted_anchor_pseudo_edge,calendar_month,False,137,14.530422469057184,17.34652360493298,20260827
permuted_anchor_pseudo_edge,calendar_month,False,138,12.459575854218208,17.34652360493298,20260827
permuted_anchor_pseudo_edge,calendar_month,False,139,16.706757614641596,17.34652360493298,20260827
permuted_anchor_pseudo_edge,calendar_month,False,140,17.8855805177223,17.34652360493298,20260827
permuted_anchor_pseudo_edge,calendar_month,False,141,19.59777308652515,17.34652360493298,20260827
permuted_anchor_pseudo_edge,calendar_month,False,142,16.47363217027193,17.34652360493298,20260827
permuted_anchor_pseudo_edge,calendar_month,False,143,13.623725607343037,17.34652360493298,20260827
permuted_anchor_pseudo_edge,calendar_month,False,144,14.013207904278325,17.34652360493298,20260827
permuted_anchor_pseudo_edge,calendar_month,False,145,17.738523215863744,17.34652360493298,20260827
permuted_anchor_pseudo_edge,calendar_month,False,146,16.037258008555348,17.34652360493298,20260827
permuted_anchor_pseudo_edge,calendar_month,False,147,14.046315262517101,17.34652360493298,20260827
permuted_anchor_pseudo_edge,calendar_month,False,148,18.47495896987764,17.34652360493298,20260827
permuted_anchor_pseudo_edge,calendar_month,False,149,20.331975736953474,17.34652360493298,20260827
permuted_anchor_pseudo_edge,calendar_month,False,150,14.218045949979006,17.34652360493298,20260827
permuted_anchor_pseudo_edge,calendar_month,False,151,14.104487952349798,17.34652360493298,20260827
permuted_anchor_pseudo_edge,calendar_month,False,152,18.288958412659664,17.34652360493298,20260827
permuted_anchor_pseudo_edge,calendar_month,False,153,18.692489902772135,17.34652360493298,20260827
permuted_anchor_pseudo_edge,calendar_month,False,154,14.960594000063686,17.34652360493298,20260827
permuted_anchor_pseudo_edge,calendar_month,False,155,17.30951525907479,17.34652360493298,20260827
permuted_anchor_pseudo_edge,calendar_month,False,156,16.37841572140338,17.34652360493298,20260827
permuted_anchor_pseudo_edge,calendar_month,False,157,13.637582851572198,17.34652360493298,20260827
permuted_anchor_pseudo_edge,calendar_month,False,158,17.32828258458573,17.34652360493298,20260827
permuted_anchor_pseudo_edge,calendar_month,False,159,19.750700417637365,17.34652360493298,20260827
permuted_anchor_pseudo_edge,calendar_month,False,160,18.682490188104076,17.34652360493298,20260827
permuted_anchor_pseudo_edge,calendar_month,False,161,20.118537487492098,17.34652360493298,20260827
permuted_anchor_pseudo_edge,calendar_month,False,162,24.222379895590507,17.34652360493298,20260827
permuted_anchor_pseudo_edge,calendar_month,False,163,17.79474249096473,17.34652360493298,20260827
permuted_anchor_pseudo_edge,calendar_month,False,164,13.157145911331842,17.34652360493298,20260827
permuted_anchor_pseudo_edge,calendar_month,False,165,18.858531959706482,17.34652360493298,20260827
permuted_anchor_pseudo_edge,calendar_month,False,166,15.197175640761934,17.34652360493298,20260827
permuted_anchor_pseudo_edge,calendar_month,False,167,11.428991300776058,17.34652360493298,20260827
permuted_anchor_pseudo_edge,calendar_month,False,168,21.73190676220952,17.34652360493298,20260827
permuted_anchor_pseudo_edge,calendar_month,False,169,11.34662375721098,17.34652360493298,20260827
permuted_anchor_pseudo_edge,calendar_month,False,170,17.3622337496016,17.34652360493298,20260827
permuted_anchor_pseudo_edge,calendar_month,False,171,22.84535406628899,17.34652360493298,20260827
permuted_anchor_pseudo_edge,calendar_month,False,172,23.28463324332407,17.34652360493298,20260827
permuted_anchor_pseudo_edge,calendar_month,False,173,12.438263568957213,17.34652360493298,20260827
permuted_anchor_pseudo_edge,calendar_month,False,174,16.371893369925328,17.34652360493298,20260827
permuted_anchor_pseudo_edge,calendar_month,False,175,14.650895566698702,17.34652360493298,20260827
permuted_anchor_pseudo_edge,calendar_month,False,176,13.278130874770886,17.34652360493298,20260827
permuted_anchor_pseudo_edge,calendar_month,False,177,14.85287256436642,17.34652360493298,20260827
permuted_anchor_pseudo_edge,calendar_month,False,178,16.423602774332878,17.34652360493298,20260827
permuted_anchor_pseudo_edge,calendar_month,False,179,16.735589477044826,17.34652360493298,20260827
permuted_anchor_pseudo_edge,calendar_month,False,180,17.19567674875738,17.34652360493298,20260827
permuted_anchor_pseudo_edge,calendar_month,False,181,19.068966438527298,17.34652360493298,20260827
permuted_anchor_pseudo_edge,calendar_month,False,182,14.689829216514644,17.34652360493298,20260827
permuted_anchor_pseudo_edge,calendar_month,False,183,12.497825251957595,17.34652360493298,20260827
permuted_anchor_pseudo_edge,calendar_month,False,184,16.60236077534908,17.34652360493298,20260827
permuted_anchor_pseudo_edge,calendar_month,False,185,13.444674605412644,17.34652360493298,20260827
permuted_anchor_pseudo_edge,calendar_month,False,186,20.20571345889371,17.34652360493298,20260827
permuted_anchor_pseudo_edge,calendar_month,False,187,18.28967725985083,17.34652360493298,20260827
permuted_anchor_pseudo_edge,calendar_month,False,188,19.785255948391388,17.34652360493298,20260827
permuted_anchor_pseudo_edge,calendar_month,False,189,15.07426110619885,17.34652360493298,20260827
permuted_anchor_pseudo_edge,calendar_month,False,190,21.96566761736131,17.34652360493298,20260827
permuted_anchor_pseudo_edge,calendar_month,False,191,19.368903696705825,17.34652360493298,20260827
permuted_anchor_pseudo_edge,calendar_month,False,192,15.648622412617218,17.34652360493298,20260827
permuted_anchor_pseudo_edge,calendar_month,False,193,14.054453810817913,17.34652360493298,20260827
permuted_anchor_pseudo_edge,calendar_month,False,194,20.437093622984733,17.34652360493298,20260827
permuted_anchor_pseudo_edge,calendar_month,False,195,19.03322659978389,17.34652360493298,20260827
permuted_anchor_pseudo_edge,calendar_month,False,196,16.11363652351706,17.34652360493298,20260827
permuted_anchor_pseudo_edge,calendar_month,False,197,16.969770192720013,17.34652360493298,20260827
permuted_anchor_pseudo_edge,calendar_month,False,198,17.36859325857839,17.34652360493298,20260827
permuted_anchor_pseudo_edge,calendar_month,False,199,17.39172448024234,17.34652360493298,20260827
permuted_anchor_pseudo_edge,calendar_month,False,200,18.835223903926597,17.34652360493298,20260827
permuted_anchor_pseudo_edge,calendar_month,False,201,16.750065491992803,17.34652360493298,20260827
permuted_anchor_pseudo_edge,calendar_month,False,202,14.029198711322074,17.34652360493298,20260827
permuted_anchor_pseudo_edge,calendar_month,False,203,21.363830261528353,17.34652360493298,20260827
permuted_anchor_pseudo_edge,calendar_month,False,204,15.719367527154827,17.34652360493298,20260827
permuted_anchor_pseudo_edge,calendar_month,False,205,14.083858443361978,17.34652360493298,20260827
permuted_anchor_pseudo_edge,calendar_month,False,206,19.43561806281414,17.34652360493298,20260827
permuted_anchor_pseudo_edge,calendar_month,False,207,14.029150341813356,17.34652360493298,20260827
permuted_anchor_pseudo_edge,calendar_month,False,208,14.631592499277325,17.34652360493298,20260827
permuted_anchor_pseudo_edge,calendar_month,False,209,21.806062218992047,17.34652360493298,20260827
permuted_anchor_pseudo_edge,calendar_month,False,210,19.562536586778705,17.34652360493298,20260827
permuted_anchor_pseudo_edge,calendar_month,False,211,19.453650923086933,17.34652360493298,20260827
permuted_anchor_pseudo_edge,calendar_month,False,212,15.847746974657653,17.34652360493298,20260827
permuted_anchor_pseudo_edge,calendar_month,False,213,18.15749560065491,17.34652360493298,20260827
permuted_anchor_pseudo_edge,calendar_month,False,214,19.47852688029675,17.34652360493298,20260827
permuted_anchor_pseudo_edge,calendar_month,False,215,17.33069461268159,17.34652360493298,20260827
permuted_anchor_pseudo_edge,calendar_month,False,216,23.868407468900735,17.34652360493298,20260827
permuted_anchor_pseudo_edge,calendar_month,False,217,15.235390887435473,17.34652360493298,20260827
permuted_anchor_pseudo_edge,calendar_month,False,218,21.40795162319992,17.34652360493298,20260827
permuted_anchor_pseudo_edge,calendar_month,False,219,17.947929594913575,17.34652360493298,20260827
permuted_anchor_pseudo_edge,calendar_month,False,220,12.782374940089394,17.34652360493298,20260827
permuted_anchor_pseudo_edge,calendar_month,False,221,21.86136279323487,17.34652360493298,20260827
permuted_anchor_pseudo_edge,calendar_month,False,222,14.038890779163898,17.34652360493298,20260827
permuted_anchor_pseudo_edge,calendar_month,False,223,21.58164234026914,17.34652360493298,20260827
permuted_anchor_pseudo_edge,calendar_month,False,224,15.335888930424705,17.34652360493298,20260827
permuted_anchor_pseudo_edge,calendar_month,False,225,11.154348061911643,17.34652360493298,20260827
permuted_anchor_pseudo_edge,calendar_month,False,226,11.438783966575587,17.34652360493298,20260827
permuted_anchor_pseudo_edge,calendar_month,False,227,19.964617178608524,17.34652360493298,20260827
permuted_anchor_pseudo_edge,calendar_month,False,228,20.846567243883225,17.34652360493298,20260827
permuted_anchor_pseudo_edge,calendar_month,False,229,15.254055175019824,17.34652360493298,20260827
permuted_anchor_pseudo_edge,calendar_month,False,230,12.2420706898265,17.34652360493298,20260827
permuted_anchor_pseudo_edge,calendar_month,False,231,20.350807723848373,17.34652360493298,20260827
permuted_anchor_pseudo_edge,calendar_month,False,232,19.798821706749102,17.34652360493298,20260827
permuted_anchor_pseudo_edge,calendar_month,False,233,14.35164288941414,17.34652360493298,20260827
permuted_anchor_pseudo_edge,calendar_month,False,234,14.17322241475379,17.34652360493298,20260827
permuted_anchor_pseudo_edge,calendar_month,False,235,22.22542934345092,17.34652360493298,20260827
permuted_anchor_pseudo_edge,calendar_month,False,236,13.559798227881151,17.34652360493298,20260827
permuted_anchor_pseudo_edge,calendar_month,False,237,12.77171659699654,17.34652360493298,20260827
permuted_anchor_pseudo_edge,calendar_month,False,238,13.594184906229712,17.34652360493298,20260827
permuted_anchor_pseudo_edge,calendar_month,False,239,14.819193021403645,17.34652360493298,20260827
permuted_anchor_pseudo_edge,calendar_month,False,240,21.266869767447517,17.34652360493298,20260827
permuted_anchor_pseudo_edge,calendar_month,False,241,15.142909113341021,17.34652360493298,20260827
permuted_anchor_pseudo_edge,calendar_month,False,242,17.198749985403357,17.34652360493298,20260827
permuted_anchor_pseudo_edge,calendar_month,False,243,22.888450193739164,17.34652360493298,20260827
permuted_anchor_pseudo_edge,calendar_month,False,244,19.32539358479954,17.34652360493298,20260827
permuted_anchor_pseudo_edge,calendar_month,False,245,24.004057914987207,17.34652360493298,20260827
permuted_anchor_pseudo_edge,calendar_month,False,246,15.413233488411516,17.34652360493298,20260827
permuted_anchor_pseudo_edge,calendar_month,False,247,21.368612389014075,17.34652360493298,20260827
permuted_anchor_pseudo_edge,calendar_month,False,248,21.444811623726093,17.34652360493298,20260827
permuted_anchor_pseudo_edge,calendar_month,False,249,13.140756377108257,17.34652360493298,20260827
permuted_anchor_pseudo_edge,calendar_month,False,250,15.627285253175458,17.34652360493298,20260827
permuted_anchor_pseudo_edge,calendar_month,False,251,15.09096541364497,17.34652360493298,20260827
permuted_anchor_pseudo_edge,calendar_month,False,252,20.097442254346547,17.34652360493298,20260827
permuted_anchor_pseudo_edge,calendar_month,False,253,13.062942151270324,17.34652360493298,20260827
permuted_anchor_pseudo_edge,calendar_month,False,254,18.639881678295183,17.34652360493298,20260827
permuted_anchor_pseudo_edge,calendar_month,False,255,11.394450780503162,17.34652360493298,20260827
permuted_anchor_pseudo_edge,calendar_month,False,256,15.852274122662733,17.34652360493298,20260827
permuted_anchor_pseudo_edge,calendar_month,False,257,8.886853212901809,17.34652360493298,20260827
permuted_anchor_pseudo_edge,calendar_month,False,258,13.802743000150883,17.34652360493298,20260827
permuted_anchor_pseudo_edge,calendar_month,False,259,16.438152074405224,17.34652360493298,20260827
permuted_anchor_pseudo_edge,calendar_month,False,260,21.600422484538917,17.34652360493298,20260827
permuted_anchor_pseudo_edge,calendar_month,False,261,20.892954546105088,17.34652360493298,20260827
permuted_anchor_pseudo_edge,calendar_month,False,262,19.58171044745133,17.34652360493298,20260827
permuted_anchor_pseudo_edge,calendar_month,False,263,19.01512525902947,17.34652360493298,20260827
permuted_anchor_pseudo_edge,calendar_month,False,264,16.732719838978042,17.34652360493298,20260827
permuted_anchor_pseudo_edge,calendar_month,False,265,18.811660402182312,17.34652360493298,20260827
permuted_anchor_pseudo_edge,calendar_month,False,266,15.59926275257392,17.34652360493298,20260827
permuted_anchor_pseudo_edge,calendar_month,False,267,16.588743654116946,17.34652360493298,20260827
permuted_anchor_pseudo_edge,calendar_month,False,268,18.167768051636767,17.34652360493298,20260827
permuted_anchor_pseudo_edge,calendar_month,False,269,20.599366705431837,17.34652360493298,20260827
permuted_anchor_pseudo_edge,calendar_month,False,270,23.45312587139374,17.34652360493298,20260827
permuted_anchor_pseudo_edge,calendar_month,False,271,14.352884602772372,17.34652360493298,20260827
permuted_anchor_pseudo_edge,calendar_month,False,272,21.703835151582638,17.34652360493298,20260827
permuted_anchor_pseudo_edge,calendar_month,False,273,19.04885766704246,17.34652360493298,20260827
permuted_anchor_pseudo_edge,calendar_month,False,274,18.587258138384712,17.34652360493298,20260827
permuted_anchor_pseudo_edge,calendar_month,False,275,24.49716479201965,17.34652360493298,20260827
permuted_anchor_pseudo_edge,calendar_month,False,276,11.952412543051533,17.34652360493298,20260827
permuted_anchor_pseudo_edge,calendar_month,False,277,15.502214023037848,17.34652360493298,20260827
permuted_anchor_pseudo_edge,calendar_month,False,278,17.474495109544442,17.34652360493298,20260827
permuted_anchor_pseudo_edge,calendar_month,False,279,13.93350655169514,17.34652360493298,20260827
permuted_anchor_pseudo_edge,calendar_month,False,280,8.850628122523375,17.34652360493298,20260827
permuted_anchor_pseudo_edge,calendar_month,False,281,11.588483287207515,17.34652360493298,20260827
permuted_anchor_pseudo_edge,calendar_month,False,282,17.740889795736187,17.34652360493298,20260827
permuted_anchor_pseudo_edge,calendar_month,False,283,11.246434209839292,17.34652360493298,20260827
permuted_anchor_pseudo_edge,calendar_month,False,284,18.719543470250947,17.34652360493298,20260827
permuted_anchor_pseudo_edge,calendar_month,False,285,12.804055297813747,17.34652360493298,20260827
permuted_anchor_pseudo_edge,calendar_month,False,286,14.868047501820008,17.34652360493298,20260827
permuted_anchor_pseudo_edge,calendar_month,False,287,16.200130825714602,17.34652360493298,20260827
permuted_anchor_pseudo_edge,calendar_month,False,288,15.390806093166379,17.34652360493298,20260827
permuted_anchor_pseudo_edge,calendar_month,False,289,11.80715802576295,17.34652360493298,20260827
permuted_anchor_pseudo_edge,calendar_month,False,290,14.274336140943774,17.34652360493298,20260827
permuted_anchor_pseudo_edge,calendar_month,False,291,20.150263384341308,17.34652360493298,20260827
permuted_anchor_pseudo_edge,calendar_month,False,292,17.195567783044822,17.34652360493298,20260827
permuted_anchor_pseudo_edge,calendar_month,False,293,24.51703469372812,17.34652360493298,20260827
permuted_anchor_pseudo_edge,calendar_month,False,294,20.41222454550414,17.34652360493298,20260827
permuted_anchor_pseudo_edge,calendar_month,False,295,23.193979971924097,17.34652360493298,20260827
permuted_anchor_pseudo_edge,calendar_month,False,296,14.638306968943956,17.34652360493298,20260827
permuted_anchor_pseudo_edge,calendar_month,False,297,15.71422509138118,17.34652360493298,20260827
permuted_anchor_pseudo_edge,calendar_month,False,298,27.50707022856816,17.34652360493298,20260827
permuted_anchor_pseudo_edge,calendar_month,False,299,9.639522251928712,17.34652360493298,20260827
permuted_anchor_pseudo_edge,calendar_month,False,300,13.580673171917098,17.34652360493298,20260827
permuted_anchor_pseudo_edge,calendar_month,False,301,20.356720876599507,17.34652360493298,20260827
permuted_anchor_pseudo_edge,calendar_month,False,302,17.147317088224867,17.34652360493298,20260827
permuted_anchor_pseudo_edge,calendar_month,False,303,18.48136773046702,17.34652360493298,20260827
permuted_anchor_pseudo_edge,calendar_month,False,304,10.19493524711045,17.34652360493298,20260827
permuted_anchor_pseudo_edge,calendar_month,False,305,22.495425608667603,17.34652360493298,20260827
permuted_anchor_pseudo_edge,calendar_month,False,306,14.935792588922878,17.34652360493298,20260827
permuted_anchor_pseudo_edge,calendar_month,False,307,17.35147843276783,17.34652360493298,20260827
permuted_anchor_pseudo_edge,calendar_month,False,308,22.674291158629376,17.34652360493298,20260827
permuted_anchor_pseudo_edge,calendar_month,False,309,20.467789915167835,17.34652360493298,20260827
permuted_anchor_pseudo_edge,calendar_month,False,310,17.465305468760654,17.34652360493298,20260827
permuted_anchor_pseudo_edge,calendar_month,False,311,17.2172517599426,17.34652360493298,20260827
permuted_anchor_pseudo_edge,calendar_month,False,312,18.02857598806146,17.34652360493298,20260827
permuted_anchor_pseudo_edge,calendar_month,False,313,19.140243975252965,17.34652360493298,20260827
permuted_anchor_pseudo_edge,calendar_month,False,314,15.90388457030161,17.34652360493298,20260827
permuted_anchor_pseudo_edge,calendar_month,False,315,17.0411905928328,17.34652360493298,20260827
permuted_anchor_pseudo_edge,calendar_month,False,316,18.427687112513883,17.34652360493298,20260827
permuted_anchor_pseudo_edge,calendar_month,False,317,14.560651321267642,17.34652360493298,20260827
permuted_anchor_pseudo_edge,calendar_month,False,318,12.955810690663766,17.34652360493298,20260827
permuted_anchor_pseudo_edge,calendar_month,False,319,10.763253327266822,17.34652360493298,20260827
permuted_anchor_pseudo_edge,calendar_month,False,320,16.507906847712633,17.34652360493298,20260827
permuted_anchor_pseudo_edge,calendar_month,False,321,17.89874727550448,17.34652360493298,20260827
permuted_anchor_pseudo_edge,calendar_month,False,322,19.62698182289863,17.34652360493298,20260827
permuted_anchor_pseudo_edge,calendar_month,False,323,18.767619581956463,17.34652360493298,20260827
permuted_anchor_pseudo_edge,calendar_month,False,324,13.25664353210363,17.34652360493298,20260827
permuted_anchor_pseudo_edge,calendar_month,False,325,12.802029399423482,17.34652360493298,20260827
permuted_anchor_pseudo_edge,calendar_month,False,326,19.874364129307878,17.34652360493298,20260827
permuted_anchor_pseudo_edge,calendar_month,False,327,17.14528708230281,17.34652360493298,20260827
permuted_anchor_pseudo_edge,calendar_month,False,328,18.84443334179676,17.34652360493298,20260827
permuted_anchor_pseudo_edge,calendar_month,False,329,15.322552781244939,17.34652360493298,20260827
permuted_anchor_pseudo_edge,calendar_month,False,330,10.384163525847706,17.34652360493298,20260827
permuted_anchor_pseudo_edge,calendar_month,False,331,19.20189957762251,17.34652360493298,20260827
permuted_anchor_pseudo_edge,calendar_month,False,332,17.251855352954223,17.34652360493298,20260827
permuted_anchor_pseudo_edge,calendar_month,False,333,16.379363341542213,17.34652360493298,20260827
permuted_anchor_pseudo_edge,calendar_month,False,334,17.93131460827858,17.34652360493298,20260827
permuted_anchor_pseudo_edge,calendar_month,False,335,16.25376593888248,17.34652360493298,20260827
permuted_anchor_pseudo_edge,calendar_month,False,336,19.70749932078077,17.34652360493298,20260827
permuted_anchor_pseudo_edge,calendar_month,False,337,20.899130578096955,17.34652360493298,20260827
permuted_anchor_pseudo_edge,calendar_month,False,338,21.222502830655433,17.34652360493298,20260827
permuted_anchor_pseudo_edge,calendar_month,False,339,16.558686939810357,17.34652360493298,20260827
permuted_anchor_pseudo_edge,calendar_month,False,340,18.99863740315164,17.34652360493298,20260827
permuted_anchor_pseudo_edge,calendar_month,False,341,21.022595500504323,17.34652360493298,20260827
permuted_anchor_pseudo_edge,calendar_month,False,342,15.162895663397904,17.34652360493298,20260827
permuted_anchor_pseudo_edge,calendar_month,False,343,18.386886125698666,17.34652360493298,20260827
permuted_anchor_pseudo_edge,calendar_month,False,344,17.960333415599862,17.34652360493298,20260827
permuted_anchor_pseudo_edge,calendar_month,False,345,17.633640705317028,17.34652360493298,20260827
permuted_anchor_pseudo_edge,calendar_month,False,346,16.175746310658912,17.34652360493298,20260827
permuted_anchor_pseudo_edge,calendar_month,False,347,18.72111982152998,17.34652360493298,20260827
permuted_anchor_pseudo_edge,calendar_month,False,348,16.65202300761124,17.34652360493298,20260827
permuted_anchor_pseudo_edge,calendar_month,False,349,16.168403093203544,17.34652360493298,20260827
permuted_anchor_pseudo_edge,calendar_month,False,350,12.316609067602311,17.34652360493298,20260827
permuted_anchor_pseudo_edge,calendar_month,False,351,14.493933931862191,17.34652360493298,20260827
permuted_anchor_pseudo_edge,calendar_month,False,352,17.354618962934154,17.34652360493298,20260827
permuted_anchor_pseudo_edge,calendar_month,False,353,23.935325411990643,17.34652360493298,20260827
permuted_anchor_pseudo_edge,calendar_month,False,354,16.317664015894888,17.34652360493298,20260827
permuted_anchor_pseudo_edge,calendar_month,False,355,15.520640851488956,17.34652360493298,20260827
permuted_anchor_pseudo_edge,calendar_month,False,356,15.222801953242616,17.34652360493298,20260827
permuted_anchor_pseudo_edge,calendar_month,False,357,16.036611653507133,17.34652360493298,20260827
permuted_anchor_pseudo_edge,calendar_month,False,358,23.341479794930738,17.34652360493298,20260827
permuted_anchor_pseudo_edge,calendar_month,False,359,19.575342126452085,17.34652360493298,20260827
permuted_anchor_pseudo_edge,calendar_month,False,360,17.180132885987266,17.34652360493298,20260827
permuted_anchor_pseudo_edge,calendar_month,False,361,19.30369570255908,17.34652360493298,20260827
permuted_anchor_pseudo_edge,calendar_month,False,362,15.672808449575223,17.34652360493298,20260827
permuted_anchor_pseudo_edge,calendar_month,False,363,23.140069458048647,17.34652360493298,20260827
permuted_anchor_pseudo_edge,calendar_month,False,364,15.02069248466549,17.34652360493298,20260827
permuted_anchor_pseudo_edge,calendar_month,False,365,17.898251301180213,17.34652360493298,20260827
permuted_anchor_pseudo_edge,calendar_month,False,366,14.617696164450505,17.34652360493298,20260827
permuted_anchor_pseudo_edge,calendar_month,False,367,19.978134714481953,17.34652360493298,20260827
permuted_anchor_pseudo_edge,calendar_month,False,368,7.629056115163096,17.34652360493298,20260827
permuted_anchor_pseudo_edge,calendar_month,False,369,12.442516842301348,17.34652360493298,20260827
permuted_anchor_pseudo_edge,calendar_month,False,370,16.723439395400018,17.34652360493298,20260827
permuted_anchor_pseudo_edge,calendar_month,False,371,13.33632999445551,17.34652360493298,20260827
permuted_anchor_pseudo_edge,calendar_month,False,372,13.469570419976668,17.34652360493298,20260827
permuted_anchor_pseudo_edge,calendar_month,False,373,18.729136119896204,17.34652360493298,20260827
permuted_anchor_pseudo_edge,calendar_month,False,374,18.066812683381574,17.34652360493298,20260827
permuted_anchor_pseudo_edge,calendar_month,False,375,19.31164314261755,17.34652360493298,20260827
permuted_anchor_pseudo_edge,calendar_month,False,376,18.334009398795278,17.34652360493298,20260827
permuted_anchor_pseudo_edge,calendar_month,False,377,16.088281729135304,17.34652360493298,20260827
permuted_anchor_pseudo_edge,calendar_month,False,378,22.330414405681168,17.34652360493298,20260827
permuted_anchor_pseudo_edge,calendar_month,False,379,16.254293048637198,17.34652360493298,20260827
permuted_anchor_pseudo_edge,calendar_month,False,380,22.397327567209473,17.34652360493298,20260827
permuted_anchor_pseudo_edge,calendar_month,False,381,19.73703632884177,17.34652360493298,20260827
permuted_anchor_pseudo_edge,calendar_month,False,382,14.380844473095971,17.34652360493298,20260827
permuted_anchor_pseudo_edge,calendar_month,False,383,18.583918441830377,17.34652360493298,20260827
permuted_anchor_pseudo_edge,calendar_month,False,384,20.407212820130987,17.34652360493298,20260827
permuted_anchor_pseudo_edge,calendar_month,False,385,14.3276231911485,17.34652360493298,20260827
permuted_anchor_pseudo_edge,calendar_month,False,386,16.40568936099629,17.34652360493298,20260827
permuted_anchor_pseudo_edge,calendar_month,False,387,16.99884158453705,17.34652360493298,20260827
permuted_anchor_pseudo_edge,calendar_month,False,388,21.556475700307974,17.34652360493298,20260827
permuted_anchor_pseudo_edge,calendar_month,False,389,16.52236789786075,17.34652360493298,20260827
permuted_anchor_pseudo_edge,calendar_month,False,390,15.778528140574982,17.34652360493298,20260827
permuted_anchor_pseudo_edge,calendar_month,False,391,15.741015474003598,17.34652360493298,20260827
permuted_anchor_pseudo_edge,calendar_month,False,392,12.893922702028265,17.34652360493298,20260827
permuted_anchor_pseudo_edge,calendar_month,False,393,15.790256867164313,17.34652360493298,20260827
permuted_anchor_pseudo_edge,calendar_month,False,394,20.59664922430151,17.34652360493298,20260827
permuted_anchor_pseudo_edge,calendar_month,False,395,18.80085207903088,17.34652360493298,20260827
permuted_anchor_pseudo_edge,calendar_month,False,396,15.39431664387784,17.34652360493298,20260827
permuted_anchor_pseudo_edge,calendar_month,False,397,17.015678825090077,17.34652360493298,20260827
permuted_anchor_pseudo_edge,calendar_month,False,398,15.41692617717724,17.34652360493298,20260827
permuted_anchor_pseudo_edge,calendar_month,False,399,16.469927155700212,17.34652360493298,20260827
permuted_anchor_pseudo_edge,calendar_month,False,400,19.655907690590567,17.34652360493298,20260827
permuted_anchor_pseudo_edge,calendar_month,False,401,19.427303543955997,17.34652360493298,20260827
permuted_anchor_pseudo_edge,calendar_month,False,402,9.965816391343994,17.34652360493298,20260827
permuted_anchor_pseudo_edge,calendar_month,False,403,15.66224199800014,17.34652360493298,20260827
permuted_anchor_pseudo_edge,calendar_month,False,404,21.80198679830332,17.34652360493298,20260827
permuted_anchor_pseudo_edge,calendar_month,False,405,22.9321061519557,17.34652360493298,20260827
permuted_anchor_pseudo_edge,calendar_month,False,406,10.184146970604457,17.34652360493298,20260827
permuted_anchor_pseudo_edge,calendar_month,False,407,26.840274410042635,17.34652360493298,20260827
permuted_anchor_pseudo_edge,calendar_month,False,408,13.110190907194976,17.34652360493298,20260827
permuted_anchor_pseudo_edge,calendar_month,False,409,15.75081910382394,17.34652360493298,20260827
permuted_anchor_pseudo_edge,calendar_month,False,410,17.752996951037446,17.34652360493298,20260827
permuted_anchor_pseudo_edge,calendar_month,False,411,10.44522634201905,17.34652360493298,20260827
permuted_anchor_pseudo_edge,calendar_month,False,412,18.80038135328425,17.34652360493298,20260827
permuted_anchor_pseudo_edge,calendar_month,False,413,14.572790302000408,17.34652360493298,20260827
permuted_anchor_pseudo_edge,calendar_month,False,414,17.66385428546262,17.34652360493298,20260827
permuted_anchor_pseudo_edge,calendar_month,False,415,21.409860981801014,17.34652360493298,20260827
permuted_anchor_pseudo_edge,calendar_month,False,416,11.766724095107675,17.34652360493298,20260827
permuted_anchor_pseudo_edge,calendar_month,False,417,17.054686113667707,17.34652360493298,20260827
permuted_anchor_pseudo_edge,calendar_month,False,418,12.385618036313335,17.34652360493298,20260827
permuted_anchor_pseudo_edge,calendar_month,False,419,13.429634296597234,17.34652360493298,20260827
permuted_anchor_pseudo_edge,calendar_month,False,420,16.011736318975384,17.34652360493298,20260827
permuted_anchor_pseudo_edge,calendar_month,False,421,18.488797456569422,17.34652360493298,20260827
permuted_anchor_pseudo_edge,calendar_month,False,422,20.96214149042454,17.34652360493298,20260827
permuted_anchor_pseudo_edge,calendar_month,False,423,16.500415954995074,17.34652360493298,20260827
permuted_anchor_pseudo_edge,calendar_month,False,424,12.932161568651212,17.34652360493298,20260827
permuted_anchor_pseudo_edge,calendar_month,False,425,16.893014986388064,17.34652360493298,20260827
permuted_anchor_pseudo_edge,calendar_month,False,426,19.12185250428517,17.34652360493298,20260827
permuted_anchor_pseudo_edge,calendar_month,False,427,19.201311255718863,17.34652360493298,20260827
permuted_anchor_pseudo_edge,calendar_month,False,428,14.230019698318033,17.34652360493298,20260827
permuted_anchor_pseudo_edge,calendar_month,False,429,15.39788923922549,17.34652360493298,20260827
permuted_anchor_pseudo_edge,calendar_month,False,430,9.540394264726752,17.34652360493298,20260827
permuted_anchor_pseudo_edge,calendar_month,False,431,22.007281657860293,17.34652360493298,20260827
permuted_anchor_pseudo_edge,calendar_month,False,432,13.003912485213196,17.34652360493298,20260827
permuted_anchor_pseudo_edge,calendar_month,False,433,16.736208209484374,17.34652360493298,20260827
permuted_anchor_pseudo_edge,calendar_month,False,434,15.24215034116363,17.34652360493298,20260827
permuted_anchor_pseudo_edge,calendar_month,False,435,10.913384666480336,17.34652360493298,20260827
permuted_anchor_pseudo_edge,calendar_month,False,436,21.010060868114127,17.34652360493298,20260827
permuted_anchor_pseudo_edge,calendar_month,False,437,16.420034381512437,17.34652360493298,20260827
permuted_anchor_pseudo_edge,calendar_month,False,438,19.93895600549383,17.34652360493298,20260827
permuted_anchor_pseudo_edge,calendar_month,False,439,9.575426270169197,17.34652360493298,20260827
permuted_anchor_pseudo_edge,calendar_month,False,440,16.40222249526854,17.34652360493298,20260827
permuted_anchor_pseudo_edge,calendar_month,False,441,19.423919394308893,17.34652360493298,20260827
permuted_anchor_pseudo_edge,calendar_month,False,442,15.504617790888725,17.34652360493298,20260827
permuted_anchor_pseudo_edge,calendar_month,False,443,16.45882446623611,17.34652360493298,20260827
permuted_anchor_pseudo_edge,calendar_month,False,444,15.235219528235469,17.34652360493298,20260827
permuted_anchor_pseudo_edge,calendar_month,False,445,12.606981452282753,17.34652360493298,20260827
permuted_anchor_pseudo_edge,calendar_month,False,446,15.546499369136113,17.34652360493298,20260827
permuted_anchor_pseudo_edge,calendar_month,False,447,16.173591288235755,17.34652360493298,20260827
permuted_anchor_pseudo_edge,calendar_month,False,448,12.755159025440891,17.34652360493298,20260827
permuted_anchor_pseudo_edge,calendar_month,False,449,14.710780251887545,17.34652360493298,20260827
permuted_anchor_pseudo_edge,calendar_month,False,450,16.436682536324895,17.34652360493298,20260827
permuted_anchor_pseudo_edge,calendar_month,False,451,21.775948680992848,17.34652360493298,20260827
permuted_anchor_pseudo_edge,calendar_month,False,452,19.176242666474167,17.34652360493298,20260827
permuted_anchor_pseudo_edge,calendar_month,False,453,17.837722286151553,17.34652360493298,20260827
permuted_anchor_pseudo_edge,calendar_month,False,454,14.253813377632909,17.34652360493298,20260827
permuted_anchor_pseudo_edge,calendar_month,False,455,18.33810921089452,17.34652360493298,20260827
permuted_anchor_pseudo_edge,calendar_month,False,456,16.76797437942717,17.34652360493298,20260827
permuted_anchor_pseudo_edge,calendar_month,False,457,22.079656662060046,17.34652360493298,20260827
permuted_anchor_pseudo_edge,calendar_month,False,458,16.987161438844467,17.34652360493298,20260827
permuted_anchor_pseudo_edge,calendar_month,False,459,12.261212069633393,17.34652360493298,20260827
permuted_anchor_pseudo_edge,calendar_month,False,460,8.341292907012008,17.34652360493298,20260827
permuted_anchor_pseudo_edge,calendar_month,False,461,12.20359405047984,17.34652360493298,20260827
permuted_anchor_pseudo_edge,calendar_month,False,462,12.316531134894587,17.34652360493298,20260827
permuted_anchor_pseudo_edge,calendar_month,False,463,13.811808876174819,17.34652360493298,20260827
permuted_anchor_pseudo_edge,calendar_month,False,464,11.602843264915467,17.34652360493298,20260827
permuted_anchor_pseudo_edge,calendar_month,False,465,19.1710893444325,17.34652360493298,20260827
permuted_anchor_pseudo_edge,calendar_month,False,466,12.281600888397055,17.34652360493298,20260827
permuted_anchor_pseudo_edge,calendar_month,False,467,17.922917590433922,17.34652360493298,20260827
permuted_anchor_pseudo_edge,calendar_month,False,468,21.906928596375984,17.34652360493298,20260827
permuted_anchor_pseudo_edge,calendar_month,False,469,17.395277495031273,17.34652360493298,20260827
permuted_anchor_pseudo_edge,calendar_month,False,470,9.817593150594456,17.34652360493298,20260827
permuted_anchor_pseudo_edge,calendar_month,False,471,14.831152344543646,17.34652360493298,20260827
permuted_anchor_pseudo_edge,calendar_month,False,472,18.487942082639027,17.34652360493298,20260827
permuted_anchor_pseudo_edge,calendar_month,False,473,22.026718686564678,17.34652360493298,20260827
permuted_anchor_pseudo_edge,calendar_month,False,474,18.38195991776546,17.34652360493298,20260827
permuted_anchor_pseudo_edge,calendar_month,False,475,13.623502135654178,17.34652360493298,20260827
permuted_anchor_pseudo_edge,calendar_month,False,476,16.938630850466403,17.34652360493298,20260827
permuted_anchor_pseudo_edge,calendar_month,False,477,16.050790833657814,17.34652360493298,20260827
permuted_anchor_pseudo_edge,calendar_month,False,478,16.491103338730444,17.34652360493298,20260827
permuted_anchor_pseudo_edge,calendar_month,False,479,16.394576634490175,17.34652360493298,20260827
permuted_anchor_pseudo_edge,calendar_month,False,480,18.972096076606796,17.34652360493298,20260827
permuted_anchor_pseudo_edge,calendar_month,False,481,22.624464557802636,17.34652360493298,20260827
permuted_anchor_pseudo_edge,calendar_month,False,482,19.91269234334131,17.34652360493298,20260827
permuted_anchor_pseudo_edge,calendar_month,False,483,15.352385767971825,17.34652360493298,20260827
permuted_anchor_pseudo_edge,calendar_month,False,484,18.606618316107653,17.34652360493298,20260827
permuted_anchor_pseudo_edge,calendar_month,False,485,18.916622354375058,17.34652360493298,20260827
permuted_anchor_pseudo_edge,calendar_month,False,486,19.419629705241775,17.34652360493298,20260827
permuted_anchor_pseudo_edge,calendar_month,False,487,16.691891824642944,17.34652360493298,20260827
permuted_anchor_pseudo_edge,calendar_month,False,488,21.155717772987913,17.34652360493298,20260827
permuted_anchor_pseudo_edge,calendar_month,False,489,18.373017054844247,17.34652360493298,20260827
permuted_anchor_pseudo_edge,calendar_month,False,490,18.30178396430523,17.34652360493298,20260827
permuted_anchor_pseudo_edge,calendar_month,False,491,16.206728101380914,17.34652360493298,20260827
permuted_anchor_pseudo_edge,calendar_month,False,492,25.332177258419026,17.34652360493298,20260827
permuted_anchor_pseudo_edge,calendar_month,False,493,6.543716934399918,17.34652360493298,20260827
permuted_anchor_pseudo_edge,calendar_month,False,494,16.89635035950908,17.34652360493298,20260827
permuted_anchor_pseudo_edge,calendar_month,False,495,15.484449466411801,17.34652360493298,20260827
permuted_anchor_pseudo_edge,calendar_month,False,496,15.66881103581667,17.34652360493298,20260827
permuted_anchor_pseudo_edge,calendar_month,False,497,15.367765170433751,17.34652360493298,20260827
permuted_anchor_pseudo_edge,calendar_month,False,498,18.860452510856014,17.34652360493298,20260827
permuted_anchor_pseudo_edge,calendar_month,False,499,19.831714623153925,17.34652360493298,20260827
permuted_anchor_pseudo_edge,calendar_month,False,500,19.554625752295205,17.34652360493298,20260827
permuted_anchor_pseudo_edge,calendar_month,False,501,11.839868117071068,17.34652360493298,20260827
permuted_anchor_pseudo_edge,calendar_month,False,502,15.599037637846042,17.34652360493298,20260827
permuted_anchor_pseudo_edge,calendar_month,False,503,12.307332156046447,17.34652360493298,20260827
permuted_anchor_pseudo_edge,calendar_month,False,504,25.861374478898913,17.34652360493298,20260827
permuted_anchor_pseudo_edge,calendar_month,False,505,23.664378017631627,17.34652360493298,20260827
permuted_anchor_pseudo_edge,calendar_month,False,506,15.054609174776107,17.34652360493298,20260827
permuted_anchor_pseudo_edge,calendar_month,False,507,17.83712001760656,17.34652360493298,20260827
permuted_anchor_pseudo_edge,calendar_month,False,508,17.529729724247282,17.34652360493298,20260827
permuted_anchor_pseudo_edge,calendar_month,False,509,18.324245056503727,17.34652360493298,20260827
permuted_anchor_pseudo_edge,calendar_month,False,510,21.287890403649577,17.34652360493298,20260827
permuted_anchor_pseudo_edge,calendar_month,False,511,16.40150178948425,17.34652360493298,20260827
permuted_anchor_pseudo_edge,calendar_month,False,512,14.935122158208738,17.34652360493298,20260827
permuted_anchor_pseudo_edge,calendar_month,False,513,17.53057129798479,17.34652360493298,20260827
permuted_anchor_pseudo_edge,calendar_month,False,514,23.3086199761186,17.34652360493298,20260827
permuted_anchor_pseudo_edge,calendar_month,False,515,21.32337248336114,17.34652360493298,20260827
permuted_anchor_pseudo_edge,calendar_month,False,516,17.612480668955275,17.34652360493298,20260827
permuted_anchor_pseudo_edge,calendar_month,False,517,24.575013173793796,17.34652360493298,20260827
permuted_anchor_pseudo_edge,calendar_month,False,518,18.51419635886997,17.34652360493298,20260827
permuted_anchor_pseudo_edge,calendar_month,False,519,8.857091582575459,17.34652360493298,20260827
permuted_anchor_pseudo_edge,calendar_month,False,520,10.922872091107532,17.34652360493298,20260827
permuted_anchor_pseudo_edge,calendar_month,False,521,12.55995250711685,17.34652360493298,20260827
permuted_anchor_pseudo_edge,calendar_month,False,522,14.837432981649767,17.34652360493298,20260827
permuted_anchor_pseudo_edge,calendar_month,False,523,16.738984505996743,17.34652360493298,20260827
permuted_anchor_pseudo_edge,calendar_month,False,524,16.009781616949265,17.34652360493298,20260827
permuted_anchor_pseudo_edge,calendar_month,False,525,19.18840081485437,17.34652360493298,20260827
permuted_anchor_pseudo_edge,calendar_month,False,526,20.092230833212437,17.34652360493298,20260827
permuted_anchor_pseudo_edge,calendar_month,False,527,15.953630264757823,17.34652360493298,20260827
permuted_anchor_pseudo_edge,calendar_month,False,528,21.474211556035225,17.34652360493298,20260827
permuted_anchor_pseudo_edge,calendar_month,False,529,16.54884391725742,17.34652360493298,20260827
permuted_anchor_pseudo_edge,calendar_month,False,530,15.078944613096812,17.34652360493298,20260827
permuted_anchor_pseudo_edge,calendar_month,False,531,13.0839542246792,17.34652360493298,20260827
permuted_anchor_pseudo_edge,calendar_month,False,532,17.749574732944335,17.34652360493298,20260827
permuted_anchor_pseudo_edge,calendar_month,False,533,10.573103233898575,17.34652360493298,20260827
permuted_anchor_pseudo_edge,calendar_month,False,534,18.56741247034122,17.34652360493298,20260827
permuted_anchor_pseudo_edge,calendar_month,False,535,17.376719851460244,17.34652360493298,20260827
permuted_anchor_pseudo_edge,calendar_month,False,536,18.151187452042645,17.34652360493298,20260827
permuted_anchor_pseudo_edge,calendar_month,False,537,18.313496116674624,17.34652360493298,20260827
permuted_anchor_pseudo_edge,calendar_month,False,538,22.46347018767813,17.34652360493298,20260827
permuted_anchor_pseudo_edge,calendar_month,False,539,10.444398013257446,17.34652360493298,20260827
permuted_anchor_pseudo_edge,calendar_month,False,540,16.666934652342317,17.34652360493298,20260827
permuted_anchor_pseudo_edge,calendar_month,False,541,20.880619950732658,17.34652360493298,20260827
permuted_anchor_pseudo_edge,calendar_month,False,542,13.570904679189955,17.34652360493298,20260827
permuted_anchor_pseudo_edge,calendar_month,False,543,18.05878201638567,17.34652360493298,20260827
permuted_anchor_pseudo_edge,calendar_month,False,544,16.917221839971628,17.34652360493298,20260827
permuted_anchor_pseudo_edge,calendar_month,False,545,16.365202316864018,17.34652360493298,20260827
permuted_anchor_pseudo_edge,calendar_month,False,546,18.518832493606872,17.34652360493298,20260827
permuted_anchor_pseudo_edge,calendar_month,False,547,17.313336988301337,17.34652360493298,20260827
permuted_anchor_pseudo_edge,calendar_month,False,548,19.092106185367207,17.34652360493298,20260827
permuted_anchor_pseudo_edge,calendar_month,False,549,16.690116042485784,17.34652360493298,20260827
permuted_anchor_pseudo_edge,calendar_month,False,550,10.608671694956215,17.34652360493298,20260827
permuted_anchor_pseudo_edge,calendar_month,False,551,20.886875193259847,17.34652360493298,20260827
permuted_anchor_pseudo_edge,calendar_month,False,552,18.981581134648078,17.34652360493298,20260827
permuted_anchor_pseudo_edge,calendar_month,False,553,14.633184721072997,17.34652360493298,20260827
permuted_anchor_pseudo_edge,calendar_month,False,554,17.294732788045092,17.34652360493298,20260827
permuted_anchor_pseudo_edge,calendar_month,False,555,18.326975458234713,17.34652360493298,20260827
permuted_anchor_pseudo_edge,calendar_month,False,556,15.14378413559681,17.34652360493298,20260827
permuted_anchor_pseudo_edge,calendar_month,False,557,13.766896661532183,17.34652360493298,20260827
permuted_anchor_pseudo_edge,calendar_month,False,558,13.71710795319729,17.34652360493298,20260827
permuted_anchor_pseudo_edge,calendar_month,False,559,19.118307887879233,17.34652360493298,20260827
permuted_anchor_pseudo_edge,calendar_month,False,560,18.385601590487628,17.34652360493298,20260827
permuted_anchor_pseudo_edge,calendar_month,False,561,14.220740913746244,17.34652360493298,20260827
permuted_anchor_pseudo_edge,calendar_month,False,562,15.75004140825553,17.34652360493298,20260827
permuted_anchor_pseudo_edge,calendar_month,False,563,15.58777391595777,17.34652360493298,20260827
permuted_anchor_pseudo_edge,calendar_month,False,564,13.196415627947214,17.34652360493298,20260827
permuted_anchor_pseudo_edge,calendar_month,False,565,20.475348462498385,17.34652360493298,20260827
permuted_anchor_pseudo_edge,calendar_month,False,566,21.215795348694954,17.34652360493298,20260827
permuted_anchor_pseudo_edge,calendar_month,False,567,17.15653584807827,17.34652360493298,20260827
permuted_anchor_pseudo_edge,calendar_month,False,568,13.785570572441616,17.34652360493298,20260827
permuted_anchor_pseudo_edge,calendar_month,False,569,17.234060959707733,17.34652360493298,20260827
permuted_anchor_pseudo_edge,calendar_month,False,570,18.70225555688888,17.34652360493298,20260827
permuted_anchor_pseudo_edge,calendar_month,False,571,12.962074531635444,17.34652360493298,20260827
permuted_anchor_pseudo_edge,calendar_month,False,572,20.18143283140142,17.34652360493298,20260827
permuted_anchor_pseudo_edge,calendar_month,False,573,17.6676238335852,17.34652360493298,20260827
permuted_anchor_pseudo_edge,calendar_month,False,574,11.686190718695226,17.34652360493298,20260827
permuted_anchor_pseudo_edge,calendar_month,False,575,19.617781524938806,17.34652360493298,20260827
permuted_anchor_pseudo_edge,calendar_month,False,576,12.386203051448883,17.34652360493298,20260827
permuted_anchor_pseudo_edge,calendar_month,False,577,14.424531014063701,17.34652360493298,20260827
permuted_anchor_pseudo_edge,calendar_month,False,578,18.400083640466455,17.34652360493298,20260827
permuted_anchor_pseudo_edge,calendar_month,False,579,17.86617141566575,17.34652360493298,20260827
permuted_anchor_pseudo_edge,calendar_month,False,580,18.648740365213733,17.34652360493298,20260827
permuted_anchor_pseudo_edge,calendar_month,False,581,13.481628393198369,17.34652360493298,20260827
permuted_anchor_pseudo_edge,calendar_month,False,582,20.46016582611555,17.34652360493298,20260827
permuted_anchor_pseudo_edge,calendar_month,False,583,16.177123341637483,17.34652360493298,20260827
permuted_anchor_pseudo_edge,calendar_month,False,584,24.814397914109453,17.34652360493298,20260827
permuted_anchor_pseudo_edge,calendar_month,False,585,20.86294672235907,17.34652360493298,20260827
permuted_anchor_pseudo_edge,calendar_month,False,586,16.811818374377406,17.34652360493298,20260827
permuted_anchor_pseudo_edge,calendar_month,False,587,19.109146982757096,17.34652360493298,20260827
permuted_anchor_pseudo_edge,calendar_month,False,588,17.84725948034286,17.34652360493298,20260827
permuted_anchor_pseudo_edge,calendar_month,False,589,10.656953445716544,17.34652360493298,20260827
permuted_anchor_pseudo_edge,calendar_month,False,590,12.778649828047909,17.34652360493298,20260827
permuted_anchor_pseudo_edge,calendar_month,False,591,18.60491654816356,17.34652360493298,20260827
permuted_anchor_pseudo_edge,calendar_month,False,592,14.171042321965158,17.34652360493298,20260827
permuted_anchor_pseudo_edge,calendar_month,False,593,18.62557901472595,17.34652360493298,20260827
permuted_anchor_pseudo_edge,calendar_month,False,594,16.69724426455678,17.34652360493298,20260827
permuted_anchor_pseudo_edge,calendar_month,False,595,19.762692556921095,17.34652360493298,20260827
permuted_anchor_pseudo_edge,calendar_month,False,596,14.040826529114803,17.34652360493298,20260827
permuted_anchor_pseudo_edge,calendar_month,False,597,21.58137085554141,17.34652360493298,20260827
permuted_anchor_pseudo_edge,calendar_month,False,598,16.97287910035941,17.34652360493298,20260827
permuted_anchor_pseudo_edge,calendar_month,False,599,21.686084829830147,17.34652360493298,20260827
permuted_anchor_pseudo_edge,calendar_month,False,600,14.696174363522946,17.34652360493298,20260827
permuted_anchor_pseudo_edge,calendar_month,False,601,21.478407365020786,17.34652360493298,20260827
permuted_anchor_pseudo_edge,calendar_month,False,602,19.300975286473847,17.34652360493298,20260827
permuted_anchor_pseudo_edge,calendar_month,False,603,19.040713888515366,17.34652360493298,20260827
permuted_anchor_pseudo_edge,calendar_month,False,604,13.239025057052325,17.34652360493298,20260827
permuted_anchor_pseudo_edge,calendar_month,False,605,16.524704274196893,17.34652360493298,20260827
permuted_anchor_pseudo_edge,calendar_month,False,606,16.300687481348938,17.34652360493298,20260827
permuted_anchor_pseudo_edge,calendar_month,False,607,21.38178380064635,17.34652360493298,20260827
permuted_anchor_pseudo_edge,calendar_month,False,608,19.688785545269944,17.34652360493298,20260827
permuted_anchor_pseudo_edge,calendar_month,False,609,15.021878303807629,17.34652360493298,20260827
permuted_anchor_pseudo_edge,calendar_month,False,610,17.14136026364018,17.34652360493298,20260827
permuted_anchor_pseudo_edge,calendar_month,False,611,15.27724467346016,17.34652360493298,20260827
permuted_anchor_pseudo_edge,calendar_month,False,612,14.340571505238051,17.34652360493298,20260827
permuted_anchor_pseudo_edge,calendar_month,False,613,11.912391226831478,17.34652360493298,20260827
permuted_anchor_pseudo_edge,calendar_month,False,614,16.31816198915379,17.34652360493298,20260827
permuted_anchor_pseudo_edge,calendar_month,False,615,16.578251964478653,17.34652360493298,20260827
permuted_anchor_pseudo_edge,calendar_month,False,616,13.946524303100425,17.34652360493298,20260827
permuted_anchor_pseudo_edge,calendar_month,False,617,8.981644247136344,17.34652360493298,20260827
permuted_anchor_pseudo_edge,calendar_month,False,618,10.545050802204022,17.34652360493298,20260827
permuted_anchor_pseudo_edge,calendar_month,False,619,11.771193945623185,17.34652360493298,20260827
permuted_anchor_pseudo_edge,calendar_month,False,620,19.35706574505233,17.34652360493298,20260827
permuted_anchor_pseudo_edge,calendar_month,False,621,21.367630649692178,17.34652360493298,20260827
permuted_anchor_pseudo_edge,calendar_month,False,622,20.207259406057386,17.34652360493298,20260827
permuted_anchor_pseudo_edge,calendar_month,False,623,19.739163364874084,17.34652360493298,20260827
permuted_anchor_pseudo_edge,calendar_month,False,624,8.87935107802183,17.34652360493298,20260827
permuted_anchor_pseudo_edge,calendar_month,False,625,15.56208562068305,17.34652360493298,20260827
permuted_anchor_pseudo_edge,calendar_month,False,626,10.344348968659341,17.34652360493298,20260827
permuted_anchor_pseudo_edge,calendar_month,False,627,11.346768390065114,17.34652360493298,20260827
permuted_anchor_pseudo_edge,calendar_month,False,628,12.939988061091249,17.34652360493298,20260827
permuted_anchor_pseudo_edge,calendar_month,False,629,18.5131394202349,17.34652360493298,20260827
permuted_anchor_pseudo_edge,calendar_month,False,630,15.479734824803398,17.34652360493298,20260827
permuted_anchor_pseudo_edge,calendar_month,False,631,12.798476240439538,17.34652360493298,20260827
permuted_anchor_pseudo_edge,calendar_month,False,632,22.14113153401175,17.34652360493298,20260827
permuted_anchor_pseudo_edge,calendar_month,False,633,14.688489356138465,17.34652360493298,20260827
permuted_anchor_pseudo_edge,calendar_month,False,634,15.327328825799455,17.34652360493298,20260827
permuted_anchor_pseudo_edge,calendar_month,False,635,21.004261340689485,17.34652360493298,20260827
permuted_anchor_pseudo_edge,calendar_month,False,636,17.38367505485013,17.34652360493298,20260827
permuted_anchor_pseudo_edge,calendar_month,False,637,22.785323211489263,17.34652360493298,20260827
permuted_anchor_pseudo_edge,calendar_month,False,638,16.074044499648025,17.34652360493298,20260827
permuted_anchor_pseudo_edge,calendar_month,False,639,16.18099945832207,17.34652360493298,20260827
permuted_anchor_pseudo_edge,calendar_month,False,640,17.668899127545398,17.34652360493298,20260827
permuted_anchor_pseudo_edge,calendar_month,False,641,14.418663186897449,17.34652360493298,20260827
permuted_anchor_pseudo_edge,calendar_month,False,642,19.52972890725647,17.34652360493298,20260827
permuted_anchor_pseudo_edge,calendar_month,False,643,17.43968433974671,17.34652360493298,20260827
permuted_anchor_pseudo_edge,calendar_month,False,644,13.328562739440919,17.34652360493298,20260827
permuted_anchor_pseudo_edge,calendar_month,False,645,13.403959247944778,17.34652360493298,20260827
permuted_anchor_pseudo_edge,calendar_month,False,646,17.609577603521572,17.34652360493298,20260827
permuted_anchor_pseudo_edge,calendar_month,False,647,19.88110995630549,17.34652360493298,20260827
permuted_anchor_pseudo_edge,calendar_month,False,648,20.125134655324587,17.34652360493298,20260827
permuted_anchor_pseudo_edge,calendar_month,False,649,19.36871972980197,17.34652360493298,20260827
permuted_anchor_pseudo_edge,calendar_month,False,650,15.755021595084834,17.34652360493298,20260827
permuted_anchor_pseudo_edge,calendar_month,False,651,21.64504692495437,17.34652360493298,20260827
permuted_anchor_pseudo_edge,calendar_month,False,652,16.454585707318532,17.34652360493298,20260827
permuted_anchor_pseudo_edge,calendar_month,False,653,15.878310451755997,17.34652360493298,20260827
permuted_anchor_pseudo_edge,calendar_month,False,654,15.328377753632804,17.34652360493298,20260827
permuted_anchor_pseudo_edge,calendar_month,False,655,24.112267532078278,17.34652360493298,20260827
permuted_anchor_pseudo_edge,calendar_month,False,656,16.628197992070497,17.34652360493298,20260827
permuted_anchor_pseudo_edge,calendar_month,False,657,18.062491715415355,17.34652360493298,20260827
permuted_anchor_pseudo_edge,calendar_month,False,658,23.603065699999306,17.34652360493298,20260827
permuted_anchor_pseudo_edge,calendar_month,False,659,16.693118049582253,17.34652360493298,20260827
permuted_anchor_pseudo_edge,calendar_month,False,660,16.073566291131986,17.34652360493298,20260827
permuted_anchor_pseudo_edge,calendar_month,False,661,16.507588093948712,17.34652360493298,20260827
permuted_anchor_pseudo_edge,calendar_month,False,662,17.5452196436384,17.34652360493298,20260827
permuted_anchor_pseudo_edge,calendar_month,False,663,18.805810721206694,17.34652360493298,20260827
permuted_anchor_pseudo_edge,calendar_month,False,664,18.63651016337842,17.34652360493298,20260827
permuted_anchor_pseudo_edge,calendar_month,False,665,18.45675080140034,17.34652360493298,20260827
permuted_anchor_pseudo_edge,calendar_month,False,666,15.223353962153949,17.34652360493298,20260827
permuted_anchor_pseudo_edge,calendar_month,False,667,21.27456140069918,17.34652360493298,20260827
permuted_anchor_pseudo_edge,calendar_month,False,668,13.890217916767902,17.34652360493298,20260827
permuted_anchor_pseudo_edge,calendar_month,False,669,21.460969089325914,17.34652360493298,20260827
permuted_anchor_pseudo_edge,calendar_month,False,670,21.902684991622685,17.34652360493298,20260827
permuted_anchor_pseudo_edge,calendar_month,False,671,17.085199080866893,17.34652360493298,20260827
permuted_anchor_pseudo_edge,calendar_month,False,672,14.880497541513972,17.34652360493298,20260827
permuted_anchor_pseudo_edge,calendar_month,False,673,17.29727878753585,17.34652360493298,20260827
permuted_anchor_pseudo_edge,calendar_month,False,674,15.760757736291705,17.34652360493298,20260827
permuted_anchor_pseudo_edge,calendar_month,False,675,16.00862748205186,17.34652360493298,20260827
permuted_anchor_pseudo_edge,calendar_month,False,676,15.660374992775047,17.34652360493298,20260827
permuted_anchor_pseudo_edge,calendar_month,False,677,19.483403453120307,17.34652360493298,20260827
permuted_anchor_pseudo_edge,calendar_month,False,678,19.023895384651627,17.34652360493298,20260827
permuted_anchor_pseudo_edge,calendar_month,False,679,21.17527156336825,17.34652360493298,20260827
permuted_anchor_pseudo_edge,calendar_month,False,680,10.751130916490949,17.34652360493298,20260827
permuted_anchor_pseudo_edge,calendar_month,False,681,12.678548103657894,17.34652360493298,20260827
permuted_anchor_pseudo_edge,calendar_month,False,682,21.383245603164355,17.34652360493298,20260827
permuted_anchor_pseudo_edge,calendar_month,False,683,14.141438670562875,17.34652360493298,20260827
permuted_anchor_pseudo_edge,calendar_month,False,684,10.385178947348276,17.34652360493298,20260827
permuted_anchor_pseudo_edge,calendar_month,False,685,16.880675273691708,17.34652360493298,20260827
permuted_anchor_pseudo_edge,calendar_month,False,686,21.674253690534318,17.34652360493298,20260827
permuted_anchor_pseudo_edge,calendar_month,False,687,20.960280600257228,17.34652360493298,20260827
permuted_anchor_pseudo_edge,calendar_month,False,688,20.526059659530482,17.34652360493298,20260827
permuted_anchor_pseudo_edge,calendar_month,False,689,19.01807264000474,17.34652360493298,20260827
permuted_anchor_pseudo_edge,calendar_month,False,690,15.888921552131983,17.34652360493298,20260827
permuted_anchor_pseudo_edge,calendar_month,False,691,10.355355333209634,17.34652360493298,20260827
permuted_anchor_pseudo_edge,calendar_month,False,692,22.739313078486095,17.34652360493298,20260827
permuted_anchor_pseudo_edge,calendar_month,False,693,19.27164840870591,17.34652360493298,20260827
permuted_anchor_pseudo_edge,calendar_month,False,694,18.20879766902046,17.34652360493298,20260827
permuted_anchor_pseudo_edge,calendar_month,False,695,20.456066391129006,17.34652360493298,20260827
permuted_anchor_pseudo_edge,calendar_month,False,696,13.63680754912685,17.34652360493298,20260827
permuted_anchor_pseudo_edge,calendar_month,False,697,15.327276555793661,17.34652360493298,20260827
permuted_anchor_pseudo_edge,calendar_month,False,698,13.735995826776994,17.34652360493298,20260827
permuted_anchor_pseudo_edge,calendar_month,False,699,17.144417099081195,17.34652360493298,20260827
permuted_anchor_pseudo_edge,calendar_month,False,700,17.32751051380307,17.34652360493298,20260827
permuted_anchor_pseudo_edge,calendar_month,False,701,18.804137224481003,17.34652360493298,20260827
permuted_anchor_pseudo_edge,calendar_month,False,702,15.391008973330973,17.34652360493298,20260827
permuted_anchor_pseudo_edge,calendar_month,False,703,16.29862107624097,17.34652360493298,20260827
permuted_anchor_pseudo_edge,calendar_month,False,704,12.789294453384969,17.34652360493298,20260827
permuted_anchor_pseudo_edge,calendar_month,False,705,20.45218830908301,17.34652360493298,20260827
permuted_anchor_pseudo_edge,calendar_month,False,706,13.07104377069796,17.34652360493298,20260827
permuted_anchor_pseudo_edge,calendar_month,False,707,16.08362683391945,17.34652360493298,20260827
permuted_anchor_pseudo_edge,calendar_month,False,708,15.757771454661873,17.34652360493298,20260827
permuted_anchor_pseudo_edge,calendar_month,False,709,15.240768675494017,17.34652360493298,20260827
permuted_anchor_pseudo_edge,calendar_month,False,710,19.600566024108073,17.34652360493298,20260827
permuted_anchor_pseudo_edge,calendar_month,False,711,18.32190482489778,17.34652360493298,20260827
permuted_anchor_pseudo_edge,calendar_month,False,712,18.00946415483431,17.34652360493298,20260827
permuted_anchor_pseudo_edge,calendar_month,False,713,10.360394125990478,17.34652360493298,20260827
permuted_anchor_pseudo_edge,calendar_month,False,714,18.873521967449374,17.34652360493298,20260827
permuted_anchor_pseudo_edge,calendar_month,False,715,17.704335439852283,17.34652360493298,20260827
permuted_anchor_pseudo_edge,calendar_month,False,716,19.81200064379123,17.34652360493298,20260827
permuted_anchor_pseudo_edge,calendar_month,False,717,13.801870203065562,17.34652360493298,20260827
permuted_anchor_pseudo_edge,calendar_month,False,718,17.892327116887273,17.34652360493298,20260827
permuted_anchor_pseudo_edge,calendar_month,False,719,19.50226651505521,17.34652360493298,20260827
permuted_anchor_pseudo_edge,calendar_month,False,720,17.895276012256257,17.34652360493298,20260827
permuted_anchor_pseudo_edge,calendar_month,False,721,17.531277749173558,17.34652360493298,20260827
permuted_anchor_pseudo_edge,calendar_month,False,722,17.788654596816922,17.34652360493298,20260827
permuted_anchor_pseudo_edge,calendar_month,False,723,17.540600459552387,17.34652360493298,20260827
permuted_anchor_pseudo_edge,calendar_month,False,724,18.86839551651255,17.34652360493298,20260827
permuted_anchor_pseudo_edge,calendar_month,False,725,19.1247095674138,17.34652360493298,20260827
permuted_anchor_pseudo_edge,calendar_month,False,726,17.01683244920853,17.34652360493298,20260827
permuted_anchor_pseudo_edge,calendar_month,False,727,18.998104097336665,17.34652360493298,20260827
permuted_anchor_pseudo_edge,calendar_month,False,728,17.326651391969232,17.34652360493298,20260827
permuted_anchor_pseudo_edge,calendar_month,False,729,11.995277134385319,17.34652360493298,20260827
permuted_anchor_pseudo_edge,calendar_month,False,730,15.83284967369822,17.34652360493298,20260827
permuted_anchor_pseudo_edge,calendar_month,False,731,14.968400353954605,17.34652360493298,20260827
permuted_anchor_pseudo_edge,calendar_month,False,732,14.34570106495726,17.34652360493298,20260827
permuted_anchor_pseudo_edge,calendar_month,False,733,14.770777679078565,17.34652360493298,20260827
permuted_anchor_pseudo_edge,calendar_month,False,734,15.199316491384135,17.34652360493298,20260827
permuted_anchor_pseudo_edge,calendar_month,False,735,21.570595927639893,17.34652360493298,20260827
permuted_anchor_pseudo_edge,calendar_month,False,736,23.170991432843678,17.34652360493298,20260827
permuted_anchor_pseudo_edge,calendar_month,False,737,16.339519808633376,17.34652360493298,20260827
permuted_anchor_pseudo_edge,calendar_month,False,738,20.08992539635193,17.34652360493298,20260827
permuted_anchor_pseudo_edge,calendar_month,False,739,15.104728014210117,17.34652360493298,20260827
permuted_anchor_pseudo_edge,calendar_month,False,740,18.06346841896163,17.34652360493298,20260827
permuted_anchor_pseudo_edge,calendar_month,False,741,16.076841572820147,17.34652360493298,20260827
permuted_anchor_pseudo_edge,calendar_month,False,742,21.9967562207568,17.34652360493298,20260827
permuted_anchor_pseudo_edge,calendar_month,False,743,14.209913552232475,17.34652360493298,20260827
permuted_anchor_pseudo_edge,calendar_month,False,744,21.295735796024502,17.34652360493298,20260827
permuted_anchor_pseudo_edge,calendar_month,False,745,15.668918942636942,17.34652360493298,20260827
permuted_anchor_pseudo_edge,calendar_month,False,746,17.317133387830378,17.34652360493298,20260827
permuted_anchor_pseudo_edge,calendar_month,False,747,17.826609156762903,17.34652360493298,20260827
permuted_anchor_pseudo_edge,calendar_month,False,748,20.166685344203135,17.34652360493298,20260827
permuted_anchor_pseudo_edge,calendar_month,False,749,17.635737291590026,17.34652360493298,20260827
permuted_anchor_pseudo_edge,calendar_month,False,750,20.277912472244758,17.34652360493298,20260827
permuted_anchor_pseudo_edge,calendar_month,False,751,19.456211900159804,17.34652360493298,20260827
permuted_anchor_pseudo_edge,calendar_month,False,752,15.03185668119293,17.34652360493298,20260827
permuted_anchor_pseudo_edge,calendar_month,False,753,13.498005471713206,17.34652360493298,20260827
permuted_anchor_pseudo_edge,calendar_month,False,754,16.1534504420412,17.34652360493298,20260827
permuted_anchor_pseudo_edge,calendar_month,False,755,12.18402545041973,17.34652360493298,20260827
permuted_anchor_pseudo_edge,calendar_month,False,756,21.799037194040885,17.34652360493298,20260827
permuted_anchor_pseudo_edge,calendar_month,False,757,17.13712450067895,17.34652360493298,20260827
permuted_anchor_pseudo_edge,calendar_month,False,758,15.28731262138732,17.34652360493298,20260827
permuted_anchor_pseudo_edge,calendar_month,False,759,18.00156939466815,17.34652360493298,20260827
permuted_anchor_pseudo_edge,calendar_month,False,760,16.141915672182275,17.34652360493298,20260827
permuted_anchor_pseudo_edge,calendar_month,False,761,20.334079702340865,17.34652360493298,20260827
permuted_anchor_pseudo_edge,calendar_month,False,762,16.434118638740124,17.34652360493298,20260827
permuted_anchor_pseudo_edge,calendar_month,False,763,20.4056380203017,17.34652360493298,20260827
permuted_anchor_pseudo_edge,calendar_month,False,764,18.759873955885993,17.34652360493298,20260827
permuted_anchor_pseudo_edge,calendar_month,False,765,13.983755449706475,17.34652360493298,20260827
permuted_anchor_pseudo_edge,calendar_month,False,766,21.550735334281963,17.34652360493298,20260827
permuted_anchor_pseudo_edge,calendar_month,False,767,18.18235121681697,17.34652360493298,20260827
permuted_anchor_pseudo_edge,calendar_month,False,768,19.573587386106478,17.34652360493298,20260827
permuted_anchor_pseudo_edge,calendar_month,False,769,18.953286666966115,17.34652360493298,20260827
permuted_anchor_pseudo_edge,calendar_month,False,770,14.423591608557306,17.34652360493298,20260827
permuted_anchor_pseudo_edge,calendar_month,False,771,16.27606737838819,17.34652360493298,20260827
permuted_anchor_pseudo_edge,calendar_month,False,772,10.98758148644789,17.34652360493298,20260827
permuted_anchor_pseudo_edge,calendar_month,False,773,14.386233045603161,17.34652360493298,20260827
permuted_anchor_pseudo_edge,calendar_month,False,774,17.043401974459247,17.34652360493298,20260827
permuted_anchor_pseudo_edge,calendar_month,False,775,14.718472247534208,17.34652360493298,20260827
permuted_anchor_pseudo_edge,calendar_month,False,776,17.558353420127006,17.34652360493298,20260827
permuted_anchor_pseudo_edge,calendar_month,False,777,11.93529171326079,17.34652360493298,20260827
permuted_anchor_pseudo_edge,calendar_month,False,778,12.74696269595736,17.34652360493298,20260827
permuted_anchor_pseudo_edge,calendar_month,False,779,18.030405223666655,17.34652360493298,20260827
permuted_anchor_pseudo_edge,calendar_month,False,780,12.060370171839677,17.34652360493298,20260827
permuted_anchor_pseudo_edge,calendar_month,False,781,25.83836071306347,17.34652360493298,20260827
permuted_anchor_pseudo_edge,calendar_month,False,782,15.027546788759915,17.34652360493298,20260827
permuted_anchor_pseudo_edge,calendar_month,False,783,13.690603483107115,17.34652360493298,20260827
permuted_anchor_pseudo_edge,calendar_month,False,784,16.223032249372572,17.34652360493298,20260827
permuted_anchor_pseudo_edge,calendar_month,False,785,17.51760763425283,17.34652360493298,20260827
permuted_anchor_pseudo_edge,calendar_month,False,786,18.86532047151431,17.34652360493298,20260827
permuted_anchor_pseudo_edge,calendar_month,False,787,23.803003960867745,17.34652360493298,20260827
permuted_anchor_pseudo_edge,calendar_month,False,788,18.955299264548437,17.34652360493298,20260827
permuted_anchor_pseudo_edge,calendar_month,False,789,20.00217852698289,17.34652360493298,20260827
permuted_anchor_pseudo_edge,calendar_month,False,790,18.11283068263934,17.34652360493298,20260827
permuted_anchor_pseudo_edge,calendar_month,False,791,18.222300990321664,17.34652360493298,20260827
permuted_anchor_pseudo_edge,calendar_month,False,792,13.798397569540418,17.34652360493298,20260827
permuted_anchor_pseudo_edge,calendar_month,False,793,22.028644641573187,17.34652360493298,20260827
permuted_anchor_pseudo_edge,calendar_month,False,794,10.069994078627895,17.34652360493298,20260827
permuted_anchor_pseudo_edge,calendar_month,False,795,17.495084635476697,17.34652360493298,20260827
permuted_anchor_pseudo_edge,calendar_month,False,796,14.021157832762777,17.34652360493298,20260827
permuted_anchor_pseudo_edge,calendar_month,False,797,11.788397483226841,17.34652360493298,20260827
permuted_anchor_pseudo_edge,calendar_month,False,798,13.500295982651478,17.34652360493298,20260827
permuted_anchor_pseudo_edge,calendar_month,False,799,16.557673122070288,17.34652360493298,20260827
permuted_anchor_pseudo_edge,calendar_month,False,800,19.053906998636442,17.34652360493298,20260827
permuted_anchor_pseudo_edge,calendar_month,False,801,14.962038435333492,17.34652360493298,20260827
permuted_anchor_pseudo_edge,calendar_month,False,802,14.677072690979088,17.34652360493298,20260827
permuted_anchor_pseudo_edge,calendar_month,False,803,14.155583537947944,17.34652360493298,20260827
permuted_anchor_pseudo_edge,calendar_month,False,804,20.654838699316354,17.34652360493298,20260827
permuted_anchor_pseudo_edge,calendar_month,False,805,22.794279105169288,17.34652360493298,20260827
permuted_anchor_pseudo_edge,calendar_month,False,806,20.150129857946528,17.34652360493298,20260827
permuted_anchor_pseudo_edge,calendar_month,False,807,18.268858408795154,17.34652360493298,20260827
permuted_anchor_pseudo_edge,calendar_month,False,808,13.009103476873745,17.34652360493298,20260827
permuted_anchor_pseudo_edge,calendar_month,False,809,18.853690553588365,17.34652360493298,20260827
permuted_anchor_pseudo_edge,calendar_month,False,810,15.953935625014923,17.34652360493298,20260827
permuted_anchor_pseudo_edge,calendar_month,False,811,21.599126926654474,17.34652360493298,20260827
permuted_anchor_pseudo_edge,calendar_month,False,812,18.809861624647336,17.34652360493298,20260827
permuted_anchor_pseudo_edge,calendar_month,False,813,19.398527980286936,17.34652360493298,20260827
permuted_anchor_pseudo_edge,calendar_month,False,814,21.20455728605587,17.34652360493298,20260827
permuted_anchor_pseudo_edge,calendar_month,False,815,17.335513121703343,17.34652360493298,20260827
permuted_anchor_pseudo_edge,calendar_month,False,816,10.758756311855647,17.34652360493298,20260827
permuted_anchor_pseudo_edge,calendar_month,False,817,15.389891452064413,17.34652360493298,20260827
permuted_anchor_pseudo_edge,calendar_month,False,818,13.36651173967655,17.34652360493298,20260827
permuted_anchor_pseudo_edge,calendar_month,False,819,18.209704662867264,17.34652360493298,20260827
permuted_anchor_pseudo_edge,calendar_month,False,820,18.997745331015977,17.34652360493298,20260827
permuted_anchor_pseudo_edge,calendar_month,False,821,16.238768509088324,17.34652360493298,20260827
permuted_anchor_pseudo_edge,calendar_month,False,822,12.707649485595681,17.34652360493298,20260827
permuted_anchor_pseudo_edge,calendar_month,False,823,14.984638172906974,17.34652360493298,20260827
permuted_anchor_pseudo_edge,calendar_month,False,824,8.237183988913497,17.34652360493298,20260827
permuted_anchor_pseudo_edge,calendar_month,False,825,19.342114886066845,17.34652360493298,20260827
permuted_anchor_pseudo_edge,calendar_month,False,826,23.907591457846674,17.34652360493298,20260827
permuted_anchor_pseudo_edge,calendar_month,False,827,19.255312262532808,17.34652360493298,20260827
permuted_anchor_pseudo_edge,calendar_month,False,828,17.849081095037363,17.34652360493298,20260827
permuted_anchor_pseudo_edge,calendar_month,False,829,17.231647750738865,17.34652360493298,20260827
permuted_anchor_pseudo_edge,calendar_month,False,830,15.49040740352557,17.34652360493298,20260827
permuted_anchor_pseudo_edge,calendar_month,False,831,12.842451874618266,17.34652360493298,20260827
permuted_anchor_pseudo_edge,calendar_month,False,832,16.947851007753464,17.34652360493298,20260827
permuted_anchor_pseudo_edge,calendar_month,False,833,21.03059245473223,17.34652360493298,20260827
permuted_anchor_pseudo_edge,calendar_month,False,834,15.749726794758736,17.34652360493298,20260827
permuted_anchor_pseudo_edge,calendar_month,False,835,19.01988564899702,17.34652360493298,20260827
permuted_anchor_pseudo_edge,calendar_month,False,836,18.833062717084935,17.34652360493298,20260827
permuted_anchor_pseudo_edge,calendar_month,False,837,16.11266311435001,17.34652360493298,20260827
permuted_anchor_pseudo_edge,calendar_month,False,838,15.020787377171704,17.34652360493298,20260827
permuted_anchor_pseudo_edge,calendar_month,False,839,13.609163233389962,17.34652360493298,20260827
permuted_anchor_pseudo_edge,calendar_month,False,840,15.274211535427693,17.34652360493298,20260827
permuted_anchor_pseudo_edge,calendar_month,False,841,20.52671035749731,17.34652360493298,20260827
permuted_anchor_pseudo_edge,calendar_month,False,842,19.906978790673627,17.34652360493298,20260827
permuted_anchor_pseudo_edge,calendar_month,False,843,20.671149729589374,17.34652360493298,20260827
permuted_anchor_pseudo_edge,calendar_month,False,844,22.1898901863969,17.34652360493298,20260827
permuted_anchor_pseudo_edge,calendar_month,False,845,13.524626158348784,17.34652360493298,20260827
permuted_anchor_pseudo_edge,calendar_month,False,846,16.442649374640343,17.34652360493298,20260827
permuted_anchor_pseudo_edge,calendar_month,False,847,20.651727548884384,17.34652360493298,20260827
permuted_anchor_pseudo_edge,calendar_month,False,848,15.652944208322985,17.34652360493298,20260827
permuted_anchor_pseudo_edge,calendar_month,False,849,19.06952587240982,17.34652360493298,20260827
permuted_anchor_pseudo_edge,calendar_month,False,850,18.02151297768279,17.34652360493298,20260827
permuted_anchor_pseudo_edge,calendar_month,False,851,17.07722531816321,17.34652360493298,20260827
permuted_anchor_pseudo_edge,calendar_month,False,852,21.446155355083537,17.34652360493298,20260827
permuted_anchor_pseudo_edge,calendar_month,False,853,17.366091060661518,17.34652360493298,20260827
permuted_anchor_pseudo_edge,calendar_month,False,854,21.73024073822735,17.34652360493298,20260827
permuted_anchor_pseudo_edge,calendar_month,False,855,16.232030363412093,17.34652360493298,20260827
permuted_anchor_pseudo_edge,calendar_month,False,856,17.133425396115832,17.34652360493298,20260827
permuted_anchor_pseudo_edge,calendar_month,False,857,15.768701099344312,17.34652360493298,20260827
permuted_anchor_pseudo_edge,calendar_month,False,858,19.673967723168957,17.34652360493298,20260827
permuted_anchor_pseudo_edge,calendar_month,False,859,18.991564814351765,17.34652360493298,20260827
permuted_anchor_pseudo_edge,calendar_month,False,860,14.077495639592968,17.34652360493298,20260827
permuted_anchor_pseudo_edge,calendar_month,False,861,14.40699353862428,17.34652360493298,20260827
permuted_anchor_pseudo_edge,calendar_month,False,862,18.84909937071518,17.34652360493298,20260827
permuted_anchor_pseudo_edge,calendar_month,False,863,15.876927139351093,17.34652360493298,20260827
permuted_anchor_pseudo_edge,calendar_month,False,864,19.009955927563464,17.34652360493298,20260827
permuted_anchor_pseudo_edge,calendar_month,False,865,16.726006990906303,17.34652360493298,20260827
permuted_anchor_pseudo_edge,calendar_month,False,866,20.886355581033552,17.34652360493298,20260827
permuted_anchor_pseudo_edge,calendar_month,False,867,14.528636376016113,17.34652360493298,20260827
permuted_anchor_pseudo_edge,calendar_month,False,868,14.47497006718714,17.34652360493298,20260827
permuted_anchor_pseudo_edge,calendar_month,False,869,15.355743700117078,17.34652360493298,20260827
permuted_anchor_pseudo_edge,calendar_month,False,870,21.50304507192442,17.34652360493298,20260827
permuted_anchor_pseudo_edge,calendar_month,False,871,12.367573269996615,17.34652360493298,20260827
permuted_anchor_pseudo_edge,calendar_month,False,872,17.77547094839281,17.34652360493298,20260827
permuted_anchor_pseudo_edge,calendar_month,False,873,15.213847798874403,17.34652360493298,20260827
permuted_anchor_pseudo_edge,calendar_month,False,874,17.678230308130473,17.34652360493298,20260827
permuted_anchor_pseudo_edge,calendar_month,False,875,18.406464307799297,17.34652360493298,20260827
permuted_anchor_pseudo_edge,calendar_month,False,876,19.6274701734897,17.34652360493298,20260827
permuted_anchor_pseudo_edge,calendar_month,False,877,11.138008875914654,17.34652360493298,20260827
permuted_anchor_pseudo_edge,calendar_month,False,878,14.356636685940275,17.34652360493298,20260827
permuted_anchor_pseudo_edge,calendar_month,False,879,12.360738924265624,17.34652360493298,20260827
permuted_anchor_pseudo_edge,calendar_month,False,880,21.233183815830937,17.34652360493298,20260827
permuted_anchor_pseudo_edge,calendar_month,False,881,17.2020395205855,17.34652360493298,20260827
permuted_anchor_pseudo_edge,calendar_month,False,882,12.539570966368101,17.34652360493298,20260827
permuted_anchor_pseudo_edge,calendar_month,False,883,14.625653314410023,17.34652360493298,20260827
permuted_anchor_pseudo_edge,calendar_month,False,884,16.214639646769708,17.34652360493298,20260827
permuted_anchor_pseudo_edge,calendar_month,False,885,13.566240090044564,17.34652360493298,20260827
permuted_anchor_pseudo_edge,calendar_month,False,886,22.575545444925023,17.34652360493298,20260827
permuted_anchor_pseudo_edge,calendar_month,False,887,16.63776332577926,17.34652360493298,20260827
permuted_anchor_pseudo_edge,calendar_month,False,888,21.483508452438844,17.34652360493298,20260827
permuted_anchor_pseudo_edge,calendar_month,False,889,16.54673293245221,17.34652360493298,20260827
permuted_anchor_pseudo_edge,calendar_month,False,890,18.143300727600607,17.34652360493298,20260827
permuted_anchor_pseudo_edge,calendar_month,False,891,18.28952671339077,17.34652360493298,20260827
permuted_anchor_pseudo_edge,calendar_month,False,892,16.4919669159553,17.34652360493298,20260827
permuted_anchor_pseudo_edge,calendar_month,False,893,18.407980513296742,17.34652360493298,20260827
permuted_anchor_pseudo_edge,calendar_month,False,894,15.12011187191405,17.34652360493298,20260827
permuted_anchor_pseudo_edge,calendar_month,False,895,18.886569059892864,17.34652360493298,20260827
permuted_anchor_pseudo_edge,calendar_month,False,896,16.541433430450013,17.34652360493298,20260827
permuted_anchor_pseudo_edge,calendar_month,False,897,9.189086162156027,17.34652360493298,20260827
permuted_anchor_pseudo_edge,calendar_month,False,898,14.287694477020743,17.34652360493298,20260827
permuted_anchor_pseudo_edge,calendar_month,False,899,17.784660996275267,17.34652360493298,20260827
permuted_anchor_pseudo_edge,calendar_month,False,900,17.879691966150283,17.34652360493298,20260827
permuted_anchor_pseudo_edge,calendar_month,False,901,21.342845083511712,17.34652360493298,20260827
permuted_anchor_pseudo_edge,calendar_month,False,902,16.037753545677234,17.34652360493298,20260827
permuted_anchor_pseudo_edge,calendar_month,False,903,17.35517886542317,17.34652360493298,20260827
permuted_anchor_pseudo_edge,calendar_month,False,904,13.47989509343806,17.34652360493298,20260827
permuted_anchor_pseudo_edge,calendar_month,False,905,16.36011062709068,17.34652360493298,20260827
permuted_anchor_pseudo_edge,calendar_month,False,906,9.305442152212745,17.34652360493298,20260827
permuted_anchor_pseudo_edge,calendar_month,False,907,9.997326083648694,17.34652360493298,20260827
permuted_anchor_pseudo_edge,calendar_month,False,908,19.62832673038463,17.34652360493298,20260827
permuted_anchor_pseudo_edge,calendar_month,False,909,23.678970444837802,17.34652360493298,20260827
permuted_anchor_pseudo_edge,calendar_month,False,910,14.101704895201994,17.34652360493298,20260827
permuted_anchor_pseudo_edge,calendar_month,False,911,15.994031185539157,17.34652360493298,20260827
permuted_anchor_pseudo_edge,calendar_month,False,912,8.067784214544337,17.34652360493298,20260827
permuted_anchor_pseudo_edge,calendar_month,False,913,22.20674304888942,17.34652360493298,20260827
permuted_anchor_pseudo_edge,calendar_month,False,914,20.55879612859077,17.34652360493298,20260827
permuted_anchor_pseudo_edge,calendar_month,False,915,10.219781941872464,17.34652360493298,20260827
permuted_anchor_pseudo_edge,calendar_month,False,916,20.059585248038143,17.34652360493298,20260827
permuted_anchor_pseudo_edge,calendar_month,False,917,12.704545438292635,17.34652360493298,20260827
permuted_anchor_pseudo_edge,calendar_month,False,918,16.883653992252196,17.34652360493298,20260827
permuted_anchor_pseudo_edge,calendar_month,False,919,16.756177885567332,17.34652360493298,20260827
permuted_anchor_pseudo_edge,calendar_month,False,920,20.583240444537314,17.34652360493298,20260827
permuted_anchor_pseudo_edge,calendar_month,False,921,20.228728345910746,17.34652360493298,20260827
permuted_anchor_pseudo_edge,calendar_month,False,922,18.3446470235713,17.34652360493298,20260827
permuted_anchor_pseudo_edge,calendar_month,False,923,13.527762830050202,17.34652360493298,20260827
permuted_anchor_pseudo_edge,calendar_month,False,924,11.672813182796247,17.34652360493298,20260827
permuted_anchor_pseudo_edge,calendar_month,False,925,13.308781602160197,17.34652360493298,20260827
permuted_anchor_pseudo_edge,calendar_month,False,926,14.28861484198182,17.34652360493298,20260827
permuted_anchor_pseudo_edge,calendar_month,False,927,17.807641591456207,17.34652360493298,20260827
permuted_anchor_pseudo_edge,calendar_month,False,928,11.03375261663956,17.34652360493298,20260827
permuted_anchor_pseudo_edge,calendar_month,False,929,20.652279764621113,17.34652360493298,20260827
permuted_anchor_pseudo_edge,calendar_month,False,930,20.201292086774885,17.34652360493298,20260827
permuted_anchor_pseudo_edge,calendar_month,False,931,14.786072969592826,17.34652360493298,20260827
permuted_anchor_pseudo_edge,calendar_month,False,932,9.736593741576844,17.34652360493298,20260827
permuted_anchor_pseudo_edge,calendar_month,False,933,16.462799868068487,17.34652360493298,20260827
permuted_anchor_pseudo_edge,calendar_month,False,934,12.543021360151045,17.34652360493298,20260827
permuted_anchor_pseudo_edge,calendar_month,False,935,16.215518223422904,17.34652360493298,20260827
permuted_anchor_pseudo_edge,calendar_month,False,936,17.806028448646057,17.34652360493298,20260827
permuted_anchor_pseudo_edge,calendar_month,False,937,14.288593034993092,17.34652360493298,20260827
permuted_anchor_pseudo_edge,calendar_month,False,938,22.20547413169575,17.34652360493298,20260827
permuted_anchor_pseudo_edge,calendar_month,False,939,16.311047236815316,17.34652360493298,20260827
permuted_anchor_pseudo_edge,calendar_month,False,940,25.814480176616,17.34652360493298,20260827
permuted_anchor_pseudo_edge,calendar_month,False,941,17.495575000178725,17.34652360493298,20260827
permuted_anchor_pseudo_edge,calendar_month,False,942,18.018655073337424,17.34652360493298,20260827
permuted_anchor_pseudo_edge,calendar_month,False,943,12.493354714867785,17.34652360493298,20260827
permuted_anchor_pseudo_edge,calendar_month,False,944,12.99154949297994,17.34652360493298,20260827
permuted_anchor_pseudo_edge,calendar_month,False,945,19.220197450505864,17.34652360493298,20260827
permuted_anchor_pseudo_edge,calendar_month,False,946,17.983683868426407,17.34652360493298,20260827
permuted_anchor_pseudo_edge,calendar_month,False,947,16.959252827510703,17.34652360493298,20260827
permuted_anchor_pseudo_edge,calendar_month,False,948,18.915443065187166,17.34652360493298,20260827
permuted_anchor_pseudo_edge,calendar_month,False,949,17.71233308522958,17.34652360493298,20260827
permuted_anchor_pseudo_edge,calendar_month,False,950,15.894814623058853,17.34652360493298,20260827
permuted_anchor_pseudo_edge,calendar_month,False,951,18.520596591084995,17.34652360493298,20260827
permuted_anchor_pseudo_edge,calendar_month,False,952,16.95582716276659,17.34652360493298,20260827
permuted_anchor_pseudo_edge,calendar_month,False,953,14.389161117745225,17.34652360493298,20260827
permuted_anchor_pseudo_edge,calendar_month,False,954,16.318940299205973,17.34652360493298,20260827
permuted_anchor_pseudo_edge,calendar_month,False,955,20.707481909170806,17.34652360493298,20260827
permuted_anchor_pseudo_edge,calendar_month,False,956,14.99459617750264,17.34652360493298,20260827
permuted_anchor_pseudo_edge,calendar_month,False,957,13.34064971020878,17.34652360493298,20260827
permuted_anchor_pseudo_edge,calendar_month,False,958,18.46426216983747,17.34652360493298,20260827
permuted_anchor_pseudo_edge,calendar_month,False,959,13.048191353038128,17.34652360493298,20260827
permuted_anchor_pseudo_edge,calendar_month,False,960,17.897058303092567,17.34652360493298,20260827
permuted_anchor_pseudo_edge,calendar_month,False,961,16.522884153764156,17.34652360493298,20260827
permuted_anchor_pseudo_edge,calendar_month,False,962,21.872358324331998,17.34652360493298,20260827
permuted_anchor_pseudo_edge,calendar_month,False,963,9.545877289727416,17.34652360493298,20260827
permuted_anchor_pseudo_edge,calendar_month,False,964,13.341867035999927,17.34652360493298,20260827
permuted_anchor_pseudo_edge,calendar_month,False,965,13.871182650317754,17.34652360493298,20260827
permuted_anchor_pseudo_edge,calendar_month,False,966,15.176537808990274,17.34652360493298,20260827
permuted_anchor_pseudo_edge,calendar_month,False,967,12.678171353424627,17.34652360493298,20260827
permuted_anchor_pseudo_edge,calendar_month,False,968,20.150125891813325,17.34652360493298,20260827
permuted_anchor_pseudo_edge,calendar_month,False,969,13.443734235644742,17.34652360493298,20260827
permuted_anchor_pseudo_edge,calendar_month,False,970,14.085447458363785,17.34652360493298,20260827
permuted_anchor_pseudo_edge,calendar_month,False,971,16.31542144080834,17.34652360493298,20260827
permuted_anchor_pseudo_edge,calendar_month,False,972,16.296883554567103,17.34652360493298,20260827
permuted_anchor_pseudo_edge,calendar_month,False,973,16.40018169074584,17.34652360493298,20260827
permuted_anchor_pseudo_edge,calendar_month,False,974,8.907786951666822,17.34652360493298,20260827
permuted_anchor_pseudo_edge,calendar_month,False,975,3.0788440592438313,17.34652360493298,20260827
permuted_anchor_pseudo_edge,calendar_month,False,976,19.007619039429365,17.34652360493298,20260827
permuted_anchor_pseudo_edge,calendar_month,False,977,13.281706481900999,17.34652360493298,20260827
permuted_anchor_pseudo_edge,calendar_month,False,978,17.821987270860745,17.34652360493298,20260827
permuted_anchor_pseudo_edge,calendar_month,False,979,16.93793492708981,17.34652360493298,20260827
permuted_anchor_pseudo_edge,calendar_month,False,980,12.718984385280043,17.34652360493298,20260827
permuted_anchor_pseudo_edge,calendar_month,False,981,16.30328368846191,17.34652360493298,20260827
permuted_anchor_pseudo_edge,calendar_month,False,982,17.19472018757098,17.34652360493298,20260827
permuted_anchor_pseudo_edge,calendar_month,False,983,19.59750133450863,17.34652360493298,20260827
permuted_anchor_pseudo_edge,calendar_month,False,984,14.337451515919192,17.34652360493298,20260827
permuted_anchor_pseudo_edge,calendar_month,False,985,17.663311400067812,17.34652360493298,20260827
permuted_anchor_pseudo_edge,calendar_month,False,986,19.04871928301385,17.34652360493298,20260827
permuted_anchor_pseudo_edge,calendar_month,False,987,23.017460537160183,17.34652360493298,20260827
permuted_anchor_pseudo_edge,calendar_month,False,988,13.05850281057117,17.34652360493298,20260827
permuted_anchor_pseudo_edge,calendar_month,False,989,19.942788772663487,17.34652360493298,20260827
permuted_anchor_pseudo_edge,calendar_month,False,990,18.536870859511016,17.34652360493298,20260827
permuted_anchor_pseudo_edge,calendar_month,False,991,12.883974359831424,17.34652360493298,20260827
permuted_anchor_pseudo_edge,calendar_month,False,992,12.352604785260699,17.34652360493298,20260827
permuted_anchor_pseudo_edge,calendar_month,False,993,15.343045533924954,17.34652360493298,20260827
permuted_anchor_pseudo_edge,calendar_month,False,994,19.32775819310452,17.34652360493298,20260827
permuted_anchor_pseudo_edge,calendar_month,False,995,16.69837014902558,17.34652360493298,20260827
permuted_anchor_pseudo_edge,calendar_month,False,996,9.829101815517385,17.34652360493298,20260827
permuted_anchor_pseudo_edge,calendar_month,False,997,18.597388512027123,17.34652360493298,20260827
permuted_anchor_pseudo_edge,calendar_month,False,998,14.371093973386056,17.34652360493298,20260827
permuted_anchor_pseudo_edge,calendar_month,False,999,12.113876543075447,17.34652360493298,20260827
permuted_anchor_pseudo_edge,calendar_month,False,1000,20.402526257581226,17.34652360493298,20260827
permuted_anchor_pseudo_edge,calendar_month,False,1001,22.331721211580422,17.34652360493298,20260827
permuted_anchor_pseudo_edge,calendar_month,False,1002,16.178647671602576,17.34652360493298,20260827
permuted_anchor_pseudo_edge,calendar_month,False,1003,11.637509524943972,17.34652360493298,20260827
permuted_anchor_pseudo_edge,calendar_month,False,1004,19.228904552202973,17.34652360493298,20260827
permuted_anchor_pseudo_edge,calendar_month,False,1005,14.447209311994088,17.34652360493298,20260827
permuted_anchor_pseudo_edge,calendar_month,False,1006,19.020128520077996,17.34652360493298,20260827
permuted_anchor_pseudo_edge,calendar_month,False,1007,10.645781744210685,17.34652360493298,20260827
permuted_anchor_pseudo_edge,calendar_month,False,1008,16.509853092270514,17.34652360493298,20260827
permuted_anchor_pseudo_edge,calendar_month,False,1009,12.866010103639649,17.34652360493298,20260827
permuted_anchor_pseudo_edge,calendar_month,False,1010,13.03098866929487,17.34652360493298,20260827
permuted_anchor_pseudo_edge,calendar_month,False,1011,13.07128973557895,17.34652360493298,20260827
permuted_anchor_pseudo_edge,calendar_month,False,1012,15.618256849661302,17.34652360493298,20260827
permuted_anchor_pseudo_edge,calendar_month,False,1013,19.76089685021975,17.34652360493298,20260827
permuted_anchor_pseudo_edge,calendar_month,False,1014,20.771656461802124,17.34652360493298,20260827
permuted_anchor_pseudo_edge,calendar_month,False,1015,16.496632348385525,17.34652360493298,20260827
permuted_anchor_pseudo_edge,calendar_month,False,1016,15.693107201258826,17.34652360493298,20260827
permuted_anchor_pseudo_edge,calendar_month,False,1017,14.299698492416624,17.34652360493298,20260827
permuted_anchor_pseudo_edge,calendar_month,False,1018,17.433724004589994,17.34652360493298,20260827
permuted_anchor_pseudo_edge,calendar_month,False,1019,12.25095664040392,17.34652360493298,20260827
permuted_anchor_pseudo_edge,calendar_month,False,1020,22.037471257045464,17.34652360493298,20260827
permuted_anchor_pseudo_edge,calendar_month,False,1021,18.31734850511068,17.34652360493298,20260827
permuted_anchor_pseudo_edge,calendar_month,False,1022,14.215292838379161,17.34652360493298,20260827
permuted_anchor_pseudo_edge,calendar_month,False,1023,10.478687736449572,17.34652360493298,20260827
permuted_anchor_pseudo_edge,calendar_month,False,1024,19.516966092970257,17.34652360493298,20260827
permuted_anchor_pseudo_edge,calendar_month,False,1025,19.090745839320846,17.34652360493298,20260827
permuted_anchor_pseudo_edge,calendar_month,False,1026,11.377350843003647,17.34652360493298,20260827
permuted_anchor_pseudo_edge,calendar_month,False,1027,18.976503122633233,17.34652360493298,20260827
permuted_anchor_pseudo_edge,calendar_month,False,1028,18.729512857590777,17.34652360493298,20260827
permuted_anchor_pseudo_edge,calendar_month,False,1029,8.011296824787621,17.34652360493298,20260827
permuted_anchor_pseudo_edge,calendar_month,False,1030,13.610581077307597,17.34652360493298,20260827
permuted_anchor_pseudo_edge,calendar_month,False,1031,20.01538794812636,17.34652360493298,20260827
permuted_anchor_pseudo_edge,calendar_month,False,1032,18.23997571063174,17.34652360493298,20260827
permuted_anchor_pseudo_edge,calendar_month,False,1033,20.388116196014725,17.34652360493298,20260827
permuted_anchor_pseudo_edge,calendar_month,False,1034,18.55910581624211,17.34652360493298,20260827
permuted_anchor_pseudo_edge,calendar_month,False,1035,13.826993174436236,17.34652360493298,20260827
permuted_anchor_pseudo_edge,calendar_month,False,1036,12.196707254806414,17.34652360493298,20260827
permuted_anchor_pseudo_edge,calendar_month,False,1037,14.064330943548963,17.34652360493298,20260827
permuted_anchor_pseudo_edge,calendar_month,False,1038,17.485218266992096,17.34652360493298,20260827
permuted_anchor_pseudo_edge,calendar_month,False,1039,20.627449698163694,17.34652360493298,20260827
permuted_anchor_pseudo_edge,calendar_month,False,1040,19.023600723501715,17.34652360493298,20260827
permuted_anchor_pseudo_edge,calendar_month,False,1041,20.23851995635253,17.34652360493298,20260827
permuted_anchor_pseudo_edge,calendar_month,False,1042,21.76691579385317,17.34652360493298,20260827
permuted_anchor_pseudo_edge,calendar_month,False,1043,21.082886653484046,17.34652360493298,20260827
permuted_anchor_pseudo_edge,calendar_month,False,1044,19.035152103012358,17.34652360493298,20260827
permuted_anchor_pseudo_edge,calendar_month,False,1045,21.195775957754236,17.34652360493298,20260827
permuted_anchor_pseudo_edge,calendar_month,False,1046,14.376930555091516,17.34652360493298,20260827
permuted_anchor_pseudo_edge,calendar_month,False,1047,19.506255743785616,17.34652360493298,20260827
permuted_anchor_pseudo_edge,calendar_month,False,1048,18.340993498963606,17.34652360493298,20260827
permuted_anchor_pseudo_edge,calendar_month,False,1049,16.77849784729483,17.34652360493298,20260827
permuted_anchor_pseudo_edge,calendar_month,False,1050,19.351268764825065,17.34652360493298,20260827
permuted_anchor_pseudo_edge,calendar_month,False,1051,19.773916689862038,17.34652360493298,20260827
permuted_anchor_pseudo_edge,calendar_month,False,1052,15.19690141843539,17.34652360493298,20260827
permuted_anchor_pseudo_edge,calendar_month,False,1053,18.685027515484183,17.34652360493298,20260827
permuted_anchor_pseudo_edge,calendar_month,False,1054,17.514367889558226,17.34652360493298,20260827
permuted_anchor_pseudo_edge,calendar_month,False,1055,11.173426617842116,17.34652360493298,20260827
permuted_anchor_pseudo_edge,calendar_month,False,1056,18.72098893322936,17.34652360493298,20260827
permuted_anchor_pseudo_edge,calendar_month,False,1057,11.01561654469629,17.34652360493298,20260827
permuted_anchor_pseudo_edge,calendar_month,False,1058,17.65010844742449,17.34652360493298,20260827
permuted_anchor_pseudo_edge,calendar_month,False,1059,13.334316610899213,17.34652360493298,20260827
permuted_anchor_pseudo_edge,calendar_month,False,1060,11.175861740808793,17.34652360493298,20260827
permuted_anchor_pseudo_edge,calendar_month,False,1061,14.062677954288267,17.34652360493298,20260827
permuted_anchor_pseudo_edge,calendar_month,False,1062,18.010968409325326,17.34652360493298,20260827
permuted_anchor_pseudo_edge,calendar_month,False,1063,16.447024751171355,17.34652360493298,20260827
permuted_anchor_pseudo_edge,calendar_month,False,1064,16.923078628361594,17.34652360493298,20260827
permuted_anchor_pseudo_edge,calendar_month,False,1065,14.11354061700787,17.34652360493298,20260827
permuted_anchor_pseudo_edge,calendar_month,False,1066,17.74137635540833,17.34652360493298,20260827
permuted_anchor_pseudo_edge,calendar_month,False,1067,16.260198492084776,17.34652360493298,20260827
permuted_anchor_pseudo_edge,calendar_month,False,1068,15.010808546545102,17.34652360493298,20260827
permuted_anchor_pseudo_edge,calendar_month,False,1069,19.21540960631709,17.34652360493298,20260827
permuted_anchor_pseudo_edge,calendar_month,False,1070,20.52819654125004,17.34652360493298,20260827
permuted_anchor_pseudo_edge,calendar_month,False,1071,20.9295735953423,17.34652360493298,20260827
permuted_anchor_pseudo_edge,calendar_month,False,1072,16.29141122993497,17.34652360493298,20260827
permuted_anchor_pseudo_edge,calendar_month,False,1073,14.468599212273862,17.34652360493298,20260827
permuted_anchor_pseudo_edge,calendar_month,False,1074,22.482020565116898,17.34652360493298,20260827
permuted_anchor_pseudo_edge,calendar_month,False,1075,17.52572257730663,17.34652360493298,20260827
permuted_anchor_pseudo_edge,calendar_month,False,1076,18.153436467543642,17.34652360493298,20260827
permuted_anchor_pseudo_edge,calendar_month,False,1077,19.54351238366012,17.34652360493298,20260827
permuted_anchor_pseudo_edge,calendar_month,False,1078,11.45629812429253,17.34652360493298,20260827
permuted_anchor_pseudo_edge,calendar_month,False,1079,19.370658593162286,17.34652360493298,20260827
permuted_anchor_pseudo_edge,calendar_month,False,1080,12.057895274557307,17.34652360493298,20260827
permuted_anchor_pseudo_edge,calendar_month,False,1081,20.44574192522542,17.34652360493298,20260827
permuted_anchor_pseudo_edge,calendar_month,False,1082,14.82810092445687,17.34652360493298,20260827
permuted_anchor_pseudo_edge,calendar_month,False,1083,18.836616741233758,17.34652360493298,20260827
permuted_anchor_pseudo_edge,calendar_month,False,1084,17.740812413962306,17.34652360493298,20260827
permuted_anchor_pseudo_edge,calendar_month,False,1085,18.689273620059378,17.34652360493298,20260827
permuted_anchor_pseudo_edge,calendar_month,False,1086,13.52892678134906,17.34652360493298,20260827
permuted_anchor_pseudo_edge,calendar_month,False,1087,20.033921403772943,17.34652360493298,20260827
permuted_anchor_pseudo_edge,calendar_month,False,1088,23.92200254203259,17.34652360493298,20260827
permuted_anchor_pseudo_edge,calendar_month,False,1089,13.600432351387473,17.34652360493298,20260827
permuted_anchor_pseudo_edge,calendar_month,False,1090,18.56339660582896,17.34652360493298,20260827
permuted_anchor_pseudo_edge,calendar_month,False,1091,19.80346568890298,17.34652360493298,20260827
permuted_anchor_pseudo_edge,calendar_month,False,1092,17.260956926583553,17.34652360493298,20260827
permuted_anchor_pseudo_edge,calendar_month,False,1093,14.19215330963716,17.34652360493298,20260827
permuted_anchor_pseudo_edge,calendar_month,False,1094,24.0222162261874,17.34652360493298,20260827
permuted_anchor_pseudo_edge,calendar_month,False,1095,10.299244569892059,17.34652360493298,20260827
permuted_anchor_pseudo_edge,calendar_month,False,1096,12.61661819942162,17.34652360493298,20260827
permuted_anchor_pseudo_edge,calendar_month,False,1097,11.901882325151199,17.34652360493298,20260827
permuted_anchor_pseudo_edge,calendar_month,False,1098,21.088493811286632,17.34652360493298,20260827
permuted_anchor_pseudo_edge,calendar_month,False,1099,16.174815120102966,17.34652360493298,20260827
permuted_anchor_pseudo_edge,calendar_month,False,1100,16.26967949063498,17.34652360493298,20260827
permuted_anchor_pseudo_edge,calendar_month,False,1101,14.794708865919027,17.34652360493298,20260827
permuted_anchor_pseudo_edge,calendar_month,False,1102,12.676885993931345,17.34652360493298,20260827
permuted_anchor_pseudo_edge,calendar_month,False,1103,15.837555995388847,17.34652360493298,20260827
permuted_anchor_pseudo_edge,calendar_month,False,1104,10.964547453702673,17.34652360493298,20260827
permuted_anchor_pseudo_edge,calendar_month,False,1105,16.117833489138167,17.34652360493298,20260827
permuted_anchor_pseudo_edge,calendar_month,False,1106,14.296273567009768,17.34652360493298,20260827
permuted_anchor_pseudo_edge,calendar_month,False,1107,21.48289201607726,17.34652360493298,20260827
permuted_anchor_pseudo_edge,calendar_month,False,1108,19.01048766307125,17.34652360493298,20260827
permuted_anchor_pseudo_edge,calendar_month,False,1109,18.51809017204043,17.34652360493298,20260827
permuted_anchor_pseudo_edge,calendar_month,False,1110,19.233498205211404,17.34652360493298,20260827
permuted_anchor_pseudo_edge,calendar_month,False,1111,19.591490801605516,17.34652360493298,20260827
permuted_anchor_pseudo_edge,calendar_month,False,1112,14.181799640078962,17.34652360493298,20260827
permuted_anchor_pseudo_edge,calendar_month,False,1113,16.531874467548953,17.34652360493298,20260827
permuted_anchor_pseudo_edge,calendar_month,False,1114,20.027994123851904,17.34652360493298,20260827
permuted_anchor_pseudo_edge,calendar_month,False,1115,17.906125276233425,17.34652360493298,20260827
permuted_anchor_pseudo_edge,calendar_month,False,1116,20.58471287986407,17.34652360493298,20260827
permuted_anchor_pseudo_edge,calendar_month,False,1117,15.781341749288606,17.34652360493298,20260827
permuted_anchor_pseudo_edge,calendar_month,False,1118,19.016757177020025,17.34652360493298,20260827
permuted_anchor_pseudo_edge,calendar_month,False,1119,18.090160302448336,17.34652360493298,20260827
permuted_anchor_pseudo_edge,calendar_month,False,1120,18.930762069038273,17.34652360493298,20260827
permuted_anchor_pseudo_edge,calendar_month,False,1121,16.356018978979517,17.34652360493298,20260827
permuted_anchor_pseudo_edge,calendar_month,False,1122,22.463748703250054,17.34652360493298,20260827
permuted_anchor_pseudo_edge,calendar_month,False,1123,15.232171588227814,17.34652360493298,20260827
permuted_anchor_pseudo_edge,calendar_month,False,1124,23.56925415792779,17.34652360493298,20260827
permuted_anchor_pseudo_edge,calendar_month,False,1125,15.751878247231424,17.34652360493298,20260827
permuted_anchor_pseudo_edge,calendar_month,False,1126,24.44020302654801,17.34652360493298,20260827
permuted_anchor_pseudo_edge,calendar_month,False,1127,11.467334698024928,17.34652360493298,20260827
permuted_anchor_pseudo_edge,calendar_month,False,1128,22.73194596710837,17.34652360493298,20260827
permuted_anchor_pseudo_edge,calendar_month,False,1129,19.531727113300754,17.34652360493298,20260827
permuted_anchor_pseudo_edge,calendar_month,False,1130,26.679037283131436,17.34652360493298,20260827
permuted_anchor_pseudo_edge,calendar_month,False,1131,13.126643011251879,17.34652360493298,20260827
permuted_anchor_pseudo_edge,calendar_month,False,1132,13.90318788794942,17.34652360493298,20260827
permuted_anchor_pseudo_edge,calendar_month,False,1133,16.672933046346678,17.34652360493298,20260827
permuted_anchor_pseudo_edge,calendar_month,False,1134,14.860455135345378,17.34652360493298,20260827
permuted_anchor_pseudo_edge,calendar_month,False,1135,18.80777130106116,17.34652360493298,20260827
permuted_anchor_pseudo_edge,calendar_month,False,1136,13.168540159333626,17.34652360493298,20260827
permuted_anchor_pseudo_edge,calendar_month,False,1137,17.164202285323753,17.34652360493298,20260827
permuted_anchor_pseudo_edge,calendar_month,False,1138,14.596687095679101,17.34652360493298,20260827
permuted_anchor_pseudo_edge,calendar_month,False,1139,22.48642941691562,17.34652360493298,20260827
permuted_anchor_pseudo_edge,calendar_month,False,1140,14.960208262676943,17.34652360493298,20260827
permuted_anchor_pseudo_edge,calendar_month,False,1141,25.013327898191147,17.34652360493298,20260827
permuted_anchor_pseudo_edge,calendar_month,False,1142,13.083267937667072,17.34652360493298,20260827
permuted_anchor_pseudo_edge,calendar_month,False,1143,22.320331633659,17.34652360493298,20260827
permuted_anchor_pseudo_edge,calendar_month,False,1144,13.09069399813641,17.34652360493298,20260827
permuted_anchor_pseudo_edge,calendar_month,False,1145,20.897932070111022,17.34652360493298,20260827
permuted_anchor_pseudo_edge,calendar_month,False,1146,16.48459380391446,17.34652360493298,20260827
permuted_anchor_pseudo_edge,calendar_month,False,1147,22.675820438002635,17.34652360493298,20260827
permuted_anchor_pseudo_edge,calendar_month,False,1148,19.19378228466303,17.34652360493298,20260827
permuted_anchor_pseudo_edge,calendar_month,False,1149,15.537547888559509,17.34652360493298,20260827
permuted_anchor_pseudo_edge,calendar_month,False,1150,19.500551182323527,17.34652360493298,20260827
permuted_anchor_pseudo_edge,calendar_month,False,1151,20.03216827972853,17.34652360493298,20260827
permuted_anchor_pseudo_edge,calendar_month,False,1152,20.9120897060424,17.34652360493298,20260827
permuted_anchor_pseudo_edge,calendar_month,False,1153,17.52084473406992,17.34652360493298,20260827
permuted_anchor_pseudo_edge,calendar_month,False,1154,10.22622903204998,17.34652360493298,20260827
permuted_anchor_pseudo_edge,calendar_month,False,1155,14.024299134647048,17.34652360493298,20260827
permuted_anchor_pseudo_edge,calendar_month,False,1156,17.442693764107148,17.34652360493298,20260827
permuted_anchor_pseudo_edge,calendar_month,False,1157,12.95151076917906,17.34652360493298,20260827
permuted_anchor_pseudo_edge,calendar_month,False,1158,21.54205559078802,17.34652360493298,20260827
permuted_anchor_pseudo_edge,calendar_month,False,1159,12.516506634045063,17.34652360493298,20260827
permuted_anchor_pseudo_edge,calendar_month,False,1160,22.231881294083337,17.34652360493298,20260827
permuted_anchor_pseudo_edge,calendar_month,False,1161,17.76243204062995,17.34652360493298,20260827
permuted_anchor_pseudo_edge,calendar_month,False,1162,16.246166955331073,17.34652360493298,20260827
permuted_anchor_pseudo_edge,calendar_month,False,1163,16.897042516837633,17.34652360493298,20260827
permuted_anchor_pseudo_edge,calendar_month,False,1164,20.80666772301419,17.34652360493298,20260827
permuted_anchor_pseudo_edge,calendar_month,False,1165,20.25234303291579,17.34652360493298,20260827
permuted_anchor_pseudo_edge,calendar_month,False,1166,18.942625442593126,17.34652360493298,20260827
permuted_anchor_pseudo_edge,calendar_month,False,1167,21.687062922261852,17.34652360493298,20260827
permuted_anchor_pseudo_edge,calendar_month,False,1168,16.363225761389614,17.34652360493298,20260827
permuted_anchor_pseudo_edge,calendar_month,False,1169,17.82580092663471,17.34652360493298,20260827
permuted_anchor_pseudo_edge,calendar_month,False,1170,15.223200452512199,17.34652360493298,20260827
permuted_anchor_pseudo_edge,calendar_month,False,1171,17.038886205780084,17.34652360493298,20260827
permuted_anchor_pseudo_edge,calendar_month,False,1172,17.32955581173476,17.34652360493298,20260827
permuted_anchor_pseudo_edge,calendar_month,False,1173,17.21043883093342,17.34652360493298,20260827
permuted_anchor_pseudo_edge,calendar_month,False,1174,14.852296234344712,17.34652360493298,20260827
permuted_anchor_pseudo_edge,calendar_month,False,1175,16.94539811775795,17.34652360493298,20260827
permuted_anchor_pseudo_edge,calendar_month,False,1176,11.099518432127969,17.34652360493298,20260827
permuted_anchor_pseudo_edge,calendar_month,False,1177,22.188226789512637,17.34652360493298,20260827
permuted_anchor_pseudo_edge,calendar_month,False,1178,14.68016277526677,17.34652360493298,20260827
permuted_anchor_pseudo_edge,calendar_month,False,1179,15.390729877871015,17.34652360493298,20260827
permuted_anchor_pseudo_edge,calendar_month,False,1180,15.622482274920996,17.34652360493298,20260827
permuted_anchor_pseudo_edge,calendar_month,False,1181,15.686543152349675,17.34652360493298,20260827
permuted_anchor_pseudo_edge,calendar_month,False,1182,17.9448977174374,17.34652360493298,20260827
permuted_anchor_pseudo_edge,calendar_month,False,1183,13.100431678890256,17.34652360493298,20260827
permuted_anchor_pseudo_edge,calendar_month,False,1184,10.83877462253935,17.34652360493298,20260827
permuted_anchor_pseudo_edge,calendar_month,False,1185,23.497486083763135,17.34652360493298,20260827
permuted_anchor_pseudo_edge,calendar_month,False,1186,13.805353131888342,17.34652360493298,20260827
permuted_anchor_pseudo_edge,calendar_month,False,1187,18.39159248248795,17.34652360493298,20260827
permuted_anchor_pseudo_edge,calendar_month,False,1188,12.711467013154934,17.34652360493298,20260827
permuted_anchor_pseudo_edge,calendar_month,False,1189,16.204417773687023,17.34652360493298,20260827
permuted_anchor_pseudo_edge,calendar_month,False,1190,18.030822962016984,17.34652360493298,20260827
permuted_anchor_pseudo_edge,calendar_month,False,1191,17.819706637764227,17.34652360493298,20260827
permuted_anchor_pseudo_edge,calendar_month,False,1192,16.376627450147147,17.34652360493298,20260827
permuted_anchor_pseudo_edge,calendar_month,False,1193,11.820438872578908,17.34652360493298,20260827
permuted_anchor_pseudo_edge,calendar_month,False,1194,20.81889578831587,17.34652360493298,20260827
permuted_anchor_pseudo_edge,calendar_month,False,1195,14.069296310575671,17.34652360493298,20260827
permuted_anchor_pseudo_edge,calendar_month,False,1196,16.97993739939163,17.34652360493298,20260827
permuted_anchor_pseudo_edge,calendar_month,False,1197,14.669919929653696,17.34652360493298,20260827
permuted_anchor_pseudo_edge,calendar_month,False,1198,16.092780639290353,17.34652360493298,20260827
permuted_anchor_pseudo_edge,calendar_month,False,1199,12.825601321416283,17.34652360493298,20260827
permuted_anchor_pseudo_edge,calendar_month,False,1200,21.818552369324625,17.34652360493298,20260827
permuted_anchor_pseudo_edge,calendar_month,False,1201,15.625145877903549,17.34652360493298,20260827
permuted_anchor_pseudo_edge,calendar_month,False,1202,17.020052584930646,17.34652360493298,20260827
permuted_anchor_pseudo_edge,calendar_month,False,1203,20.101516535755394,17.34652360493298,20260827
permuted_anchor_pseudo_edge,calendar_month,False,1204,12.860838613436476,17.34652360493298,20260827
permuted_anchor_pseudo_edge,calendar_month,False,1205,12.828884821426298,17.34652360493298,20260827
permuted_anchor_pseudo_edge,calendar_month,False,1206,17.62739239988242,17.34652360493298,20260827
permuted_anchor_pseudo_edge,calendar_month,False,1207,15.495604570622984,17.34652360493298,20260827
permuted_anchor_pseudo_edge,calendar_month,False,1208,20.243137772067456,17.34652360493298,20260827
permuted_anchor_pseudo_edge,calendar_month,False,1209,20.244514795359393,17.34652360493298,20260827
permuted_anchor_pseudo_edge,calendar_month,False,1210,15.576724694882666,17.34652360493298,20260827
permuted_anchor_pseudo_edge,calendar_month,False,1211,22.15234248854059,17.34652360493298,20260827
permuted_anchor_pseudo_edge,calendar_month,False,1212,16.442837733359195,17.34652360493298,20260827
permuted_anchor_pseudo_edge,calendar_month,False,1213,13.22168634464187,17.34652360493298,20260827
permuted_anchor_pseudo_edge,calendar_month,False,1214,16.142668136907645,17.34652360493298,20260827
permuted_anchor_pseudo_edge,calendar_month,False,1215,11.08433027608845,17.34652360493298,20260827
permuted_anchor_pseudo_edge,calendar_month,False,1216,16.46569958392501,17.34652360493298,20260827
permuted_anchor_pseudo_edge,calendar_month,False,1217,18.031765290299685,17.34652360493298,20260827
permuted_anchor_pseudo_edge,calendar_month,False,1218,19.861378323440785,17.34652360493298,20260827
permuted_anchor_pseudo_edge,calendar_month,False,1219,20.122050502094606,17.34652360493298,20260827
permuted_anchor_pseudo_edge,calendar_month,False,1220,11.334281232459583,17.34652360493298,20260827
permuted_anchor_pseudo_edge,calendar_month,False,1221,16.38180667206739,17.34652360493298,20260827
permuted_anchor_pseudo_edge,calendar_month,False,1222,18.36108083234883,17.34652360493298,20260827
permuted_anchor_pseudo_edge,calendar_month,False,1223,11.643684169777393,17.34652360493298,20260827
permuted_anchor_pseudo_edge,calendar_month,False,1224,15.819136853470805,17.34652360493298,20260827
permuted_anchor_pseudo_edge,calendar_month,False,1225,15.3757023457935,17.34652360493298,20260827
permuted_anchor_pseudo_edge,calendar_month,False,1226,11.196568046952567,17.34652360493298,20260827
permuted_anchor_pseudo_edge,calendar_month,False,1227,14.856772200141123,17.34652360493298,20260827
permuted_anchor_pseudo_edge,calendar_month,False,1228,16.437633304664136,17.34652360493298,20260827
permuted_anchor_pseudo_edge,calendar_month,False,1229,10.953754162183497,17.34652360493298,20260827
permuted_anchor_pseudo_edge,calendar_month,False,1230,20.942326835884366,17.34652360493298,20260827
permuted_anchor_pseudo_edge,calendar_month,False,1231,16.1438033864614,17.34652360493298,20260827
permuted_anchor_pseudo_edge,calendar_month,False,1232,20.509660619852255,17.34652360493298,20260827
permuted_anchor_pseudo_edge,calendar_month,False,1233,22.77938377647142,17.34652360493298,20260827
permuted_anchor_pseudo_edge,calendar_month,False,1234,16.437107382248488,17.34652360493298,20260827
permuted_anchor_pseudo_edge,calendar_month,False,1235,15.896464484587048,17.34652360493298,20260827
permuted_anchor_pseudo_edge,calendar_month,False,1236,19.703862698160936,17.34652360493298,20260827
permuted_anchor_pseudo_edge,calendar_month,False,1237,16.09889466634737,17.34652360493298,20260827
permuted_anchor_pseudo_edge,calendar_month,False,1238,12.043077304379405,17.34652360493298,20260827
permuted_anchor_pseudo_edge,calendar_month,False,1239,21.29716548426503,17.34652360493298,20260827
permuted_anchor_pseudo_edge,calendar_month,False,1240,12.827782149284236,17.34652360493298,20260827
permuted_anchor_pseudo_edge,calendar_month,False,1241,15.893845047832206,17.34652360493298,20260827
permuted_anchor_pseudo_edge,calendar_month,False,1242,18.877096127451548,17.34652360493298,20260827
permuted_anchor_pseudo_edge,calendar_month,False,1243,18.803836982347516,17.34652360493298,20260827
permuted_anchor_pseudo_edge,calendar_month,False,1244,14.702034461318869,17.34652360493298,20260827
permuted_anchor_pseudo_edge,calendar_month,False,1245,22.7861370326726,17.34652360493298,20260827
permuted_anchor_pseudo_edge,calendar_month,False,1246,12.608502228879889,17.34652360493298,20260827
permuted_anchor_pseudo_edge,calendar_month,False,1247,16.987791950360997,17.34652360493298,20260827
permuted_anchor_pseudo_edge,calendar_month,False,1248,15.208903627603407,17.34652360493298,20260827
permuted_anchor_pseudo_edge,calendar_month,False,1249,15.574144526597003,17.34652360493298,20260827
permuted_anchor_pseudo_edge,calendar_month,False,1250,11.612593339783116,17.34652360493298,20260827
permuted_anchor_pseudo_edge,calendar_month,False,1251,16.893964746963768,17.34652360493298,20260827
permuted_anchor_pseudo_edge,calendar_month,False,1252,15.227136105779199,17.34652360493298,20260827
permuted_anchor_pseudo_edge,calendar_month,False,1253,10.71377416674621,17.34652360493298,20260827
permuted_anchor_pseudo_edge,calendar_month,False,1254,15.968269118100123,17.34652360493298,20260827
permuted_anchor_pseudo_edge,calendar_month,False,1255,17.944967985057815,17.34652360493298,20260827
permuted_anchor_pseudo_edge,calendar_month,False,1256,19.57192071090778,17.34652360493298,20260827
permuted_anchor_pseudo_edge,calendar_month,False,1257,17.451272127380676,17.34652360493298,20260827
permuted_anchor_pseudo_edge,calendar_month,False,1258,16.228291198974247,17.34652360493298,20260827
permuted_anchor_pseudo_edge,calendar_month,False,1259,18.899256314800198,17.34652360493298,20260827
permuted_anchor_pseudo_edge,calendar_month,False,1260,12.770906544462674,17.34652360493298,20260827
permuted_anchor_pseudo_edge,calendar_month,False,1261,18.53992894933506,17.34652360493298,20260827
permuted_anchor_pseudo_edge,calendar_month,False,1262,14.414193910282078,17.34652360493298,20260827
permuted_anchor_pseudo_edge,calendar_month,False,1263,16.867439346027734,17.34652360493298,20260827
permuted_anchor_pseudo_edge,calendar_month,False,1264,22.175928958032344,17.34652360493298,20260827
permuted_anchor_pseudo_edge,calendar_month,False,1265,13.772968953286673,17.34652360493298,20260827
permuted_anchor_pseudo_edge,calendar_month,False,1266,20.81709853890149,17.34652360493298,20260827
permuted_anchor_pseudo_edge,calendar_month,False,1267,18.83659372217437,17.34652360493298,20260827
permuted_anchor_pseudo_edge,calendar_month,False,1268,13.581633212986807,17.34652360493298,20260827
permuted_anchor_pseudo_edge,calendar_month,False,1269,17.868176115805856,17.34652360493298,20260827
permuted_anchor_pseudo_edge,calendar_month,False,1270,20.894530092557886,17.34652360493298,20260827
permuted_anchor_pseudo_edge,calendar_month,False,1271,19.288158347239374,17.34652360493298,20260827
permuted_anchor_pseudo_edge,calendar_month,False,1272,13.42822723137206,17.34652360493298,20260827
permuted_anchor_pseudo_edge,calendar_month,False,1273,19.172435652071158,17.34652360493298,20260827
permuted_anchor_pseudo_edge,calendar_month,False,1274,25.056421285819063,17.34652360493298,20260827
permuted_anchor_pseudo_edge,calendar_month,False,1275,16.779171631518818,17.34652360493298,20260827
permuted_anchor_pseudo_edge,calendar_month,False,1276,15.603714938897706,17.34652360493298,20260827
permuted_anchor_pseudo_edge,calendar_month,False,1277,18.919731283897594,17.34652360493298,20260827
permuted_anchor_pseudo_edge,calendar_month,False,1278,18.051497327009805,17.34652360493298,20260827
permuted_anchor_pseudo_edge,calendar_month,False,1279,18.316954760997234,17.34652360493298,20260827
permuted_anchor_pseudo_edge,calendar_month,False,1280,17.928121388695452,17.34652360493298,20260827
permuted_anchor_pseudo_edge,calendar_month,False,1281,17.87577163464655,17.34652360493298,20260827
permuted_anchor_pseudo_edge,calendar_month,False,1282,20.59154945175205,17.34652360493298,20260827
permuted_anchor_pseudo_edge,calendar_month,False,1283,13.572573791672616,17.34652360493298,20260827
permuted_anchor_pseudo_edge,calendar_month,False,1284,17.146569795251505,17.34652360493298,20260827
permuted_anchor_pseudo_edge,calendar_month,False,1285,9.877457113100926,17.34652360493298,20260827
permuted_anchor_pseudo_edge,calendar_month,False,1286,18.356787491907127,17.34652360493298,20260827
permuted_anchor_pseudo_edge,calendar_month,False,1287,18.380228413597642,17.34652360493298,20260827
permuted_anchor_pseudo_edge,calendar_month,False,1288,19.08537610871603,17.34652360493298,20260827
permuted_anchor_pseudo_edge,calendar_month,False,1289,20.321950787243324,17.34652360493298,20260827
permuted_anchor_pseudo_edge,calendar_month,False,1290,15.448828072722861,17.34652360493298,20260827
permuted_anchor_pseudo_edge,calendar_month,False,1291,16.75989770569375,17.34652360493298,20260827
permuted_anchor_pseudo_edge,calendar_month,False,1292,18.587078847650393,17.34652360493298,20260827
permuted_anchor_pseudo_edge,calendar_month,False,1293,18.64029383176917,17.34652360493298,20260827
permuted_anchor_pseudo_edge,calendar_month,False,1294,15.332179312443564,17.34652360493298,20260827
permuted_anchor_pseudo_edge,calendar_month,False,1295,15.90153152971584,17.34652360493298,20260827
permuted_anchor_pseudo_edge,calendar_month,False,1296,20.159663884336474,17.34652360493298,20260827
permuted_anchor_pseudo_edge,calendar_month,False,1297,19.569775694975856,17.34652360493298,20260827
permuted_anchor_pseudo_edge,calendar_month,False,1298,14.49754514499499,17.34652360493298,20260827
permuted_anchor_pseudo_edge,calendar_month,False,1299,11.530256044661826,17.34652360493298,20260827
permuted_anchor_pseudo_edge,calendar_month,False,1300,23.84892618378521,17.34652360493298,20260827
permuted_anchor_pseudo_edge,calendar_month,False,1301,13.64618064965854,17.34652360493298,20260827
permuted_anchor_pseudo_edge,calendar_month,False,1302,19.994659087401427,17.34652360493298,20260827
permuted_anchor_pseudo_edge,calendar_month,False,1303,11.423511581140152,17.34652360493298,20260827
permuted_anchor_pseudo_edge,calendar_month,False,1304,16.200589635467153,17.34652360493298,20260827
permuted_anchor_pseudo_edge,calendar_month,False,1305,20.284731140164318,17.34652360493298,20260827
permuted_anchor_pseudo_edge,calendar_month,False,1306,14.197211505727203,17.34652360493298,20260827
permuted_anchor_pseudo_edge,calendar_month,False,1307,24.283692987359665,17.34652360493298,20260827
permuted_anchor_pseudo_edge,calendar_month,False,1308,18.86489353835512,17.34652360493298,20260827
permuted_anchor_pseudo_edge,calendar_month,False,1309,13.796783708738708,17.34652360493298,20260827
permuted_anchor_pseudo_edge,calendar_month,False,1310,16.00225106105146,17.34652360493298,20260827
permuted_anchor_pseudo_edge,calendar_month,False,1311,23.846057686295886,17.34652360493298,20260827
permuted_anchor_pseudo_edge,calendar_month,False,1312,12.675513563673713,17.34652360493298,20260827
permuted_anchor_pseudo_edge,calendar_month,False,1313,16.135790205188588,17.34652360493298,20260827
permuted_anchor_pseudo_edge,calendar_month,False,1314,20.66110993405175,17.34652360493298,20260827
permuted_anchor_pseudo_edge,calendar_month,False,1315,19.034855559926413,17.34652360493298,20260827
permuted_anchor_pseudo_edge,calendar_month,False,1316,15.127371605872284,17.34652360493298,20260827
permuted_anchor_pseudo_edge,calendar_month,False,1317,14.32299154847731,17.34652360493298,20260827
permuted_anchor_pseudo_edge,calendar_month,False,1318,13.882582928906452,17.34652360493298,20260827
permuted_anchor_pseudo_edge,calendar_month,False,1319,11.526510709574676,17.34652360493298,20260827
permuted_anchor_pseudo_edge,calendar_month,False,1320,12.999767509125814,17.34652360493298,20260827
permuted_anchor_pseudo_edge,calendar_month,False,1321,6.3876331968579985,17.34652360493298,20260827
permuted_anchor_pseudo_edge,calendar_month,False,1322,16.84196613369549,17.34652360493298,20260827
permuted_anchor_pseudo_edge,calendar_month,False,1323,19.222365273785044,17.34652360493298,20260827
permuted_anchor_pseudo_edge,calendar_month,False,1324,18.83535448624064,17.34652360493298,20260827
permuted_anchor_pseudo_edge,calendar_month,False,1325,11.860717922500779,17.34652360493298,20260827
permuted_anchor_pseudo_edge,calendar_month,False,1326,19.90321416765158,17.34652360493298,20260827
permuted_anchor_pseudo_edge,calendar_month,False,1327,18.3122891573607,17.34652360493298,20260827
permuted_anchor_pseudo_edge,calendar_month,False,1328,17.121126336127887,17.34652360493298,20260827
permuted_anchor_pseudo_edge,calendar_month,False,1329,19.106911904341267,17.34652360493298,20260827
permuted_anchor_pseudo_edge,calendar_month,False,1330,19.40868917406129,17.34652360493298,20260827
permuted_anchor_pseudo_edge,calendar_month,False,1331,19.399461869894814,17.34652360493298,20260827
permuted_anchor_pseudo_edge,calendar_month,False,1332,17.165402798932597,17.34652360493298,20260827
permuted_anchor_pseudo_edge,calendar_month,False,1333,18.52891874182952,17.34652360493298,20260827
permuted_anchor_pseudo_edge,calendar_month,False,1334,14.166155708984396,17.34652360493298,20260827
permuted_anchor_pseudo_edge,calendar_month,False,1335,16.5204612765259,17.34652360493298,20260827
permuted_anchor_pseudo_edge,calendar_month,False,1336,16.54882323947904,17.34652360493298,20260827
permuted_anchor_pseudo_edge,calendar_month,False,1337,14.550873769529545,17.34652360493298,20260827
permuted_anchor_pseudo_edge,calendar_month,False,1338,10.967347629000107,17.34652360493298,20260827
permuted_anchor_pseudo_edge,calendar_month,False,1339,17.163374820633635,17.34652360493298,20260827
permuted_anchor_pseudo_edge,calendar_month,False,1340,18.99742114763097,17.34652360493298,20260827
permuted_anchor_pseudo_edge,calendar_month,False,1341,13.09438624626497,17.34652360493298,20260827
permuted_anchor_pseudo_edge,calendar_month,False,1342,20.009780547495513,17.34652360493298,20260827
permuted_anchor_pseudo_edge,calendar_month,False,1343,19.655510646081986,17.34652360493298,20260827
permuted_anchor_pseudo_edge,calendar_month,False,1344,18.68405360263671,17.34652360493298,20260827
permuted_anchor_pseudo_edge,calendar_month,False,1345,17.387510166231724,17.34652360493298,20260827
permuted_anchor_pseudo_edge,calendar_month,False,1346,17.93122605371959,17.34652360493298,20260827
permuted_anchor_pseudo_edge,calendar_month,False,1347,16.540214210668562,17.34652360493298,20260827
permuted_anchor_pseudo_edge,calendar_month,False,1348,17.649417935680773,17.34652360493298,20260827
permuted_anchor_pseudo_edge,calendar_month,False,1349,14.516412813974961,17.34652360493298,20260827
permuted_anchor_pseudo_edge,calendar_month,False,1350,18.570011317150975,17.34652360493298,20260827
permuted_anchor_pseudo_edge,calendar_month,False,1351,16.15507357298695,17.34652360493298,20260827
permuted_anchor_pseudo_edge,calendar_month,False,1352,17.581375753656594,17.34652360493298,20260827
permuted_anchor_pseudo_edge,calendar_month,False,1353,16.461873772309378,17.34652360493298,20260827
permuted_anchor_pseudo_edge,calendar_month,False,1354,22.3973197601895,17.34652360493298,20260827
permuted_anchor_pseudo_edge,calendar_month,False,1355,16.780155423449077,17.34652360493298,20260827
permuted_anchor_pseudo_edge,calendar_month,False,1356,19.87766638148612,17.34652360493298,20260827
permuted_anchor_pseudo_edge,calendar_month,False,1357,14.308740895078543,17.34652360493298,20260827
permuted_anchor_pseudo_edge,calendar_month,False,1358,18.249966016067948,17.34652360493298,20260827
permuted_anchor_pseudo_edge,calendar_month,False,1359,21.221200418394158,17.34652360493298,20260827
permuted_anchor_pseudo_edge,calendar_month,False,1360,18.523909824194902,17.34652360493298,20260827
permuted_anchor_pseudo_edge,calendar_month,False,1361,16.337104026261958,17.34652360493298,20260827
permuted_anchor_pseudo_edge,calendar_month,False,1362,24.399085594798454,17.34652360493298,20260827
permuted_anchor_pseudo_edge,calendar_month,False,1363,15.303848599356096,17.34652360493298,20260827
permuted_anchor_pseudo_edge,calendar_month,False,1364,13.803042510889425,17.34652360493298,20260827
permuted_anchor_pseudo_edge,calendar_month,False,1365,17.542286723171955,17.34652360493298,20260827
permuted_anchor_pseudo_edge,calendar_month,False,1366,22.100018940053808,17.34652360493298,20260827
permuted_anchor_pseudo_edge,calendar_month,False,1367,13.249832151254731,17.34652360493298,20260827
permuted_anchor_pseudo_edge,calendar_month,False,1368,18.79970938467059,17.34652360493298,20260827
permuted_anchor_pseudo_edge,calendar_month,False,1369,12.903780813253999,17.34652360493298,20260827
permuted_anchor_pseudo_edge,calendar_month,False,1370,21.715999362673678,17.34652360493298,20260827
permuted_anchor_pseudo_edge,calendar_month,False,1371,19.05433127138161,17.34652360493298,20260827
permuted_anchor_pseudo_edge,calendar_month,False,1372,23.356432205839283,17.34652360493298,20260827
permuted_anchor_pseudo_edge,calendar_month,False,1373,13.161105765932055,17.34652360493298,20260827
permuted_anchor_pseudo_edge,calendar_month,False,1374,13.57777391436317,17.34652360493298,20260827
permuted_anchor_pseudo_edge,calendar_month,False,1375,12.52857175012646,17.34652360493298,20260827
permuted_anchor_pseudo_edge,calendar_month,False,1376,10.100013480637154,17.34652360493298,20260827
permuted_anchor_pseudo_edge,calendar_month,False,1377,21.287258724961745,17.34652360493298,20260827
permuted_anchor_pseudo_edge,calendar_month,False,1378,13.341439381790913,17.34652360493298,20260827
permuted_anchor_pseudo_edge,calendar_month,False,1379,16.163603519156773,17.34652360493298,20260827
permuted_anchor_pseudo_edge,calendar_month,False,1380,21.62817273666976,17.34652360493298,20260827
permuted_anchor_pseudo_edge,calendar_month,False,1381,15.860347993318499,17.34652360493298,20260827
permuted_anchor_pseudo_edge,calendar_month,False,1382,12.771364511700584,17.34652360493298,20260827
permuted_anchor_pseudo_edge,calendar_month,False,1383,15.302971796389834,17.34652360493298,20260827
permuted_anchor_pseudo_edge,calendar_month,False,1384,19.95507949624463,17.34652360493298,20260827
permuted_anchor_pseudo_edge,calendar_month,False,1385,13.139063662700151,17.34652360493298,20260827
permuted_anchor_pseudo_edge,calendar_month,False,1386,11.70774321586367,17.34652360493298,20260827
permuted_anchor_pseudo_edge,calendar_month,False,1387,13.090526859330605,17.34652360493298,20260827
permuted_anchor_pseudo_edge,calendar_month,False,1388,19.916133062804228,17.34652360493298,20260827
permuted_anchor_pseudo_edge,calendar_month,False,1389,13.72175775314817,17.34652360493298,20260827
permuted_anchor_pseudo_edge,calendar_month,False,1390,18.245444382945397,17.34652360493298,20260827
permuted_anchor_pseudo_edge,calendar_month,False,1391,13.943672815030276,17.34652360493298,20260827
permuted_anchor_pseudo_edge,calendar_month,False,1392,13.978051045487987,17.34652360493298,20260827
permuted_anchor_pseudo_edge,calendar_month,False,1393,16.371920518108432,17.34652360493298,20260827
permuted_anchor_pseudo_edge,calendar_month,False,1394,15.679287838842654,17.34652360493298,20260827
permuted_anchor_pseudo_edge,calendar_month,False,1395,15.372905673044702,17.34652360493298,20260827
permuted_anchor_pseudo_edge,calendar_month,False,1396,14.312744786271914,17.34652360493298,20260827
permuted_anchor_pseudo_edge,calendar_month,False,1397,18.95848226726111,17.34652360493298,20260827
permuted_anchor_pseudo_edge,calendar_month,False,1398,14.565924982308445,17.34652360493298,20260827
permuted_anchor_pseudo_edge,calendar_month,False,1399,18.433165727422626,17.34652360493298,20260827
permuted_anchor_pseudo_edge,calendar_month,False,1400,15.697503214024849,17.34652360493298,20260827
permuted_anchor_pseudo_edge,calendar_month,False,1401,13.06963143752731,17.34652360493298,20260827
permuted_anchor_pseudo_edge,calendar_month,False,1402,10.671496586399366,17.34652360493298,20260827
permuted_anchor_pseudo_edge,calendar_month,False,1403,13.377703068088332,17.34652360493298,20260827
permuted_anchor_pseudo_edge,calendar_month,False,1404,15.594578837701226,17.34652360493298,20260827
permuted_anchor_pseudo_edge,calendar_month,False,1405,15.464978132710511,17.34652360493298,20260827
permuted_anchor_pseudo_edge,calendar_month,False,1406,10.994569182759399,17.34652360493298,20260827
permuted_anchor_pseudo_edge,calendar_month,False,1407,14.262568621131189,17.34652360493298,20260827
permuted_anchor_pseudo_edge,calendar_month,False,1408,12.592018091890194,17.34652360493298,20260827
permuted_anchor_pseudo_edge,calendar_month,False,1409,21.418482806084565,17.34652360493298,20260827
permuted_anchor_pseudo_edge,calendar_month,False,1410,20.792961585293117,17.34652360493298,20260827
permuted_anchor_pseudo_edge,calendar_month,False,1411,15.265607158072426,17.34652360493298,20260827
permuted_anchor_pseudo_edge,calendar_month,False,1412,15.801150910936668,17.34652360493298,20260827
permuted_anchor_pseudo_edge,calendar_month,False,1413,12.045146787372762,17.34652360493298,20260827
permuted_anchor_pseudo_edge,calendar_month,False,1414,16.78837205129156,17.34652360493298,20260827
permuted_anchor_pseudo_edge,calendar_month,False,1415,16.160743272749084,17.34652360493298,20260827
permuted_anchor_pseudo_edge,calendar_month,False,1416,13.547011647976179,17.34652360493298,20260827
permuted_anchor_pseudo_edge,calendar_month,False,1417,21.222586986032564,17.34652360493298,20260827
permuted_anchor_pseudo_edge,calendar_month,False,1418,10.760343486179808,17.34652360493298,20260827
permuted_anchor_pseudo_edge,calendar_month,False,1419,24.716110461320607,17.34652360493298,20260827
permuted_anchor_pseudo_edge,calendar_month,False,1420,13.836557767382946,17.34652360493298,20260827
permuted_anchor_pseudo_edge,calendar_month,False,1421,17.81130027281591,17.34652360493298,20260827
permuted_anchor_pseudo_edge,calendar_month,False,1422,11.986285366952842,17.34652360493298,20260827
permuted_anchor_pseudo_edge,calendar_month,False,1423,16.010842394843596,17.34652360493298,20260827
permuted_anchor_pseudo_edge,calendar_month,False,1424,14.63869778561838,17.34652360493298,20260827
permuted_anchor_pseudo_edge,calendar_month,False,1425,20.624765083031605,17.34652360493298,20260827
permuted_anchor_pseudo_edge,calendar_month,False,1426,17.56162643375915,17.34652360493298,20260827
permuted_anchor_pseudo_edge,calendar_month,False,1427,13.08280947476609,17.34652360493298,20260827
permuted_anchor_pseudo_edge,calendar_month,False,1428,19.01102355651493,17.34652360493298,20260827
permuted_anchor_pseudo_edge,calendar_month,False,1429,22.960071031737407,17.34652360493298,20260827
permuted_anchor_pseudo_edge,calendar_month,False,1430,13.449992306188566,17.34652360493298,20260827
permuted_anchor_pseudo_edge,calendar_month,False,1431,15.507135185414233,17.34652360493298,20260827
permuted_anchor_pseudo_edge,calendar_month,False,1432,16.950499496405588,17.34652360493298,20260827
permuted_anchor_pseudo_edge,calendar_month,False,1433,14.72705575483111,17.34652360493298,20260827
permuted_anchor_pseudo_edge,calendar_month,False,1434,20.734062643169842,17.34652360493298,20260827
permuted_anchor_pseudo_edge,calendar_month,False,1435,12.982106938646712,17.34652360493298,20260827
permuted_anchor_pseudo_edge,calendar_month,False,1436,15.959385910711827,17.34652360493298,20260827
permuted_anchor_pseudo_edge,calendar_month,False,1437,15.08218097161415,17.34652360493298,20260827
permuted_anchor_pseudo_edge,calendar_month,False,1438,20.657230556733253,17.34652360493298,20260827
permuted_anchor_pseudo_edge,calendar_month,False,1439,15.369794191488047,17.34652360493298,20260827
permuted_anchor_pseudo_edge,calendar_month,False,1440,18.724567912697015,17.34652360493298,20260827
permuted_anchor_pseudo_edge,calendar_month,False,1441,21.24896442890352,17.34652360493298,20260827
permuted_anchor_pseudo_edge,calendar_month,False,1442,15.110598780671786,17.34652360493298,20260827
permuted_anchor_pseudo_edge,calendar_month,False,1443,6.91980842990842,17.34652360493298,20260827
permuted_anchor_pseudo_edge,calendar_month,False,1444,18.15795036049403,17.34652360493298,20260827
permuted_anchor_pseudo_edge,calendar_month,False,1445,12.731007590384245,17.34652360493298,20260827
permuted_anchor_pseudo_edge,calendar_month,False,1446,16.06292530814516,17.34652360493298,20260827
permuted_anchor_pseudo_edge,calendar_month,False,1447,18.017609221206467,17.34652360493298,20260827
permuted_anchor_pseudo_edge,calendar_month,False,1448,13.550342972237894,17.34652360493298,20260827
permuted_anchor_pseudo_edge,calendar_month,False,1449,17.86990622192685,17.34652360493298,20260827
permuted_anchor_pseudo_edge,calendar_month,False,1450,19.178857441979293,17.34652360493298,20260827
permuted_anchor_pseudo_edge,calendar_month,False,1451,17.520769731938174,17.34652360493298,20260827
permuted_anchor_pseudo_edge,calendar_month,False,1452,14.27609050427667,17.34652360493298,20260827
permuted_anchor_pseudo_edge,calendar_month,False,1453,19.14636798364351,17.34652360493298,20260827
permuted_anchor_pseudo_edge,calendar_month,False,1454,11.771038427385955,17.34652360493298,20260827
permuted_anchor_pseudo_edge,calendar_month,False,1455,20.141056664864127,17.34652360493298,20260827
permuted_anchor_pseudo_edge,calendar_month,False,1456,17.847911904695753,17.34652360493298,20260827
permuted_anchor_pseudo_edge,calendar_month,False,1457,17.682000123821805,17.34652360493298,20260827
permuted_anchor_pseudo_edge,calendar_month,False,1458,18.37521425040187,17.34652360493298,20260827
permuted_anchor_pseudo_edge,calendar_month,False,1459,11.813800048524117,17.34652360493298,20260827
permuted_anchor_pseudo_edge,calendar_month,False,1460,21.132074506395433,17.34652360493298,20260827
permuted_anchor_pseudo_edge,calendar_month,False,1461,20.773047644821784,17.34652360493298,20260827
permuted_anchor_pseudo_edge,calendar_month,False,1462,15.587711314780359,17.34652360493298,20260827
permuted_anchor_pseudo_edge,calendar_month,False,1463,15.99985705256071,17.34652360493298,20260827
permuted_anchor_pseudo_edge,calendar_month,False,1464,14.274053160064792,17.34652360493298,20260827
permuted_anchor_pseudo_edge,calendar_month,False,1465,14.628381453422218,17.34652360493298,20260827
permuted_anchor_pseudo_edge,calendar_month,False,1466,21.815916213110373,17.34652360493298,20260827
permuted_anchor_pseudo_edge,calendar_month,False,1467,20.992681099205253,17.34652360493298,20260827
permuted_anchor_pseudo_edge,calendar_month,False,1468,16.990502409121238,17.34652360493298,20260827
permuted_anchor_pseudo_edge,calendar_month,False,1469,16.164026013969178,17.34652360493298,20260827
permuted_anchor_pseudo_edge,calendar_month,False,1470,15.743915542065631,17.34652360493298,20260827
permuted_anchor_pseudo_edge,calendar_month,False,1471,18.58443905609689,17.34652360493298,20260827
permuted_anchor_pseudo_edge,calendar_month,False,1472,18.0536193790057,17.34652360493298,20260827
permuted_anchor_pseudo_edge,calendar_month,False,1473,19.201130042301664,17.34652360493298,20260827
permuted_anchor_pseudo_edge,calendar_month,False,1474,19.602894378041853,17.34652360493298,20260827
permuted_anchor_pseudo_edge,calendar_month,False,1475,14.540933160916047,17.34652360493298,20260827
permuted_anchor_pseudo_edge,calendar_month,False,1476,17.342896441800743,17.34652360493298,20260827
permuted_anchor_pseudo_edge,calendar_month,False,1477,15.379010565636708,17.34652360493298,20260827
permuted_anchor_pseudo_edge,calendar_month,False,1478,18.740990672574995,17.34652360493298,20260827
permuted_anchor_pseudo_edge,calendar_month,False,1479,18.006278199555215,17.34652360493298,20260827
permuted_anchor_pseudo_edge,calendar_month,False,1480,16.795895154872277,17.34652360493298,20260827
permuted_anchor_pseudo_edge,calendar_month,False,1481,13.205473117933778,17.34652360493298,20260827
permuted_anchor_pseudo_edge,calendar_month,False,1482,14.840004918209685,17.34652360493298,20260827
permuted_anchor_pseudo_edge,calendar_month,False,1483,17.224376744351353,17.34652360493298,20260827
permuted_anchor_pseudo_edge,calendar_month,False,1484,13.813678762143288,17.34652360493298,20260827
permuted_anchor_pseudo_edge,calendar_month,False,1485,13.277979963798153,17.34652360493298,20260827
permuted_anchor_pseudo_edge,calendar_month,False,1486,18.40439640104612,17.34652360493298,20260827
permuted_anchor_pseudo_edge,calendar_month,False,1487,12.250882234088287,17.34652360493298,20260827
permuted_anchor_pseudo_edge,calendar_month,False,1488,17.898717051924486,17.34652360493298,20260827
permuted_anchor_pseudo_edge,calendar_month,False,1489,15.323187192798063,17.34652360493298,20260827
permuted_anchor_pseudo_edge,calendar_month,False,1490,15.37342281783523,17.34652360493298,20260827
permuted_anchor_pseudo_edge,calendar_month,False,1491,9.703285707509306,17.34652360493298,20260827
permuted_anchor_pseudo_edge,calendar_month,False,1492,13.953561268227777,17.34652360493298,20260827
permuted_anchor_pseudo_edge,calendar_month,False,1493,12.952925809022545,17.34652360493298,20260827
permuted_anchor_pseudo_edge,calendar_month,False,1494,17.642351775798026,17.34652360493298,20260827
permuted_anchor_pseudo_edge,calendar_month,False,1495,16.473571613164875,17.34652360493298,20260827
permuted_anchor_pseudo_edge,calendar_month,False,1496,12.87533600703134,17.34652360493298,20260827
permuted_anchor_pseudo_edge,calendar_month,False,1497,10.870708132353197,17.34652360493298,20260827
permuted_anchor_pseudo_edge,calendar_month,False,1498,18.880275041560196,17.34652360493298,20260827
permuted_anchor_pseudo_edge,calendar_month,False,1499,16.277311825862927,17.34652360493298,20260827
permuted_anchor_pseudo_edge,calendar_month,False,1500,19.10847765160016,17.34652360493298,20260827
permuted_anchor_pseudo_edge,calendar_month,False,1501,20.249161711945533,17.34652360493298,20260827
permuted_anchor_pseudo_edge,calendar_month,False,1502,16.16637222405509,17.34652360493298,20260827
permuted_anchor_pseudo_edge,calendar_month,False,1503,17.083769248985046,17.34652360493298,20260827
permuted_anchor_pseudo_edge,calendar_month,False,1504,20.984238540784954,17.34652360493298,20260827
permuted_anchor_pseudo_edge,calendar_month,False,1505,23.48341180315581,17.34652360493298,20260827
permuted_anchor_pseudo_edge,calendar_month,False,1506,21.104402178699683,17.34652360493298,20260827
permuted_anchor_pseudo_edge,calendar_month,False,1507,7.1757795836196,17.34652360493298,20260827
permuted_anchor_pseudo_edge,calendar_month,False,1508,19.09828961226531,17.34652360493298,20260827
permuted_anchor_pseudo_edge,calendar_month,False,1509,19.628154141517214,17.34652360493298,20260827
permuted_anchor_pseudo_edge,calendar_month,False,1510,19.08858012128206,17.34652360493298,20260827
permuted_anchor_pseudo_edge,calendar_month,False,1511,22.787571750544828,17.34652360493298,20260827
permuted_anchor_pseudo_edge,calendar_month,False,1512,18.332094116515403,17.34652360493298,20260827
permuted_anchor_pseudo_edge,calendar_month,False,1513,16.766678022498095,17.34652360493298,20260827
permuted_anchor_pseudo_edge,calendar_month,False,1514,12.763693642026139,17.34652360493298,20260827
permuted_anchor_pseudo_edge,calendar_month,False,1515,17.518490627074762,17.34652360493298,20260827
permuted_anchor_pseudo_edge,calendar_month,False,1516,13.299452520478425,17.34652360493298,20260827
permuted_anchor_pseudo_edge,calendar_month,False,1517,13.815812135141394,17.34652360493298,20260827
permuted_anchor_pseudo_edge,calendar_month,False,1518,14.584935436261354,17.34652360493298,20260827
permuted_anchor_pseudo_edge,calendar_month,False,1519,16.177076872314153,17.34652360493298,20260827
permuted_anchor_pseudo_edge,calendar_month,False,1520,16.16303471206572,17.34652360493298,20260827
permuted_anchor_pseudo_edge,calendar_month,False,1521,21.74084225968385,17.34652360493298,20260827
permuted_anchor_pseudo_edge,calendar_month,False,1522,19.153813046615607,17.34652360493298,20260827
permuted_anchor_pseudo_edge,calendar_month,False,1523,16.93405929009432,17.34652360493298,20260827
permuted_anchor_pseudo_edge,calendar_month,False,1524,14.160319860908462,17.34652360493298,20260827
permuted_anchor_pseudo_edge,calendar_month,False,1525,16.51556169610819,17.34652360493298,20260827
permuted_anchor_pseudo_edge,calendar_month,False,1526,15.285412238853205,17.34652360493298,20260827
permuted_anchor_pseudo_edge,calendar_month,False,1527,16.069887403445737,17.34652360493298,20260827
permuted_anchor_pseudo_edge,calendar_month,False,1528,15.480916231079295,17.34652360493298,20260827
permuted_anchor_pseudo_edge,calendar_month,False,1529,18.14569538609386,17.34652360493298,20260827
permuted_anchor_pseudo_edge,calendar_month,False,1530,13.038353494672725,17.34652360493298,20260827
permuted_anchor_pseudo_edge,calendar_month,False,1531,16.328231981418405,17.34652360493298,20260827
permuted_anchor_pseudo_edge,calendar_month,False,1532,19.32074959532629,17.34652360493298,20260827
permuted_anchor_pseudo_edge,calendar_month,False,1533,16.790187398594657,17.34652360493298,20260827
permuted_anchor_pseudo_edge,calendar_month,False,1534,14.364592858527459,17.34652360493298,20260827
permuted_anchor_pseudo_edge,calendar_month,False,1535,14.901023798377148,17.34652360493298,20260827
permuted_anchor_pseudo_edge,calendar_month,False,1536,17.23171656728141,17.34652360493298,20260827
permuted_anchor_pseudo_edge,calendar_month,False,1537,12.879549507073659,17.34652360493298,20260827
permuted_anchor_pseudo_edge,calendar_month,False,1538,18.790963177162148,17.34652360493298,20260827
permuted_anchor_pseudo_edge,calendar_month,False,1539,21.97887322362899,17.34652360493298,20260827
permuted_anchor_pseudo_edge,calendar_month,False,1540,7.815830548100481,17.34652360493298,20260827
permuted_anchor_pseudo_edge,calendar_month,False,1541,22.39637625334111,17.34652360493298,20260827
permuted_anchor_pseudo_edge,calendar_month,False,1542,19.102689370225352,17.34652360493298,20260827
permuted_anchor_pseudo_edge,calendar_month,False,1543,12.857119605004414,17.34652360493298,20260827
permuted_anchor_pseudo_edge,calendar_month,False,1544,20.162438583819213,17.34652360493298,20260827
permuted_anchor_pseudo_edge,calendar_month,False,1545,11.672565120868258,17.34652360493298,20260827
permuted_anchor_pseudo_edge,calendar_month,False,1546,20.031580123782238,17.34652360493298,20260827
permuted_anchor_pseudo_edge,calendar_month,False,1547,17.202579615823606,17.34652360493298,20260827
permuted_anchor_pseudo_edge,calendar_month,False,1548,14.769959359491494,17.34652360493298,20260827
permuted_anchor_pseudo_edge,calendar_month,False,1549,17.249455189417514,17.34652360493298,20260827
permuted_anchor_pseudo_edge,calendar_month,False,1550,17.702980059031105,17.34652360493298,20260827
permuted_anchor_pseudo_edge,calendar_month,False,1551,18.96686559426087,17.34652360493298,20260827
permuted_anchor_pseudo_edge,calendar_month,False,1552,14.821997823292381,17.34652360493298,20260827
permuted_anchor_pseudo_edge,calendar_month,False,1553,18.029715091701,17.34652360493298,20260827
permuted_anchor_pseudo_edge,calendar_month,False,1554,11.223742938021893,17.34652360493298,20260827
permuted_anchor_pseudo_edge,calendar_month,False,1555,14.224617446888068,17.34652360493298,20260827
permuted_anchor_pseudo_edge,calendar_month,False,1556,20.217873923714976,17.34652360493298,20260827
permuted_anchor_pseudo_edge,calendar_month,False,1557,16.97280709383172,17.34652360493298,20260827
permuted_anchor_pseudo_edge,calendar_month,False,1558,18.532248266849464,17.34652360493298,20260827
permuted_anchor_pseudo_edge,calendar_month,False,1559,20.14881018930204,17.34652360493298,20260827
permuted_anchor_pseudo_edge,calendar_month,False,1560,15.788166912242973,17.34652360493298,20260827
permuted_anchor_pseudo_edge,calendar_month,False,1561,14.386380255489192,17.34652360493298,20260827
permuted_anchor_pseudo_edge,calendar_month,False,1562,14.938264018908628,17.34652360493298,20260827
permuted_anchor_pseudo_edge,calendar_month,False,1563,18.6887465023806,17.34652360493298,20260827
permuted_anchor_pseudo_edge,calendar_month,False,1564,15.65033651003714,17.34652360493298,20260827
permuted_anchor_pseudo_edge,calendar_month,False,1565,19.470279245426273,17.34652360493298,20260827
permuted_anchor_pseudo_edge,calendar_month,False,1566,14.056751201058947,17.34652360493298,20260827
permuted_anchor_pseudo_edge,calendar_month,False,1567,19.48575477516133,17.34652360493298,20260827
permuted_anchor_pseudo_edge,calendar_month,False,1568,18.774651949848835,17.34652360493298,20260827
permuted_anchor_pseudo_edge,calendar_month,False,1569,17.53235135206189,17.34652360493298,20260827
permuted_anchor_pseudo_edge,calendar_month,False,1570,15.184511558440562,17.34652360493298,20260827
permuted_anchor_pseudo_edge,calendar_month,False,1571,18.058955748783884,17.34652360493298,20260827
permuted_anchor_pseudo_edge,calendar_month,False,1572,18.867448925482634,17.34652360493298,20260827
permuted_anchor_pseudo_edge,calendar_month,False,1573,17.23179905031837,17.34652360493298,20260827
permuted_anchor_pseudo_edge,calendar_month,False,1574,19.14270374063315,17.34652360493298,20260827
permuted_anchor_pseudo_edge,calendar_month,False,1575,18.69172732386782,17.34652360493298,20260827
permuted_anchor_pseudo_edge,calendar_month,False,1576,21.355493747121855,17.34652360493298,20260827
permuted_anchor_pseudo_edge,calendar_month,False,1577,16.357133171238182,17.34652360493298,20260827
permuted_anchor_pseudo_edge,calendar_month,False,1578,17.14436534346983,17.34652360493298,20260827
permuted_anchor_pseudo_edge,calendar_month,False,1579,16.851868924946636,17.34652360493298,20260827
permuted_anchor_pseudo_edge,calendar_month,False,1580,16.54217764188442,17.34652360493298,20260827
permuted_anchor_pseudo_edge,calendar_month,False,1581,14.097932603250566,17.34652360493298,20260827
permuted_anchor_pseudo_edge,calendar_month,False,1582,17.481194727829532,17.34652360493298,20260827
permuted_anchor_pseudo_edge,calendar_month,False,1583,16.553175040924188,17.34652360493298,20260827
permuted_anchor_pseudo_edge,calendar_month,False,1584,16.776746625446105,17.34652360493298,20260827
permuted_anchor_pseudo_edge,calendar_month,False,1585,17.028922701997306,17.34652360493298,20260827
permuted_anchor_pseudo_edge,calendar_month,False,1586,13.090871214536772,17.34652360493298,20260827
permuted_anchor_pseudo_edge,calendar_month,False,1587,16.227779729324595,17.34652360493298,20260827
permuted_anchor_pseudo_edge,calendar_month,False,1588,18.484001481567145,17.34652360493298,20260827
permuted_anchor_pseudo_edge,calendar_month,False,1589,10.514527493233627,17.34652360493298,20260827
permuted_anchor_pseudo_edge,calendar_month,False,1590,25.216894990259455,17.34652360493298,20260827
permuted_anchor_pseudo_edge,calendar_month,False,1591,11.373032753880981,17.34652360493298,20260827
permuted_anchor_pseudo_edge,calendar_month,False,1592,19.91882936307738,17.34652360493298,20260827
permuted_anchor_pseudo_edge,calendar_month,False,1593,15.7831293767051,17.34652360493298,20260827
permuted_anchor_pseudo_edge,calendar_month,False,1594,17.573690478002543,17.34652360493298,20260827
permuted_anchor_pseudo_edge,calendar_month,False,1595,16.651860290223713,17.34652360493298,20260827
permuted_anchor_pseudo_edge,calendar_month,False,1596,14.347492880149801,17.34652360493298,20260827
permuted_anchor_pseudo_edge,calendar_month,False,1597,15.522313440332866,17.34652360493298,20260827
permuted_anchor_pseudo_edge,calendar_month,False,1598,18.08054041162507,17.34652360493298,20260827
permuted_anchor_pseudo_edge,calendar_month,False,1599,19.826163192796965,17.34652360493298,20260827
permuted_anchor_pseudo_edge,calendar_month,False,1600,15.710718499613261,17.34652360493298,20260827
permuted_anchor_pseudo_edge,calendar_month,False,1601,14.352154648095974,17.34652360493298,20260827
permuted_anchor_pseudo_edge,calendar_month,False,1602,11.364909806108074,17.34652360493298,20260827
permuted_anchor_pseudo_edge,calendar_month,False,1603,14.9848717138339,17.34652360493298,20260827
permuted_anchor_pseudo_edge,calendar_month,False,1604,25.42194858610659,17.34652360493298,20260827
permuted_anchor_pseudo_edge,calendar_month,False,1605,14.65134187589641,17.34652360493298,20260827
permuted_anchor_pseudo_edge,calendar_month,False,1606,24.5586364487062,17.34652360493298,20260827
permuted_anchor_pseudo_edge,calendar_month,False,1607,16.264667894915046,17.34652360493298,20260827
permuted_anchor_pseudo_edge,calendar_month,False,1608,17.455619617730008,17.34652360493298,20260827
permuted_anchor_pseudo_edge,calendar_month,False,1609,18.778593340963425,17.34652360493298,20260827
permuted_anchor_pseudo_edge,calendar_month,False,1610,14.05020800876699,17.34652360493298,20260827
permuted_anchor_pseudo_edge,calendar_month,False,1611,13.785854386290646,17.34652360493298,20260827
permuted_anchor_pseudo_edge,calendar_month,False,1612,14.489732674838798,17.34652360493298,20260827
permuted_anchor_pseudo_edge,calendar_month,False,1613,18.585615467541903,17.34652360493298,20260827
permuted_anchor_pseudo_edge,calendar_month,False,1614,21.258335104784674,17.34652360493298,20260827
permuted_anchor_pseudo_edge,calendar_month,False,1615,10.532873798968588,17.34652360493298,20260827
permuted_anchor_pseudo_edge,calendar_month,False,1616,14.577537763945358,17.34652360493298,20260827
permuted_anchor_pseudo_edge,calendar_month,False,1617,18.858460773630963,17.34652360493298,20260827
permuted_anchor_pseudo_edge,calendar_month,False,1618,10.682705136948458,17.34652360493298,20260827
permuted_anchor_pseudo_edge,calendar_month,False,1619,7.90920604130266,17.34652360493298,20260827
permuted_anchor_pseudo_edge,calendar_month,False,1620,13.847539649320591,17.34652360493298,20260827
permuted_anchor_pseudo_edge,calendar_month,False,1621,14.547591983237535,17.34652360493298,20260827
permuted_anchor_pseudo_edge,calendar_month,False,1622,15.338006205194796,17.34652360493298,20260827
permuted_anchor_pseudo_edge,calendar_month,False,1623,10.358382585176408,17.34652360493298,20260827
permuted_anchor_pseudo_edge,calendar_month,False,1624,20.824838713926344,17.34652360493298,20260827
permuted_anchor_pseudo_edge,calendar_month,False,1625,17.14064445265372,17.34652360493298,20260827
permuted_anchor_pseudo_edge,calendar_month,False,1626,18.79020172176194,17.34652360493298,20260827
permuted_anchor_pseudo_edge,calendar_month,False,1627,12.978111825014274,17.34652360493298,20260827
permuted_anchor_pseudo_edge,calendar_month,False,1628,17.779740597767542,17.34652360493298,20260827
permuted_anchor_pseudo_edge,calendar_month,False,1629,13.942055410391,17.34652360493298,20260827
permuted_anchor_pseudo_edge,calendar_month,False,1630,12.945413991973826,17.34652360493298,20260827
permuted_anchor_pseudo_edge,calendar_month,False,1631,14.740593035835706,17.34652360493298,20260827
permuted_anchor_pseudo_edge,calendar_month,False,1632,15.930603514512356,17.34652360493298,20260827
permuted_anchor_pseudo_edge,calendar_month,False,1633,17.114337890925764,17.34652360493298,20260827
permuted_anchor_pseudo_edge,calendar_month,False,1634,18.434186605067815,17.34652360493298,20260827
permuted_anchor_pseudo_edge,calendar_month,False,1635,11.326071106500454,17.34652360493298,20260827
permuted_anchor_pseudo_edge,calendar_month,False,1636,17.28612784111414,17.34652360493298,20260827
permuted_anchor_pseudo_edge,calendar_month,False,1637,14.14923204061159,17.34652360493298,20260827
permuted_anchor_pseudo_edge,calendar_month,False,1638,20.987564240022337,17.34652360493298,20260827
permuted_anchor_pseudo_edge,calendar_month,False,1639,25.538928507481046,17.34652360493298,20260827
permuted_anchor_pseudo_edge,calendar_month,False,1640,11.826257546062493,17.34652360493298,20260827
permuted_anchor_pseudo_edge,calendar_month,False,1641,14.486706462465419,17.34652360493298,20260827
permuted_anchor_pseudo_edge,calendar_month,False,1642,21.005473850843455,17.34652360493298,20260827
permuted_anchor_pseudo_edge,calendar_month,False,1643,17.418353818278746,17.34652360493298,20260827
permuted_anchor_pseudo_edge,calendar_month,False,1644,21.858213409526133,17.34652360493298,20260827
permuted_anchor_pseudo_edge,calendar_month,False,1645,13.545464677447322,17.34652360493298,20260827
permuted_anchor_pseudo_edge,calendar_month,False,1646,15.919871193380548,17.34652360493298,20260827
permuted_anchor_pseudo_edge,calendar_month,False,1647,14.037207427810763,17.34652360493298,20260827
permuted_anchor_pseudo_edge,calendar_month,False,1648,19.141571230376506,17.34652360493298,20260827
permuted_anchor_pseudo_edge,calendar_month,False,1649,16.244088326002544,17.34652360493298,20260827
permuted_anchor_pseudo_edge,calendar_month,False,1650,19.531843097341724,17.34652360493298,20260827
permuted_anchor_pseudo_edge,calendar_month,False,1651,15.784895592966771,17.34652360493298,20260827
permuted_anchor_pseudo_edge,calendar_month,False,1652,11.855805135232673,17.34652360493298,20260827
permuted_anchor_pseudo_edge,calendar_month,False,1653,13.80659084642773,17.34652360493298,20260827
permuted_anchor_pseudo_edge,calendar_month,False,1654,18.60604419901491,17.34652360493298,20260827
permuted_anchor_pseudo_edge,calendar_month,False,1655,16.82556293716525,17.34652360493298,20260827
permuted_anchor_pseudo_edge,calendar_month,False,1656,15.19342517011876,17.34652360493298,20260827
permuted_anchor_pseudo_edge,calendar_month,False,1657,21.113535508073983,17.34652360493298,20260827
permuted_anchor_pseudo_edge,calendar_month,False,1658,17.176389008339306,17.34652360493298,20260827
permuted_anchor_pseudo_edge,calendar_month,False,1659,12.32783302615088,17.34652360493298,20260827
permuted_anchor_pseudo_edge,calendar_month,False,1660,10.659197464639103,17.34652360493298,20260827
permuted_anchor_pseudo_edge,calendar_month,False,1661,17.990871966975917,17.34652360493298,20260827
permuted_anchor_pseudo_edge,calendar_month,False,1662,15.728081244678101,17.34652360493298,20260827
permuted_anchor_pseudo_edge,calendar_month,False,1663,16.18894851605266,17.34652360493298,20260827
permuted_anchor_pseudo_edge,calendar_month,False,1664,15.424359315308148,17.34652360493298,20260827
permuted_anchor_pseudo_edge,calendar_month,False,1665,13.149065001638768,17.34652360493298,20260827
permuted_anchor_pseudo_edge,calendar_month,False,1666,20.071062013676972,17.34652360493298,20260827
permuted_anchor_pseudo_edge,calendar_month,False,1667,18.661705626172765,17.34652360493298,20260827
permuted_anchor_pseudo_edge,calendar_month,False,1668,13.087937404546413,17.34652360493298,20260827
permuted_anchor_pseudo_edge,calendar_month,False,1669,16.117851934385712,17.34652360493298,20260827
permuted_anchor_pseudo_edge,calendar_month,False,1670,20.468394991353524,17.34652360493298,20260827
permuted_anchor_pseudo_edge,calendar_month,False,1671,20.08846063574641,17.34652360493298,20260827
permuted_anchor_pseudo_edge,calendar_month,False,1672,15.130297588801039,17.34652360493298,20260827
permuted_anchor_pseudo_edge,calendar_month,False,1673,24.093414336055204,17.34652360493298,20260827
permuted_anchor_pseudo_edge,calendar_month,False,1674,23.80880086418342,17.34652360493298,20260827
permuted_anchor_pseudo_edge,calendar_month,False,1675,16.56433716909566,17.34652360493298,20260827
permuted_anchor_pseudo_edge,calendar_month,False,1676,15.344888639268706,17.34652360493298,20260827
permuted_anchor_pseudo_edge,calendar_month,False,1677,23.29852338591021,17.34652360493298,20260827
permuted_anchor_pseudo_edge,calendar_month,False,1678,11.26952616432474,17.34652360493298,20260827
permuted_anchor_pseudo_edge,calendar_month,False,1679,18.45412042158186,17.34652360493298,20260827
permuted_anchor_pseudo_edge,calendar_month,False,1680,21.63767387334394,17.34652360493298,20260827
permuted_anchor_pseudo_edge,calendar_month,False,1681,19.649515056622334,17.34652360493298,20260827
permuted_anchor_pseudo_edge,calendar_month,False,1682,13.098136141126037,17.34652360493298,20260827
permuted_anchor_pseudo_edge,calendar_month,False,1683,16.061723663120254,17.34652360493298,20260827
permuted_anchor_pseudo_edge,calendar_month,False,1684,19.924138646754823,17.34652360493298,20260827
permuted_anchor_pseudo_edge,calendar_month,False,1685,15.633140909983092,17.34652360493298,20260827
permuted_anchor_pseudo_edge,calendar_month,False,1686,15.706339739234421,17.34652360493298,20260827
permuted_anchor_pseudo_edge,calendar_month,False,1687,18.155555350038206,17.34652360493298,20260827
permuted_anchor_pseudo_edge,calendar_month,False,1688,20.77174432944763,17.34652360493298,20260827
permuted_anchor_pseudo_edge,calendar_month,False,1689,9.636493374459079,17.34652360493298,20260827
permuted_anchor_pseudo_edge,calendar_month,False,1690,15.046403186568874,17.34652360493298,20260827
permuted_anchor_pseudo_edge,calendar_month,False,1691,15.650747788550493,17.34652360493298,20260827
permuted_anchor_pseudo_edge,calendar_month,False,1692,16.21530304099355,17.34652360493298,20260827
permuted_anchor_pseudo_edge,calendar_month,False,1693,15.94156658177229,17.34652360493298,20260827
permuted_anchor_pseudo_edge,calendar_month,False,1694,13.33389613694203,17.34652360493298,20260827
permuted_anchor_pseudo_edge,calendar_month,False,1695,18.125530587323897,17.34652360493298,20260827
permuted_anchor_pseudo_edge,calendar_month,False,1696,15.085687167519685,17.34652360493298,20260827
permuted_anchor_pseudo_edge,calendar_month,False,1697,17.039960167918185,17.34652360493298,20260827
permuted_anchor_pseudo_edge,calendar_month,False,1698,15.389166546604924,17.34652360493298,20260827
permuted_anchor_pseudo_edge,calendar_month,False,1699,13.722619388569282,17.34652360493298,20260827
permuted_anchor_pseudo_edge,calendar_month,False,1700,22.283349271926603,17.34652360493298,20260827
permuted_anchor_pseudo_edge,calendar_month,False,1701,15.479143606947119,17.34652360493298,20260827
permuted_anchor_pseudo_edge,calendar_month,False,1702,15.336384104016783,17.34652360493298,20260827
permuted_anchor_pseudo_edge,calendar_month,False,1703,17.981240900181618,17.34652360493298,20260827
permuted_anchor_pseudo_edge,calendar_month,False,1704,22.10014367427067,17.34652360493298,20260827
permuted_anchor_pseudo_edge,calendar_month,False,1705,12.941569666547235,17.34652360493298,20260827
permuted_anchor_pseudo_edge,calendar_month,False,1706,22.23600500256605,17.34652360493298,20260827
permuted_anchor_pseudo_edge,calendar_month,False,1707,15.969955836715243,17.34652360493298,20260827
permuted_anchor_pseudo_edge,calendar_month,False,1708,21.86855885752409,17.34652360493298,20260827
permuted_anchor_pseudo_edge,calendar_month,False,1709,17.050564849472558,17.34652360493298,20260827
permuted_anchor_pseudo_edge,calendar_month,False,1710,23.632405529610516,17.34652360493298,20260827
permuted_anchor_pseudo_edge,calendar_month,False,1711,20.769507941839784,17.34652360493298,20260827
permuted_anchor_pseudo_edge,calendar_month,False,1712,17.145453181538368,17.34652360493298,20260827
permuted_anchor_pseudo_edge,calendar_month,False,1713,19.066911138839068,17.34652360493298,20260827
permuted_anchor_pseudo_edge,calendar_month,False,1714,18.32594573608943,17.34652360493298,20260827
permuted_anchor_pseudo_edge,calendar_month,False,1715,21.477487861378375,17.34652360493298,20260827
permuted_anchor_pseudo_edge,calendar_month,False,1716,12.456811087400139,17.34652360493298,20260827
permuted_anchor_pseudo_edge,calendar_month,False,1717,18.613245003392045,17.34652360493298,20260827
permuted_anchor_pseudo_edge,calendar_month,False,1718,25.050480685377124,17.34652360493298,20260827
permuted_anchor_pseudo_edge,calendar_month,False,1719,19.697213158364995,17.34652360493298,20260827
permuted_anchor_pseudo_edge,calendar_month,False,1720,17.02656542504848,17.34652360493298,20260827
permuted_anchor_pseudo_edge,calendar_month,False,1721,16.172082158442652,17.34652360493298,20260827
permuted_anchor_pseudo_edge,calendar_month,False,1722,17.38624861447002,17.34652360493298,20260827
permuted_anchor_pseudo_edge,calendar_month,False,1723,14.209965021193174,17.34652360493298,20260827
permuted_anchor_pseudo_edge,calendar_month,False,1724,11.976628016527762,17.34652360493298,20260827
permuted_anchor_pseudo_edge,calendar_month,False,1725,19.80775730309481,17.34652360493298,20260827
permuted_anchor_pseudo_edge,calendar_month,False,1726,18.854457260503597,17.34652360493298,20260827
permuted_anchor_pseudo_edge,calendar_month,False,1727,21.86026098233625,17.34652360493298,20260827
permuted_anchor_pseudo_edge,calendar_month,False,1728,20.502855993910895,17.34652360493298,20260827
permuted_anchor_pseudo_edge,calendar_month,False,1729,22.564951642786852,17.34652360493298,20260827
permuted_anchor_pseudo_edge,calendar_month,False,1730,16.28430454097044,17.34652360493298,20260827
permuted_anchor_pseudo_edge,calendar_month,False,1731,15.196219084915624,17.34652360493298,20260827
permuted_anchor_pseudo_edge,calendar_month,False,1732,18.09255963989281,17.34652360493298,20260827
permuted_anchor_pseudo_edge,calendar_month,False,1733,20.3761902362662,17.34652360493298,20260827
permuted_anchor_pseudo_edge,calendar_month,False,1734,18.61486906658942,17.34652360493298,20260827
permuted_anchor_pseudo_edge,calendar_month,False,1735,16.76760797462225,17.34652360493298,20260827
permuted_anchor_pseudo_edge,calendar_month,False,1736,9.161872204484764,17.34652360493298,20260827
permuted_anchor_pseudo_edge,calendar_month,False,1737,15.791023335943741,17.34652360493298,20260827
permuted_anchor_pseudo_edge,calendar_month,False,1738,23.35229449085731,17.34652360493298,20260827
permuted_anchor_pseudo_edge,calendar_month,False,1739,17.89161505050253,17.34652360493298,20260827
permuted_anchor_pseudo_edge,calendar_month,False,1740,19.156524259989858,17.34652360493298,20260827
permuted_anchor_pseudo_edge,calendar_month,False,1741,12.694769157930422,17.34652360493298,20260827
permuted_anchor_pseudo_edge,calendar_month,False,1742,17.12564972505753,17.34652360493298,20260827
permuted_anchor_pseudo_edge,calendar_month,False,1743,18.142932963984737,17.34652360493298,20260827
permuted_anchor_pseudo_edge,calendar_month,False,1744,16.277940166241343,17.34652360493298,20260827
permuted_anchor_pseudo_edge,calendar_month,False,1745,17.6908468783419,17.34652360493298,20260827
permuted_anchor_pseudo_edge,calendar_month,False,1746,14.248273448097054,17.34652360493298,20260827
permuted_anchor_pseudo_edge,calendar_month,False,1747,14.943270282112167,17.34652360493298,20260827
permuted_anchor_pseudo_edge,calendar_month,False,1748,20.22439897229499,17.34652360493298,20260827
permuted_anchor_pseudo_edge,calendar_month,False,1749,23.366811913038248,17.34652360493298,20260827
permuted_anchor_pseudo_edge,calendar_month,False,1750,21.652859979972067,17.34652360493298,20260827
permuted_anchor_pseudo_edge,calendar_month,False,1751,14.199257807378144,17.34652360493298,20260827
permuted_anchor_pseudo_edge,calendar_month,False,1752,15.775850607880656,17.34652360493298,20260827
permuted_anchor_pseudo_edge,calendar_month,False,1753,15.868242482578063,17.34652360493298,20260827
permuted_anchor_pseudo_edge,calendar_month,False,1754,17.523598556550446,17.34652360493298,20260827
permuted_anchor_pseudo_edge,calendar_month,False,1755,13.863447174209018,17.34652360493298,20260827
permuted_anchor_pseudo_edge,calendar_month,False,1756,20.384365742301828,17.34652360493298,20260827
permuted_anchor_pseudo_edge,calendar_month,False,1757,15.062784786852305,17.34652360493298,20260827
permuted_anchor_pseudo_edge,calendar_month,False,1758,20.548498967027026,17.34652360493298,20260827
permuted_anchor_pseudo_edge,calendar_month,False,1759,14.059118070555954,17.34652360493298,20260827
permuted_anchor_pseudo_edge,calendar_month,False,1760,16.82494196547743,17.34652360493298,20260827
permuted_anchor_pseudo_edge,calendar_month,False,1761,17.582371068503598,17.34652360493298,20260827
permuted_anchor_pseudo_edge,calendar_month,False,1762,21.900221348395526,17.34652360493298,20260827
permuted_anchor_pseudo_edge,calendar_month,False,1763,10.292773600518062,17.34652360493298,20260827
permuted_anchor_pseudo_edge,calendar_month,False,1764,17.23160178638937,17.34652360493298,20260827
permuted_anchor_pseudo_edge,calendar_month,False,1765,15.779218448140314,17.34652360493298,20260827
permuted_anchor_pseudo_edge,calendar_month,False,1766,13.322180952507123,17.34652360493298,20260827
permuted_anchor_pseudo_edge,calendar_month,False,1767,20.520703969285474,17.34652360493298,20260827
permuted_anchor_pseudo_edge,calendar_month,False,1768,17.847452340003514,17.34652360493298,20260827
permuted_anchor_pseudo_edge,calendar_month,False,1769,19.655584611397114,17.34652360493298,20260827
permuted_anchor_pseudo_edge,calendar_month,False,1770,13.651399331073188,17.34652360493298,20260827
permuted_anchor_pseudo_edge,calendar_month,False,1771,16.81273395504724,17.34652360493298,20260827
permuted_anchor_pseudo_edge,calendar_month,False,1772,15.145329086880807,17.34652360493298,20260827
permuted_anchor_pseudo_edge,calendar_month,False,1773,16.688480910751714,17.34652360493298,20260827
permuted_anchor_pseudo_edge,calendar_month,False,1774,17.455897367618146,17.34652360493298,20260827
permuted_anchor_pseudo_edge,calendar_month,False,1775,14.390890245571367,17.34652360493298,20260827
permuted_anchor_pseudo_edge,calendar_month,False,1776,13.944271088355178,17.34652360493298,20260827
permuted_anchor_pseudo_edge,calendar_month,False,1777,21.10583835613989,17.34652360493298,20260827
permuted_anchor_pseudo_edge,calendar_month,False,1778,14.982808552839872,17.34652360493298,20260827
permuted_anchor_pseudo_edge,calendar_month,False,1779,21.95723757162507,17.34652360493298,20260827
permuted_anchor_pseudo_edge,calendar_month,False,1780,17.148647323937453,17.34652360493298,20260827
permuted_anchor_pseudo_edge,calendar_month,False,1781,15.201109954175879,17.34652360493298,20260827
permuted_anchor_pseudo_edge,calendar_month,False,1782,14.742762427267333,17.34652360493298,20260827
permuted_anchor_pseudo_edge,calendar_month,False,1783,24.63470666057056,17.34652360493298,20260827
permuted_anchor_pseudo_edge,calendar_month,False,1784,18.995136229516,17.34652360493298,20260827
permuted_anchor_pseudo_edge,calendar_month,False,1785,16.72733796588026,17.34652360493298,20260827
permuted_anchor_pseudo_edge,calendar_month,False,1786,8.531039330274474,17.34652360493298,20260827
permuted_anchor_pseudo_edge,calendar_month,False,1787,14.240569169555112,17.34652360493298,20260827
permuted_anchor_pseudo_edge,calendar_month,False,1788,24.095549742560486,17.34652360493298,20260827
permuted_anchor_pseudo_edge,calendar_month,False,1789,12.23736665450213,17.34652360493298,20260827
permuted_anchor_pseudo_edge,calendar_month,False,1790,21.393595275395246,17.34652360493298,20260827
permuted_anchor_pseudo_edge,calendar_month,False,1791,16.03809578121014,17.34652360493298,20260827
permuted_anchor_pseudo_edge,calendar_month,False,1792,23.420152757930133,17.34652360493298,20260827
permuted_anchor_pseudo_edge,calendar_month,False,1793,16.118255128181357,17.34652360493298,20260827
permuted_anchor_pseudo_edge,calendar_month,False,1794,19.21307754126566,17.34652360493298,20260827
permuted_anchor_pseudo_edge,calendar_month,False,1795,24.735890354245598,17.34652360493298,20260827
permuted_anchor_pseudo_edge,calendar_month,False,1796,14.436998018025493,17.34652360493298,20260827
permuted_anchor_pseudo_edge,calendar_month,False,1797,15.939878302734826,17.34652360493298,20260827
permuted_anchor_pseudo_edge,calendar_month,False,1798,13.331533350948096,17.34652360493298,20260827
permuted_anchor_pseudo_edge,calendar_month,False,1799,13.812045109782217,17.34652360493298,20260827
permuted_anchor_pseudo_edge,calendar_month,False,1800,18.898892066006052,17.34652360493298,20260827
permuted_anchor_pseudo_edge,calendar_month,False,1801,18.055364579221912,17.34652360493298,20260827
permuted_anchor_pseudo_edge,calendar_month,False,1802,16.285300409250233,17.34652360493298,20260827
permuted_anchor_pseudo_edge,calendar_month,False,1803,11.272182998573458,17.34652360493298,20260827
permuted_anchor_pseudo_edge,calendar_month,False,1804,20.35413306592653,17.34652360493298,20260827
permuted_anchor_pseudo_edge,calendar_month,False,1805,22.470941497170333,17.34652360493298,20260827
permuted_anchor_pseudo_edge,calendar_month,False,1806,17.69613770888575,17.34652360493298,20260827
permuted_anchor_pseudo_edge,calendar_month,False,1807,17.263008573883674,17.34652360493298,20260827
permuted_anchor_pseudo_edge,calendar_month,False,1808,18.331346509930206,17.34652360493298,20260827
permuted_anchor_pseudo_edge,calendar_month,False,1809,20.848952023962884,17.34652360493298,20260827
permuted_anchor_pseudo_edge,calendar_month,False,1810,14.2117178484755,17.34652360493298,20260827
permuted_anchor_pseudo_edge,calendar_month,False,1811,20.611360183401395,17.34652360493298,20260827
permuted_anchor_pseudo_edge,calendar_month,False,1812,17.6837647669208,17.34652360493298,20260827
permuted_anchor_pseudo_edge,calendar_month,False,1813,13.949708674293193,17.34652360493298,20260827
permuted_anchor_pseudo_edge,calendar_month,False,1814,17.987602635676073,17.34652360493298,20260827
permuted_anchor_pseudo_edge,calendar_month,False,1815,23.299880298956886,17.34652360493298,20260827
permuted_anchor_pseudo_edge,calendar_month,False,1816,19.144637042170505,17.34652360493298,20260827
permuted_anchor_pseudo_edge,calendar_month,False,1817,16.030545562463445,17.34652360493298,20260827
permuted_anchor_pseudo_edge,calendar_month,False,1818,19.23381330065766,17.34652360493298,20260827
permuted_anchor_pseudo_edge,calendar_month,False,1819,17.61673331503115,17.34652360493298,20260827
permuted_anchor_pseudo_edge,calendar_month,False,1820,24.040998387556748,17.34652360493298,20260827
permuted_anchor_pseudo_edge,calendar_month,False,1821,12.73565956879463,17.34652360493298,20260827
permuted_anchor_pseudo_edge,calendar_month,False,1822,13.534204785531841,17.34652360493298,20260827
permuted_anchor_pseudo_edge,calendar_month,False,1823,15.42187533607898,17.34652360493298,20260827
permuted_anchor_pseudo_edge,calendar_month,False,1824,16.763183558567306,17.34652360493298,20260827
permuted_anchor_pseudo_edge,calendar_month,False,1825,17.88539751244855,17.34652360493298,20260827
permuted_anchor_pseudo_edge,calendar_month,False,1826,13.185279093865176,17.34652360493298,20260827
permuted_anchor_pseudo_edge,calendar_month,False,1827,11.09546837168827,17.34652360493298,20260827
permuted_anchor_pseudo_edge,calendar_month,False,1828,18.12232777608707,17.34652360493298,20260827
permuted_anchor_pseudo_edge,calendar_month,False,1829,17.390753114739066,17.34652360493298,20260827
permuted_anchor_pseudo_edge,calendar_month,False,1830,14.62873628187249,17.34652360493298,20260827
permuted_anchor_pseudo_edge,calendar_month,False,1831,13.863429898129414,17.34652360493298,20260827
permuted_anchor_pseudo_edge,calendar_month,False,1832,20.40837438767557,17.34652360493298,20260827
permuted_anchor_pseudo_edge,calendar_month,False,1833,15.936638371169762,17.34652360493298,20260827
permuted_anchor_pseudo_edge,calendar_month,False,1834,20.69117191437423,17.34652360493298,20260827
permuted_anchor_pseudo_edge,calendar_month,False,1835,16.361994012603038,17.34652360493298,20260827
permuted_anchor_pseudo_edge,calendar_month,False,1836,16.29568477540345,17.34652360493298,20260827
permuted_anchor_pseudo_edge,calendar_month,False,1837,18.72658475045786,17.34652360493298,20260827
permuted_anchor_pseudo_edge,calendar_month,False,1838,16.678248788663527,17.34652360493298,20260827
permuted_anchor_pseudo_edge,calendar_month,False,1839,15.223903023746892,17.34652360493298,20260827
permuted_anchor_pseudo_edge,calendar_month,False,1840,14.96497303003552,17.34652360493298,20260827
permuted_anchor_pseudo_edge,calendar_month,False,1841,14.129049933141163,17.34652360493298,20260827
permuted_anchor_pseudo_edge,calendar_month,False,1842,15.98364619741165,17.34652360493298,20260827
permuted_anchor_pseudo_edge,calendar_month,False,1843,20.670815932926303,17.34652360493298,20260827
permuted_anchor_pseudo_edge,calendar_month,False,1844,13.559218729072539,17.34652360493298,20260827
permuted_anchor_pseudo_edge,calendar_month,False,1845,9.679380568937304,17.34652360493298,20260827
permuted_anchor_pseudo_edge,calendar_month,False,1846,19.757297673131973,17.34652360493298,20260827
permuted_anchor_pseudo_edge,calendar_month,False,1847,20.356842322367587,17.34652360493298,20260827
permuted_anchor_pseudo_edge,calendar_month,False,1848,15.972252624951505,17.34652360493298,20260827
permuted_anchor_pseudo_edge,calendar_month,False,1849,14.231977561837287,17.34652360493298,20260827
permuted_anchor_pseudo_edge,calendar_month,False,1850,15.92403365900912,17.34652360493298,20260827
permuted_anchor_pseudo_edge,calendar_month,False,1851,13.19451270565177,17.34652360493298,20260827
permuted_anchor_pseudo_edge,calendar_month,False,1852,19.326838545138102,17.34652360493298,20260827
permuted_anchor_pseudo_edge,calendar_month,False,1853,17.941130873554393,17.34652360493298,20260827
permuted_anchor_pseudo_edge,calendar_month,False,1854,20.84269967784192,17.34652360493298,20260827
permuted_anchor_pseudo_edge,calendar_month,False,1855,14.689787846510196,17.34652360493298,20260827
permuted_anchor_pseudo_edge,calendar_month,False,1856,16.396188752116103,17.34652360493298,20260827
permuted_anchor_pseudo_edge,calendar_month,False,1857,15.348784448492964,17.34652360493298,20260827
permuted_anchor_pseudo_edge,calendar_month,False,1858,16.90263625972536,17.34652360493298,20260827
permuted_anchor_pseudo_edge,calendar_month,False,1859,19.62250188567677,17.34652360493298,20260827
permuted_anchor_pseudo_edge,calendar_month,False,1860,17.358929687263505,17.34652360493298,20260827
permuted_anchor_pseudo_edge,calendar_month,False,1861,16.949061962934096,17.34652360493298,20260827
permuted_anchor_pseudo_edge,calendar_month,False,1862,18.694126230181308,17.34652360493298,20260827
permuted_anchor_pseudo_edge,calendar_month,False,1863,20.796307909332263,17.34652360493298,20260827
permuted_anchor_pseudo_edge,calendar_month,False,1864,17.24622756345862,17.34652360493298,20260827
permuted_anchor_pseudo_edge,calendar_month,False,1865,18.558992465091166,17.34652360493298,20260827
permuted_anchor_pseudo_edge,calendar_month,False,1866,20.57287458653387,17.34652360493298,20260827
permuted_anchor_pseudo_edge,calendar_month,False,1867,15.313271969918018,17.34652360493298,20260827
permuted_anchor_pseudo_edge,calendar_month,False,1868,21.334972970992546,17.34652360493298,20260827
permuted_anchor_pseudo_edge,calendar_month,False,1869,17.46560128105421,17.34652360493298,20260827
permuted_anchor_pseudo_edge,calendar_month,False,1870,12.777439535756116,17.34652360493298,20260827
permuted_anchor_pseudo_edge,calendar_month,False,1871,16.19708104444998,17.34652360493298,20260827
permuted_anchor_pseudo_edge,calendar_month,False,1872,17.71284023425714,17.34652360493298,20260827
permuted_anchor_pseudo_edge,calendar_month,False,1873,9.961193591626769,17.34652360493298,20260827
permuted_anchor_pseudo_edge,calendar_month,False,1874,18.721894634694625,17.34652360493298,20260827
permuted_anchor_pseudo_edge,calendar_month,False,1875,15.23259108470926,17.34652360493298,20260827
permuted_anchor_pseudo_edge,calendar_month,False,1876,16.170880586852196,17.34652360493298,20260827
permuted_anchor_pseudo_edge,calendar_month,False,1877,17.75794349411231,17.34652360493298,20260827
permuted_anchor_pseudo_edge,calendar_month,False,1878,19.75084769480966,17.34652360493298,20260827
permuted_anchor_pseudo_edge,calendar_month,False,1879,17.075081464378982,17.34652360493298,20260827
permuted_anchor_pseudo_edge,calendar_month,False,1880,19.43830407309281,17.34652360493298,20260827
permuted_anchor_pseudo_edge,calendar_month,False,1881,11.85606277449636,17.34652360493298,20260827
permuted_anchor_pseudo_edge,calendar_month,False,1882,12.439220223436354,17.34652360493298,20260827
permuted_anchor_pseudo_edge,calendar_month,False,1883,16.82750275822554,17.34652360493298,20260827
permuted_anchor_pseudo_edge,calendar_month,False,1884,16.718837278856604,17.34652360493298,20260827
permuted_anchor_pseudo_edge,calendar_month,False,1885,12.15479329313883,17.34652360493298,20260827
permuted_anchor_pseudo_edge,calendar_month,False,1886,15.17958104310366,17.34652360493298,20260827
permuted_anchor_pseudo_edge,calendar_month,False,1887,15.080131085371892,17.34652360493298,20260827
permuted_anchor_pseudo_edge,calendar_month,False,1888,15.097660960450332,17.34652360493298,20260827
permuted_anchor_pseudo_edge,calendar_month,False,1889,16.42791975823727,17.34652360493298,20260827
permuted_anchor_pseudo_edge,calendar_month,False,1890,15.273357369707213,17.34652360493298,20260827
permuted_anchor_pseudo_edge,calendar_month,False,1891,18.839012458471956,17.34652360493298,20260827
permuted_anchor_pseudo_edge,calendar_month,False,1892,12.005334806781368,17.34652360493298,20260827
permuted_anchor_pseudo_edge,calendar_month,False,1893,16.621999640695538,17.34652360493298,20260827
permuted_anchor_pseudo_edge,calendar_month,False,1894,21.953193126191113,17.34652360493298,20260827
permuted_anchor_pseudo_edge,calendar_month,False,1895,19.566146569127273,17.34652360493298,20260827
permuted_anchor_pseudo_edge,calendar_month,False,1896,13.387310311613046,17.34652360493298,20260827
permuted_anchor_pseudo_edge,calendar_month,False,1897,19.045356332358292,17.34652360493298,20260827
permuted_anchor_pseudo_edge,calendar_month,False,1898,14.836974171602947,17.34652360493298,20260827
permuted_anchor_pseudo_edge,calendar_month,False,1899,15.546561181040857,17.34652360493298,20260827
permuted_anchor_pseudo_edge,calendar_month,False,1900,17.455294947422516,17.34652360493298,20260827
permuted_anchor_pseudo_edge,calendar_month,False,1901,19.813419180871264,17.34652360493298,20260827
permuted_anchor_pseudo_edge,calendar_month,False,1902,19.693839324967986,17.34652360493298,20260827
permuted_anchor_pseudo_edge,calendar_month,False,1903,15.8788070594264,17.34652360493298,20260827
permuted_anchor_pseudo_edge,calendar_month,False,1904,18.51885841192223,17.34652360493298,20260827
permuted_anchor_pseudo_edge,calendar_month,False,1905,13.862318787685043,17.34652360493298,20260827
permuted_anchor_pseudo_edge,calendar_month,False,1906,22.37041730652715,17.34652360493298,20260827
permuted_anchor_pseudo_edge,calendar_month,False,1907,17.059205669675993,17.34652360493298,20260827
permuted_anchor_pseudo_edge,calendar_month,False,1908,22.165013292075542,17.34652360493298,20260827
permuted_anchor_pseudo_edge,calendar_month,False,1909,15.87959620458355,17.34652360493298,20260827
permuted_anchor_pseudo_edge,calendar_month,False,1910,10.309152471928389,17.34652360493298,20260827
permuted_anchor_pseudo_edge,calendar_month,False,1911,19.901521514371115,17.34652360493298,20260827
permuted_anchor_pseudo_edge,calendar_month,False,1912,12.938806431585107,17.34652360493298,20260827
permuted_anchor_pseudo_edge,calendar_month,False,1913,18.705903406155212,17.34652360493298,20260827
permuted_anchor_pseudo_edge,calendar_month,False,1914,18.720541271422793,17.34652360493298,20260827
permuted_anchor_pseudo_edge,calendar_month,False,1915,16.538010710299776,17.34652360493298,20260827
permuted_anchor_pseudo_edge,calendar_month,False,1916,18.88896739717927,17.34652360493298,20260827
permuted_anchor_pseudo_edge,calendar_month,False,1917,19.181790566150227,17.34652360493298,20260827
permuted_anchor_pseudo_edge,calendar_month,False,1918,20.027259246680156,17.34652360493298,20260827
permuted_anchor_pseudo_edge,calendar_month,False,1919,14.704348910663537,17.34652360493298,20260827
permuted_anchor_pseudo_edge,calendar_month,False,1920,14.392516453061738,17.34652360493298,20260827
permuted_anchor_pseudo_edge,calendar_month,False,1921,17.898225179349893,17.34652360493298,20260827
permuted_anchor_pseudo_edge,calendar_month,False,1922,18.372105102912712,17.34652360493298,20260827
permuted_anchor_pseudo_edge,calendar_month,False,1923,14.907869618543119,17.34652360493298,20260827
permuted_anchor_pseudo_edge,calendar_month,False,1924,12.81499751780761,17.34652360493298,20260827
permuted_anchor_pseudo_edge,calendar_month,False,1925,15.768193929891044,17.34652360493298,20260827
permuted_anchor_pseudo_edge,calendar_month,False,1926,15.560860277730464,17.34652360493298,20260827
permuted_anchor_pseudo_edge,calendar_month,False,1927,15.696137715069575,17.34652360493298,20260827
permuted_anchor_pseudo_edge,calendar_month,False,1928,16.911127998525657,17.34652360493298,20260827
permuted_anchor_pseudo_edge,calendar_month,False,1929,16.13524737796249,17.34652360493298,20260827
permuted_anchor_pseudo_edge,calendar_month,False,1930,13.625698933122893,17.34652360493298,20260827
permuted_anchor_pseudo_edge,calendar_month,False,1931,18.206390816828055,17.34652360493298,20260827
permuted_anchor_pseudo_edge,calendar_month,False,1932,17.397518336718175,17.34652360493298,20260827
permuted_anchor_pseudo_edge,calendar_month,False,1933,16.431289744611444,17.34652360493298,20260827
permuted_anchor_pseudo_edge,calendar_month,False,1934,22.545824811880287,17.34652360493298,20260827
permuted_anchor_pseudo_edge,calendar_month,False,1935,11.566638000639635,17.34652360493298,20260827
permuted_anchor_pseudo_edge,calendar_month,False,1936,13.282312270355877,17.34652360493298,20260827
permuted_anchor_pseudo_edge,calendar_month,False,1937,15.203107238752198,17.34652360493298,20260827
permuted_anchor_pseudo_edge,calendar_month,False,1938,21.188143452429316,17.34652360493298,20260827
permuted_anchor_pseudo_edge,calendar_month,False,1939,19.922478261438687,17.34652360493298,20260827
permuted_anchor_pseudo_edge,calendar_month,False,1940,12.44119698196326,17.34652360493298,20260827
permuted_anchor_pseudo_edge,calendar_month,False,1941,23.22024061451758,17.34652360493298,20260827
permuted_anchor_pseudo_edge,calendar_month,False,1942,15.423212574985953,17.34652360493298,20260827
permuted_anchor_pseudo_edge,calendar_month,False,1943,20.491893267824185,17.34652360493298,20260827
permuted_anchor_pseudo_edge,calendar_month,False,1944,16.798684532711317,17.34652360493298,20260827
permuted_anchor_pseudo_edge,calendar_month,False,1945,9.350687845399518,17.34652360493298,20260827
permuted_anchor_pseudo_edge,calendar_month,False,1946,22.58167827522225,17.34652360493298,20260827
permuted_anchor_pseudo_edge,calendar_month,False,1947,13.830016762760142,17.34652360493298,20260827
permuted_anchor_pseudo_edge,calendar_month,False,1948,13.289662380569228,17.34652360493298,20260827
permuted_anchor_pseudo_edge,calendar_month,False,1949,10.525467604988588,17.34652360493298,20260827
permuted_anchor_pseudo_edge,calendar_month,False,1950,12.469783683618509,17.34652360493298,20260827
permuted_anchor_pseudo_edge,calendar_month,False,1951,21.45608437937617,17.34652360493298,20260827
permuted_anchor_pseudo_edge,calendar_month,False,1952,10.45069241078784,17.34652360493298,20260827
permuted_anchor_pseudo_edge,calendar_month,False,1953,13.960687143676548,17.34652360493298,20260827
permuted_anchor_pseudo_edge,calendar_month,False,1954,14.011718976709528,17.34652360493298,20260827
permuted_anchor_pseudo_edge,calendar_month,False,1955,17.77258679281947,17.34652360493298,20260827
permuted_anchor_pseudo_edge,calendar_month,False,1956,13.301448184323894,17.34652360493298,20260827
permuted_anchor_pseudo_edge,calendar_month,False,1957,17.182010751400064,17.34652360493298,20260827
permuted_anchor_pseudo_edge,calendar_month,False,1958,14.580886330669518,17.34652360493298,20260827
permuted_anchor_pseudo_edge,calendar_month,False,1959,18.310060111105457,17.34652360493298,20260827
permuted_anchor_pseudo_edge,calendar_month,False,1960,15.784201842256548,17.34652360493298,20260827
permuted_anchor_pseudo_edge,calendar_month,False,1961,14.357212544525302,17.34652360493298,20260827
permuted_anchor_pseudo_edge,calendar_month,False,1962,12.32492478529555,17.34652360493298,20260827
permuted_anchor_pseudo_edge,calendar_month,False,1963,15.846042881024013,17.34652360493298,20260827
permuted_anchor_pseudo_edge,calendar_month,False,1964,16.846660736246925,17.34652360493298,20260827
permuted_anchor_pseudo_edge,calendar_month,False,1965,13.453112947470913,17.34652360493298,20260827
permuted_anchor_pseudo_edge,calendar_month,False,1966,16.012904797648833,17.34652360493298,20260827
permuted_anchor_pseudo_edge,calendar_month,False,1967,13.464395780010314,17.34652360493298,20260827
permuted_anchor_pseudo_edge,calendar_month,False,1968,21.457394510215995,17.34652360493298,20260827
permuted_anchor_pseudo_edge,calendar_month,False,1969,13.038938645793472,17.34652360493298,20260827
permuted_anchor_pseudo_edge,calendar_month,False,1970,12.129837979981804,17.34652360493298,20260827
permuted_anchor_pseudo_edge,calendar_month,False,1971,15.393591859866016,17.34652360493298,20260827
permuted_anchor_pseudo_edge,calendar_month,False,1972,11.337195609436273,17.34652360493298,20260827
permuted_anchor_pseudo_edge,calendar_month,False,1973,12.984107375966225,17.34652360493298,20260827
permuted_anchor_pseudo_edge,calendar_month,False,1974,15.198018360866897,17.34652360493298,20260827
permuted_anchor_pseudo_edge,calendar_month,False,1975,18.93618054197316,17.34652360493298,20260827
permuted_anchor_pseudo_edge,calendar_month,False,1976,18.050700285134774,17.34652360493298,20260827
permuted_anchor_pseudo_edge,calendar_month,False,1977,16.247616104982644,17.34652360493298,20260827
permuted_anchor_pseudo_edge,calendar_month,False,1978,17.744665417365997,17.34652360493298,20260827
permuted_anchor_pseudo_edge,calendar_month,False,1979,22.193226053764,17.34652360493298,20260827
permuted_anchor_pseudo_edge,calendar_month,False,1980,15.607609131044805,17.34652360493298,20260827
permuted_anchor_pseudo_edge,calendar_month,False,1981,17.42569204632085,17.34652360493298,20260827
permuted_anchor_pseudo_edge,calendar_month,False,1982,19.592442659417728,17.34652360493298,20260827
permuted_anchor_pseudo_edge,calendar_month,False,1983,14.114477044382562,17.34652360493298,20260827
permuted_anchor_pseudo_edge,calendar_month,False,1984,19.551137848737984,17.34652360493298,20260827
permuted_anchor_pseudo_edge,calendar_month,False,1985,14.859656622664307,17.34652360493298,20260827
permuted_anchor_pseudo_edge,calendar_month,False,1986,15.345287191194881,17.34652360493298,20260827
permuted_anchor_pseudo_edge,calendar_month,False,1987,20.511018476765415,17.34652360493298,20260827
permuted_anchor_pseudo_edge,calendar_month,False,1988,12.579737554088547,17.34652360493298,20260827
permuted_anchor_pseudo_edge,calendar_month,False,1989,20.356916780059393,17.34652360493298,20260827
permuted_anchor_pseudo_edge,calendar_month,False,1990,21.536447082489314,17.34652360493298,20260827
permuted_anchor_pseudo_edge,calendar_month,False,1991,16.49913820774155,17.34652360493298,20260827
permuted_anchor_pseudo_edge,calendar_month,False,1992,12.459121012820457,17.34652360493298,20260827
permuted_anchor_pseudo_edge,calendar_month,False,1993,17.50590343224949,17.34652360493298,20260827
permuted_anchor_pseudo_edge,calendar_month,False,1994,16.589132464343272,17.34652360493298,20260827
permuted_anchor_pseudo_edge,calendar_month,False,1995,15.044318519789668,17.34652360493298,20260827
permuted_anchor_pseudo_edge,calendar_month,False,1996,19.164451755582267,17.34652360493298,20260827
permuted_anchor_pseudo_edge,calendar_month,False,1997,14.309561211711003,17.34652360493298,20260827
permuted_anchor_pseudo_edge,calendar_month,False,1998,19.386567213480777,17.34652360493298,20260827
permuted_anchor_pseudo_edge,calendar_month,False,1999,14.605508880572554,17.34652360493298,20260827
permuted_anchor_pseudo_edge,calendar_month,False,2000,17.29567327656784,17.34652360493298,20260827
permuted_anchor_pseudo_edge,unstratified,False,1,20.147303073969088,17.34652360493298,20260827
permuted_anchor_pseudo_edge,unstratified,False,2,21.310727281133776,17.34652360493298,20260827
permuted_anchor_pseudo_edge,unstratified,False,3,16.362153223789807,17.34652360493298,20260827
permuted_anchor_pseudo_edge,unstratified,False,4,25.563049198067382,17.34652360493298,20260827
permuted_anchor_pseudo_edge,unstratified,False,5,13.734445296979109,17.34652360493298,20260827
permuted_anchor_pseudo_edge,unstratified,False,6,8.318525452686075,17.34652360493298,20260827
permuted_anchor_pseudo_edge,unstratified,False,7,15.407356024176055,17.34652360493298,20260827
permuted_anchor_pseudo_edge,unstratified,False,8,14.397403899795776,17.34652360493298,20260827
permuted_anchor_pseudo_edge,unstratified,False,9,19.194141753471158,17.34652360493298,20260827
permuted_anchor_pseudo_edge,unstratified,False,10,16.019961319088246,17.34652360493298,20260827
permuted_anchor_pseudo_edge,unstratified,False,11,13.993529501471928,17.34652360493298,20260827
permuted_anchor_pseudo_edge,unstratified,False,12,23.058400343440848,17.34652360493298,20260827
permuted_anchor_pseudo_edge,unstratified,False,13,18.162895453578003,17.34652360493298,20260827
permuted_anchor_pseudo_edge,unstratified,False,14,12.092580766637779,17.34652360493298,20260827
permuted_anchor_pseudo_edge,unstratified,False,15,13.094878755506912,17.34652360493298,20260827
permuted_anchor_pseudo_edge,unstratified,False,16,22.2864175270144,17.34652360493298,20260827
permuted_anchor_pseudo_edge,unstratified,False,17,11.18053808136849,17.34652360493298,20260827
permuted_anchor_pseudo_edge,unstratified,False,18,15.292130738188344,17.34652360493298,20260827
permuted_anchor_pseudo_edge,unstratified,False,19,15.196402442156721,17.34652360493298,20260827
permuted_anchor_pseudo_edge,unstratified,False,20,18.924555042273322,17.34652360493298,20260827
permuted_anchor_pseudo_edge,unstratified,False,21,15.108247758305643,17.34652360493298,20260827
permuted_anchor_pseudo_edge,unstratified,False,22,13.363140599256463,17.34652360493298,20260827
permuted_anchor_pseudo_edge,unstratified,False,23,21.188052111664522,17.34652360493298,20260827
permuted_anchor_pseudo_edge,unstratified,False,24,14.472253020056392,17.34652360493298,20260827
permuted_anchor_pseudo_edge,unstratified,False,25,12.34949172832173,17.34652360493298,20260827
permuted_anchor_pseudo_edge,unstratified,False,26,14.026539244760652,17.34652360493298,20260827
permuted_anchor_pseudo_edge,unstratified,False,27,20.00296227725012,17.34652360493298,20260827
permuted_anchor_pseudo_edge,unstratified,False,28,10.502796446281229,17.34652360493298,20260827
permuted_anchor_pseudo_edge,unstratified,False,29,10.828143782968333,17.34652360493298,20260827
permuted_anchor_pseudo_edge,unstratified,False,30,9.988051160039616,17.34652360493298,20260827
permuted_anchor_pseudo_edge,unstratified,False,31,12.129599425137899,17.34652360493298,20260827
permuted_anchor_pseudo_edge,unstratified,False,32,14.11721116232981,17.34652360493298,20260827
permuted_anchor_pseudo_edge,unstratified,False,33,17.252909605302627,17.34652360493298,20260827
permuted_anchor_pseudo_edge,unstratified,False,34,16.14946545262579,17.34652360493298,20260827
permuted_anchor_pseudo_edge,unstratified,False,35,17.93833327380661,17.34652360493298,20260827
permuted_anchor_pseudo_edge,unstratified,False,36,13.800234419953197,17.34652360493298,20260827
permuted_anchor_pseudo_edge,unstratified,False,37,22.27245975732936,17.34652360493298,20260827
permuted_anchor_pseudo_edge,unstratified,False,38,8.612884884250963,17.34652360493298,20260827
permuted_anchor_pseudo_edge,unstratified,False,39,16.35743065991765,17.34652360493298,20260827
permuted_anchor_pseudo_edge,unstratified,False,40,13.549551624064376,17.34652360493298,20260827
permuted_anchor_pseudo_edge,unstratified,False,41,12.172049524196439,17.34652360493298,20260827
permuted_anchor_pseudo_edge,unstratified,False,42,19.080305222113626,17.34652360493298,20260827
permuted_anchor_pseudo_edge,unstratified,False,43,20.469430604285947,17.34652360493298,20260827
permuted_anchor_pseudo_edge,unstratified,False,44,9.649767427356519,17.34652360493298,20260827
permuted_anchor_pseudo_edge,unstratified,False,45,13.123442756309823,17.34652360493298,20260827
permuted_anchor_pseudo_edge,unstratified,False,46,18.42350259237272,17.34652360493298,20260827
permuted_anchor_pseudo_edge,unstratified,False,47,15.71110914437642,17.34652360493298,20260827
permuted_anchor_pseudo_edge,unstratified,False,48,20.835575488890175,17.34652360493298,20260827
permuted_anchor_pseudo_edge,unstratified,False,49,10.73266023268511,17.34652360493298,20260827
permuted_anchor_pseudo_edge,unstratified,False,50,12.12906703950886,17.34652360493298,20260827
permuted_anchor_pseudo_edge,unstratified,False,51,14.836004800299808,17.34652360493298,20260827
permuted_anchor_pseudo_edge,unstratified,False,52,21.5442680289475,17.34652360493298,20260827
permuted_anchor_pseudo_edge,unstratified,False,53,13.648928634173386,17.34652360493298,20260827
permuted_anchor_pseudo_edge,unstratified,False,54,16.404122668925712,17.34652360493298,20260827
permuted_anchor_pseudo_edge,unstratified,False,55,10.97993381800462,17.34652360493298,20260827
permuted_anchor_pseudo_edge,unstratified,False,56,17.427862041783946,17.34652360493298,20260827
permuted_anchor_pseudo_edge,unstratified,False,57,21.30739367406867,17.34652360493298,20260827
permuted_anchor_pseudo_edge,unstratified,False,58,15.87142454570339,17.34652360493298,20260827
permuted_anchor_pseudo_edge,unstratified,False,59,18.880347100275102,17.34652360493298,20260827
permuted_anchor_pseudo_edge,unstratified,False,60,12.255586865262087,17.34652360493298,20260827
permuted_anchor_pseudo_edge,unstratified,False,61,19.806832427265373,17.34652360493298,20260827
permuted_anchor_pseudo_edge,unstratified,False,62,21.82306821443408,17.34652360493298,20260827
permuted_anchor_pseudo_edge,unstratified,False,63,14.612763729440308,17.34652360493298,20260827
permuted_anchor_pseudo_edge,unstratified,False,64,16.95533548849605,17.34652360493298,20260827
permuted_anchor_pseudo_edge,unstratified,False,65,15.108799627571365,17.34652360493298,20260827
permuted_anchor_pseudo_edge,unstratified,False,66,15.182895720832493,17.34652360493298,20260827
permuted_anchor_pseudo_edge,unstratified,False,67,13.526424633162915,17.34652360493298,20260827
permuted_anchor_pseudo_edge,unstratified,False,68,13.336661970947636,17.34652360493298,20260827
permuted_anchor_pseudo_edge,unstratified,False,69,20.779902622108178,17.34652360493298,20260827
permuted_anchor_pseudo_edge,unstratified,False,70,11.4721651300599,17.34652360493298,20260827
permuted_anchor_pseudo_edge,unstratified,False,71,14.319997734160486,17.34652360493298,20260827
permuted_anchor_pseudo_edge,unstratified,False,72,15.571970011693043,17.34652360493298,20260827
permuted_anchor_pseudo_edge,unstratified,False,73,13.576343370202308,17.34652360493298,20260827
permuted_anchor_pseudo_edge,unstratified,False,74,13.359799087231256,17.34652360493298,20260827
permuted_anchor_pseudo_edge,unstratified,False,75,15.189880861208316,17.34652360493298,20260827
permuted_anchor_pseudo_edge,unstratified,False,76,15.58050519508884,17.34652360493298,20260827
permuted_anchor_pseudo_edge,unstratified,False,77,13.840335888561043,17.34652360493298,20260827
permuted_anchor_pseudo_edge,unstratified,False,78,19.119026060858054,17.34652360493298,20260827
permuted_anchor_pseudo_edge,unstratified,False,79,18.340010312916988,17.34652360493298,20260827
permuted_anchor_pseudo_edge,unstratified,False,80,13.170990778752675,17.34652360493298,20260827
permuted_anchor_pseudo_edge,unstratified,False,81,19.22125661915913,17.34652360493298,20260827
permuted_anchor_pseudo_edge,unstratified,False,82,14.076846256932681,17.34652360493298,20260827
permuted_anchor_pseudo_edge,unstratified,False,83,14.935573297571183,17.34652360493298,20260827
permuted_anchor_pseudo_edge,unstratified,False,84,12.182573635941564,17.34652360493298,20260827
permuted_anchor_pseudo_edge,unstratified,False,85,18.46871707704944,17.34652360493298,20260827
permuted_anchor_pseudo_edge,unstratified,False,86,16.362945311813856,17.34652360493298,20260827
permuted_anchor_pseudo_edge,unstratified,False,87,22.274641302895684,17.34652360493298,20260827
permuted_anchor_pseudo_edge,unstratified,False,88,9.787781923287875,17.34652360493298,20260827
permuted_anchor_pseudo_edge,unstratified,False,89,26.50978393196357,17.34652360493298,20260827
permuted_anchor_pseudo_edge,unstratified,False,90,17.36634264041892,17.34652360493298,20260827
permuted_anchor_pseudo_edge,unstratified,False,91,13.853449731499998,17.34652360493298,20260827
permuted_anchor_pseudo_edge,unstratified,False,92,14.121928108127078,17.34652360493298,20260827
permuted_anchor_pseudo_edge,unstratified,False,93,18.98381664923102,17.34652360493298,20260827
permuted_anchor_pseudo_edge,unstratified,False,94,23.157719466036372,17.34652360493298,20260827
permuted_anchor_pseudo_edge,unstratified,False,95,12.477359122018681,17.34652360493298,20260827
permuted_anchor_pseudo_edge,unstratified,False,96,17.93602861618815,17.34652360493298,20260827
permuted_anchor_pseudo_edge,unstratified,False,97,13.19663878040595,17.34652360493298,20260827
permuted_anchor_pseudo_edge,unstratified,False,98,21.812756994819022,17.34652360493298,20260827
permuted_anchor_pseudo_edge,unstratified,False,99,21.17759012960878,17.34652360493298,20260827
permuted_anchor_pseudo_edge,unstratified,False,100,17.688860060243197,17.34652360493298,20260827
permuted_anchor_pseudo_edge,unstratified,False,101,11.14211220174013,17.34652360493298,20260827
permuted_anchor_pseudo_edge,unstratified,False,102,19.019060546065127,17.34652360493298,20260827
permuted_anchor_pseudo_edge,unstratified,False,103,18.100583113706318,17.34652360493298,20260827
permuted_anchor_pseudo_edge,unstratified,False,104,16.937512208965643,17.34652360493298,20260827
permuted_anchor_pseudo_edge,unstratified,False,105,15.141317063534004,17.34652360493298,20260827
permuted_anchor_pseudo_edge,unstratified,False,106,18.049007394015643,17.34652360493298,20260827
permuted_anchor_pseudo_edge,unstratified,False,107,14.045499345081497,17.34652360493298,20260827
permuted_anchor_pseudo_edge,unstratified,False,108,11.636415024536742,17.34652360493298,20260827
permuted_anchor_pseudo_edge,unstratified,False,109,14.243915625580145,17.34652360493298,20260827
permuted_anchor_pseudo_edge,unstratified,False,110,15.262056648721007,17.34652360493298,20260827
permuted_anchor_pseudo_edge,unstratified,False,111,11.30498787354759,17.34652360493298,20260827
permuted_anchor_pseudo_edge,unstratified,False,112,16.90891858888745,17.34652360493298,20260827
permuted_anchor_pseudo_edge,unstratified,False,113,12.618697098009257,17.34652360493298,20260827
permuted_anchor_pseudo_edge,unstratified,False,114,17.972857376729003,17.34652360493298,20260827
permuted_anchor_pseudo_edge,unstratified,False,115,17.080520415728955,17.34652360493298,20260827
permuted_anchor_pseudo_edge,unstratified,False,116,9.176631656628727,17.34652360493298,20260827
permuted_anchor_pseudo_edge,unstratified,False,117,16.357690546733757,17.34652360493298,20260827
permuted_anchor_pseudo_edge,unstratified,False,118,18.605059645093043,17.34652360493298,20260827
permuted_anchor_pseudo_edge,unstratified,False,119,13.704769879782594,17.34652360493298,20260827
permuted_anchor_pseudo_edge,unstratified,False,120,17.11547455732755,17.34652360493298,20260827
permuted_anchor_pseudo_edge,unstratified,False,121,13.364938000154055,17.34652360493298,20260827
permuted_anchor_pseudo_edge,unstratified,False,122,15.423865348729374,17.34652360493298,20260827
permuted_anchor_pseudo_edge,unstratified,False,123,9.596339476075636,17.34652360493298,20260827
permuted_anchor_pseudo_edge,unstratified,False,124,15.10006916344322,17.34652360493298,20260827
permuted_anchor_pseudo_edge,unstratified,False,125,17.604701000593415,17.34652360493298,20260827
permuted_anchor_pseudo_edge,unstratified,False,126,15.127036537424148,17.34652360493298,20260827
permuted_anchor_pseudo_edge,unstratified,False,127,14.402927888415906,17.34652360493298,20260827
permuted_anchor_pseudo_edge,unstratified,False,128,12.026674943506592,17.34652360493298,20260827
permuted_anchor_pseudo_edge,unstratified,False,129,12.1926725452058,17.34652360493298,20260827
permuted_anchor_pseudo_edge,unstratified,False,130,19.206067716055923,17.34652360493298,20260827
permuted_anchor_pseudo_edge,unstratified,False,131,20.360252603079484,17.34652360493298,20260827
permuted_anchor_pseudo_edge,unstratified,False,132,16.34598019310383,17.34652360493298,20260827
permuted_anchor_pseudo_edge,unstratified,False,133,22.965093370402666,17.34652360493298,20260827
permuted_anchor_pseudo_edge,unstratified,False,134,15.15004234192285,17.34652360493298,20260827
permuted_anchor_pseudo_edge,unstratified,False,135,9.916690107145635,17.34652360493298,20260827
permuted_anchor_pseudo_edge,unstratified,False,136,19.089200078178447,17.34652360493298,20260827
permuted_anchor_pseudo_edge,unstratified,False,137,19.296256379779816,17.34652360493298,20260827
permuted_anchor_pseudo_edge,unstratified,False,138,16.226908653500068,17.34652360493298,20260827
permuted_anchor_pseudo_edge,unstratified,False,139,15.299211411634595,17.34652360493298,20260827
permuted_anchor_pseudo_edge,unstratified,False,140,17.953778478113595,17.34652360493298,20260827
permuted_anchor_pseudo_edge,unstratified,False,141,14.007230407625926,17.34652360493298,20260827
permuted_anchor_pseudo_edge,unstratified,False,142,17.32347357904011,17.34652360493298,20260827
permuted_anchor_pseudo_edge,unstratified,False,143,12.621084413919585,17.34652360493298,20260827
permuted_anchor_pseudo_edge,unstratified,False,144,16.53421434478962,17.34652360493298,20260827
permuted_anchor_pseudo_edge,unstratified,False,145,18.76280891426424,17.34652360493298,20260827
permuted_anchor_pseudo_edge,unstratified,False,146,22.97598710760078,17.34652360493298,20260827
permuted_anchor_pseudo_edge,unstratified,False,147,17.46599572743049,17.34652360493298,20260827
permuted_anchor_pseudo_edge,unstratified,False,148,17.001394093477774,17.34652360493298,20260827
permuted_anchor_pseudo_edge,unstratified,False,149,25.38736959821804,17.34652360493298,20260827
permuted_anchor_pseudo_edge,unstratified,False,150,6.42620003262145,17.34652360493298,20260827
permuted_anchor_pseudo_edge,unstratified,False,151,13.657848016462218,17.34652360493298,20260827
permuted_anchor_pseudo_edge,unstratified,False,152,25.195043281721958,17.34652360493298,20260827
permuted_anchor_pseudo_edge,unstratified,False,153,14.482666272011091,17.34652360493298,20260827
permuted_anchor_pseudo_edge,unstratified,False,154,14.381666659351897,17.34652360493298,20260827
permuted_anchor_pseudo_edge,unstratified,False,155,23.029277804070485,17.34652360493298,20260827
permuted_anchor_pseudo_edge,unstratified,False,156,11.476521552183584,17.34652360493298,20260827
permuted_anchor_pseudo_edge,unstratified,False,157,23.646851050257293,17.34652360493298,20260827
permuted_anchor_pseudo_edge,unstratified,False,158,21.04085933536034,17.34652360493298,20260827
permuted_anchor_pseudo_edge,unstratified,False,159,18.149420533719454,17.34652360493298,20260827
permuted_anchor_pseudo_edge,unstratified,False,160,21.774133189868365,17.34652360493298,20260827
permuted_anchor_pseudo_edge,unstratified,False,161,15.446355229237199,17.34652360493298,20260827
permuted_anchor_pseudo_edge,unstratified,False,162,19.63269153148017,17.34652360493298,20260827
permuted_anchor_pseudo_edge,unstratified,False,163,20.565178948103565,17.34652360493298,20260827
permuted_anchor_pseudo_edge,unstratified,False,164,10.571118890599053,17.34652360493298,20260827
permuted_anchor_pseudo_edge,unstratified,False,165,13.751585345158867,17.34652360493298,20260827
permuted_anchor_pseudo_edge,unstratified,False,166,20.450876659480286,17.34652360493298,20260827
permuted_anchor_pseudo_edge,unstratified,False,167,12.353778693882465,17.34652360493298,20260827
permuted_anchor_pseudo_edge,unstratified,False,168,23.723333098000833,17.34652360493298,20260827
permuted_anchor_pseudo_edge,unstratified,False,169,21.429038788397463,17.34652360493298,20260827
permuted_anchor_pseudo_edge,unstratified,False,170,8.20244773989758,17.34652360493298,20260827
permuted_anchor_pseudo_edge,unstratified,False,171,12.569724003932157,17.34652360493298,20260827
permuted_anchor_pseudo_edge,unstratified,False,172,18.135667376022013,17.34652360493298,20260827
permuted_anchor_pseudo_edge,unstratified,False,173,16.142058450572584,17.34652360493298,20260827
permuted_anchor_pseudo_edge,unstratified,False,174,20.860135058891398,17.34652360493298,20260827
permuted_anchor_pseudo_edge,unstratified,False,175,13.775900212181769,17.34652360493298,20260827
permuted_anchor_pseudo_edge,unstratified,False,176,11.751539210809327,17.34652360493298,20260827
permuted_anchor_pseudo_edge,unstratified,False,177,23.6677791054745,17.34652360493298,20260827
permuted_anchor_pseudo_edge,unstratified,False,178,17.704013038766373,17.34652360493298,20260827
permuted_anchor_pseudo_edge,unstratified,False,179,15.538955430835044,17.34652360493298,20260827
permuted_anchor_pseudo_edge,unstratified,False,180,18.49737626976227,17.34652360493298,20260827
permuted_anchor_pseudo_edge,unstratified,False,181,12.090655258429003,17.34652360493298,20260827
permuted_anchor_pseudo_edge,unstratified,False,182,12.14198107980157,17.34652360493298,20260827
permuted_anchor_pseudo_edge,unstratified,False,183,17.440847588096943,17.34652360493298,20260827
permuted_anchor_pseudo_edge,unstratified,False,184,12.644420854543839,17.34652360493298,20260827
permuted_anchor_pseudo_edge,unstratified,False,185,14.093802537969477,17.34652360493298,20260827
permuted_anchor_pseudo_edge,unstratified,False,186,21.041407641873576,17.34652360493298,20260827
permuted_anchor_pseudo_edge,unstratified,False,187,22.004415947804837,17.34652360493298,20260827
permuted_anchor_pseudo_edge,unstratified,False,188,20.573853833019566,17.34652360493298,20260827
permuted_anchor_pseudo_edge,unstratified,False,189,20.56061000539465,17.34652360493298,20260827
permuted_anchor_pseudo_edge,unstratified,False,190,19.883383781086213,17.34652360493298,20260827
permuted_anchor_pseudo_edge,unstratified,False,191,17.14498710695981,17.34652360493298,20260827
permuted_anchor_pseudo_edge,unstratified,False,192,17.484128673837716,17.34652360493298,20260827
permuted_anchor_pseudo_edge,unstratified,False,193,16.778207237838703,17.34652360493298,20260827
permuted_anchor_pseudo_edge,unstratified,False,194,20.337942293408478,17.34652360493298,20260827
permuted_anchor_pseudo_edge,unstratified,False,195,14.959455925343615,17.34652360493298,20260827
permuted_anchor_pseudo_edge,unstratified,False,196,15.433504231844598,17.34652360493298,20260827
permuted_anchor_pseudo_edge,unstratified,False,197,15.784045573150394,17.34652360493298,20260827
permuted_anchor_pseudo_edge,unstratified,False,198,12.92780002410862,17.34652360493298,20260827
permuted_anchor_pseudo_edge,unstratified,False,199,13.955405926578143,17.34652360493298,20260827
permuted_anchor_pseudo_edge,unstratified,False,200,12.576906277116848,17.34652360493298,20260827
permuted_anchor_pseudo_edge,unstratified,False,201,16.43044926654999,17.34652360493298,20260827
permuted_anchor_pseudo_edge,unstratified,False,202,21.86060602684561,17.34652360493298,20260827
permuted_anchor_pseudo_edge,unstratified,False,203,16.59883827605443,17.34652360493298,20260827
permuted_anchor_pseudo_edge,unstratified,False,204,12.87344366004507,17.34652360493298,20260827
permuted_anchor_pseudo_edge,unstratified,False,205,16.738842628393723,17.34652360493298,20260827
permuted_anchor_pseudo_edge,unstratified,False,206,19.276073387712156,17.34652360493298,20260827
permuted_anchor_pseudo_edge,unstratified,False,207,17.629964490809304,17.34652360493298,20260827
permuted_anchor_pseudo_edge,unstratified,False,208,20.650673908809207,17.34652360493298,20260827
permuted_anchor_pseudo_edge,unstratified,False,209,18.137604844232126,17.34652360493298,20260827
permuted_anchor_pseudo_edge,unstratified,False,210,20.965169939291076,17.34652360493298,20260827
permuted_anchor_pseudo_edge,unstratified,False,211,14.224946309355529,17.34652360493298,20260827
permuted_anchor_pseudo_edge,unstratified,False,212,17.613595833928947,17.34652360493298,20260827
permuted_anchor_pseudo_edge,unstratified,False,213,20.237140944374236,17.34652360493298,20260827
permuted_anchor_pseudo_edge,unstratified,False,214,22.560442603908562,17.34652360493298,20260827
permuted_anchor_pseudo_edge,unstratified,False,215,19.934031655283754,17.34652360493298,20260827
permuted_anchor_pseudo_edge,unstratified,False,216,15.640926379772516,17.34652360493298,20260827
permuted_anchor_pseudo_edge,unstratified,False,217,13.892689783582018,17.34652360493298,20260827
permuted_anchor_pseudo_edge,unstratified,False,218,14.39568599788007,17.34652360493298,20260827
permuted_anchor_pseudo_edge,unstratified,False,219,12.50097755011081,17.34652360493298,20260827
permuted_anchor_pseudo_edge,unstratified,False,220,10.672200117718608,17.34652360493298,20260827
permuted_anchor_pseudo_edge,unstratified,False,221,22.628098107460662,17.34652360493298,20260827
permuted_anchor_pseudo_edge,unstratified,False,222,23.122822087371496,17.34652360493298,20260827
permuted_anchor_pseudo_edge,unstratified,False,223,20.66830576383088,17.34652360493298,20260827
permuted_anchor_pseudo_edge,unstratified,False,224,16.105516156544457,17.34652360493298,20260827
permuted_anchor_pseudo_edge,unstratified,False,225,12.115904492854016,17.34652360493298,20260827
permuted_anchor_pseudo_edge,unstratified,False,226,17.561899281592083,17.34652360493298,20260827
permuted_anchor_pseudo_edge,unstratified,False,227,15.964650558339223,17.34652360493298,20260827
permuted_anchor_pseudo_edge,unstratified,False,228,10.712422476483168,17.34652360493298,20260827
permuted_anchor_pseudo_edge,unstratified,False,229,15.969281492514803,17.34652360493298,20260827
permuted_anchor_pseudo_edge,unstratified,False,230,14.348745589977804,17.34652360493298,20260827
permuted_anchor_pseudo_edge,unstratified,False,231,16.720956708696086,17.34652360493298,20260827
permuted_anchor_pseudo_edge,unstratified,False,232,17.244543376431448,17.34652360493298,20260827
permuted_anchor_pseudo_edge,unstratified,False,233,18.27995588860463,17.34652360493298,20260827
permuted_anchor_pseudo_edge,unstratified,False,234,14.057071340457613,17.34652360493298,20260827
permuted_anchor_pseudo_edge,unstratified,False,235,20.87896684848674,17.34652360493298,20260827
permuted_anchor_pseudo_edge,unstratified,False,236,18.22392276194963,17.34652360493298,20260827
permuted_anchor_pseudo_edge,unstratified,False,237,20.42075611124222,17.34652360493298,20260827
permuted_anchor_pseudo_edge,unstratified,False,238,20.428762277666603,17.34652360493298,20260827
permuted_anchor_pseudo_edge,unstratified,False,239,10.607700260288548,17.34652360493298,20260827
permuted_anchor_pseudo_edge,unstratified,False,240,20.225415516627685,17.34652360493298,20260827
permuted_anchor_pseudo_edge,unstratified,False,241,15.840060244541323,17.34652360493298,20260827
permuted_anchor_pseudo_edge,unstratified,False,242,16.63387936004776,17.34652360493298,20260827
permuted_anchor_pseudo_edge,unstratified,False,243,13.223046318562638,17.34652360493298,20260827
permuted_anchor_pseudo_edge,unstratified,False,244,20.251683045589104,17.34652360493298,20260827
permuted_anchor_pseudo_edge,unstratified,False,245,19.602868077107154,17.34652360493298,20260827
permuted_anchor_pseudo_edge,unstratified,False,246,12.569203627818485,17.34652360493298,20260827
permuted_anchor_pseudo_edge,unstratified,False,247,17.119399211314796,17.34652360493298,20260827
permuted_anchor_pseudo_edge,unstratified,False,248,21.44890970283949,17.34652360493298,20260827
permuted_anchor_pseudo_edge,unstratified,False,249,12.591691304782332,17.34652360493298,20260827
permuted_anchor_pseudo_edge,unstratified,False,250,20.915307680998584,17.34652360493298,20260827
permuted_anchor_pseudo_edge,unstratified,False,251,12.356554405090177,17.34652360493298,20260827
permuted_anchor_pseudo_edge,unstratified,False,252,17.071522486358482,17.34652360493298,20260827
permuted_anchor_pseudo_edge,unstratified,False,253,15.99823268601431,17.34652360493298,20260827
permuted_anchor_pseudo_edge,unstratified,False,254,16.976681653401123,17.34652360493298,20260827
permuted_anchor_pseudo_edge,unstratified,False,255,19.09752321290298,17.34652360493298,20260827
permuted_anchor_pseudo_edge,unstratified,False,256,18.930473367366336,17.34652360493298,20260827
permuted_anchor_pseudo_edge,unstratified,False,257,17.385145345368958,17.34652360493298,20260827
permuted_anchor_pseudo_edge,unstratified,False,258,18.143458409797702,17.34652360493298,20260827
permuted_anchor_pseudo_edge,unstratified,False,259,20.228915185724222,17.34652360493298,20260827
permuted_anchor_pseudo_edge,unstratified,False,260,15.94244295922666,17.34652360493298,20260827
permuted_anchor_pseudo_edge,unstratified,False,261,15.510143256290911,17.34652360493298,20260827
permuted_anchor_pseudo_edge,unstratified,False,262,15.753796786912675,17.34652360493298,20260827
permuted_anchor_pseudo_edge,unstratified,False,263,20.161576899126267,17.34652360493298,20260827
permuted_anchor_pseudo_edge,unstratified,False,264,12.577655965200702,17.34652360493298,20260827
permuted_anchor_pseudo_edge,unstratified,False,265,12.12299734264867,17.34652360493298,20260827
permuted_anchor_pseudo_edge,unstratified,False,266,20.41186769342631,17.34652360493298,20260827
permuted_anchor_pseudo_edge,unstratified,False,267,13.361588929049306,17.34652360493298,20260827
permuted_anchor_pseudo_edge,unstratified,False,268,19.84622409161753,17.34652360493298,20260827
permuted_anchor_pseudo_edge,unstratified,False,269,12.97659529920715,17.34652360493298,20260827
permuted_anchor_pseudo_edge,unstratified,False,270,18.26647821746152,17.34652360493298,20260827
permuted_anchor_pseudo_edge,unstratified,False,271,16.658032660413806,17.34652360493298,20260827
permuted_anchor_pseudo_edge,unstratified,False,272,17.859238813123117,17.34652360493298,20260827
permuted_anchor_pseudo_edge,unstratified,False,273,18.10997970278002,17.34652360493298,20260827
permuted_anchor_pseudo_edge,unstratified,False,274,12.465417016191308,17.34652360493298,20260827
permuted_anchor_pseudo_edge,unstratified,False,275,14.907132361615558,17.34652360493298,20260827
permuted_anchor_pseudo_edge,unstratified,False,276,13.32870153383809,17.34652360493298,20260827
permuted_anchor_pseudo_edge,unstratified,False,277,13.316787361448828,17.34652360493298,20260827
permuted_anchor_pseudo_edge,unstratified,False,278,20.315421815951634,17.34652360493298,20260827
permuted_anchor_pseudo_edge,unstratified,False,279,13.143927652345013,17.34652360493298,20260827
permuted_anchor_pseudo_edge,unstratified,False,280,15.857594979861547,17.34652360493298,20260827
permuted_anchor_pseudo_edge,unstratified,False,281,16.165256684219862,17.34652360493298,20260827
permuted_anchor_pseudo_edge,unstratified,False,282,16.705046888912417,17.34652360493298,20260827
permuted_anchor_pseudo_edge,unstratified,False,283,17.300088945894526,17.34652360493298,20260827
permuted_anchor_pseudo_edge,unstratified,False,284,20.640245313183538,17.34652360493298,20260827
permuted_anchor_pseudo_edge,unstratified,False,285,17.950490215599032,17.34652360493298,20260827
permuted_anchor_pseudo_edge,unstratified,False,286,17.80163882509967,17.34652360493298,20260827
permuted_anchor_pseudo_edge,unstratified,False,287,24.381733057379297,17.34652360493298,20260827
permuted_anchor_pseudo_edge,unstratified,False,288,16.19381932834791,17.34652360493298,20260827
permuted_anchor_pseudo_edge,unstratified,False,289,9.013237402014333,17.34652360493298,20260827
permuted_anchor_pseudo_edge,unstratified,False,290,15.31239375742644,17.34652360493298,20260827
permuted_anchor_pseudo_edge,unstratified,False,291,13.661033169229139,17.34652360493298,20260827
permuted_anchor_pseudo_edge,unstratified,False,292,13.118031079300883,17.34652360493298,20260827
permuted_anchor_pseudo_edge,unstratified,False,293,18.00282983629359,17.34652360493298,20260827
permuted_anchor_pseudo_edge,unstratified,False,294,12.402944330650959,17.34652360493298,20260827
permuted_anchor_pseudo_edge,unstratified,False,295,22.610690010284642,17.34652360493298,20260827
permuted_anchor_pseudo_edge,unstratified,False,296,12.84319116590081,17.34652360493298,20260827
permuted_anchor_pseudo_edge,unstratified,False,297,20.65194197206393,17.34652360493298,20260827
permuted_anchor_pseudo_edge,unstratified,False,298,18.881674887434855,17.34652360493298,20260827
permuted_anchor_pseudo_edge,unstratified,False,299,16.885210740479565,17.34652360493298,20260827
permuted_anchor_pseudo_edge,unstratified,False,300,16.845562207372005,17.34652360493298,20260827
permuted_anchor_pseudo_edge,unstratified,False,301,22.236854937584564,17.34652360493298,20260827
permuted_anchor_pseudo_edge,unstratified,False,302,16.381732957202498,17.34652360493298,20260827
permuted_anchor_pseudo_edge,unstratified,False,303,12.734535160286468,17.34652360493298,20260827
permuted_anchor_pseudo_edge,unstratified,False,304,17.552843709224554,17.34652360493298,20260827
permuted_anchor_pseudo_edge,unstratified,False,305,17.136821885949193,17.34652360493298,20260827
permuted_anchor_pseudo_edge,unstratified,False,306,16.466555728526867,17.34652360493298,20260827
permuted_anchor_pseudo_edge,unstratified,False,307,18.469979048011965,17.34652360493298,20260827
permuted_anchor_pseudo_edge,unstratified,False,308,21.18409148631375,17.34652360493298,20260827
permuted_anchor_pseudo_edge,unstratified,False,309,22.220718430581407,17.34652360493298,20260827
permuted_anchor_pseudo_edge,unstratified,False,310,19.155718216653018,17.34652360493298,20260827
permuted_anchor_pseudo_edge,unstratified,False,311,16.38717060609797,17.34652360493298,20260827
permuted_anchor_pseudo_edge,unstratified,False,312,14.634458686064278,17.34652360493298,20260827
permuted_anchor_pseudo_edge,unstratified,False,313,15.701764033119392,17.34652360493298,20260827
permuted_anchor_pseudo_edge,unstratified,False,314,16.145374845179788,17.34652360493298,20260827
permuted_anchor_pseudo_edge,unstratified,False,315,18.263825149553117,17.34652360493298,20260827
permuted_anchor_pseudo_edge,unstratified,False,316,24.3861635676191,17.34652360493298,20260827
permuted_anchor_pseudo_edge,unstratified,False,317,16.68284300974371,17.34652360493298,20260827
permuted_anchor_pseudo_edge,unstratified,False,318,19.726763890996104,17.34652360493298,20260827
permuted_anchor_pseudo_edge,unstratified,False,319,20.510304547364942,17.34652360493298,20260827
permuted_anchor_pseudo_edge,unstratified,False,320,21.00942431551095,17.34652360493298,20260827
permuted_anchor_pseudo_edge,unstratified,False,321,15.630942089863211,17.34652360493298,20260827
permuted_anchor_pseudo_edge,unstratified,False,322,14.595274999047314,17.34652360493298,20260827
permuted_anchor_pseudo_edge,unstratified,False,323,16.23826054278727,17.34652360493298,20260827
permuted_anchor_pseudo_edge,unstratified,False,324,17.176466323511516,17.34652360493298,20260827
permuted_anchor_pseudo_edge,unstratified,False,325,15.620298683214267,17.34652360493298,20260827
permuted_anchor_pseudo_edge,unstratified,False,326,17.63774186502058,17.34652360493298,20260827
permuted_anchor_pseudo_edge,unstratified,False,327,11.605510997302849,17.34652360493298,20260827
permuted_anchor_pseudo_edge,unstratified,False,328,14.050520901150659,17.34652360493298,20260827
permuted_anchor_pseudo_edge,unstratified,False,329,17.66750687491811,17.34652360493298,20260827
permuted_anchor_pseudo_edge,unstratified,False,330,15.786864381112869,17.34652360493298,20260827
permuted_anchor_pseudo_edge,unstratified,False,331,13.843387332771293,17.34652360493298,20260827
permuted_anchor_pseudo_edge,unstratified,False,332,22.22690606961295,17.34652360493298,20260827
permuted_anchor_pseudo_edge,unstratified,False,333,20.879497701572063,17.34652360493298,20260827
permuted_anchor_pseudo_edge,unstratified,False,334,21.195982573901485,17.34652360493298,20260827
permuted_anchor_pseudo_edge,unstratified,False,335,21.606740768373665,17.34652360493298,20260827
permuted_anchor_pseudo_edge,unstratified,False,336,21.435131538369454,17.34652360493298,20260827
permuted_anchor_pseudo_edge,unstratified,False,337,11.965716129819137,17.34652360493298,20260827
permuted_anchor_pseudo_edge,unstratified,False,338,21.038857155475473,17.34652360493298,20260827
permuted_anchor_pseudo_edge,unstratified,False,339,17.740669849290374,17.34652360493298,20260827
permuted_anchor_pseudo_edge,unstratified,False,340,17.830789345889038,17.34652360493298,20260827
permuted_anchor_pseudo_edge,unstratified,False,341,19.4032318941984,17.34652360493298,20260827
permuted_anchor_pseudo_edge,unstratified,False,342,13.577584951249106,17.34652360493298,20260827
permuted_anchor_pseudo_edge,unstratified,False,343,13.00890713210348,17.34652360493298,20260827
permuted_anchor_pseudo_edge,unstratified,False,344,17.335500495831997,17.34652360493298,20260827
permuted_anchor_pseudo_edge,unstratified,False,345,13.205331487603972,17.34652360493298,20260827
permuted_anchor_pseudo_edge,unstratified,False,346,18.93394573844659,17.34652360493298,20260827
permuted_anchor_pseudo_edge,unstratified,False,347,16.33906141662196,17.34652360493298,20260827
permuted_anchor_pseudo_edge,unstratified,False,348,16.803824987727044,17.34652360493298,20260827
permuted_anchor_pseudo_edge,unstratified,False,349,17.985713553523453,17.34652360493298,20260827
permuted_anchor_pseudo_edge,unstratified,False,350,18.355163350925867,17.34652360493298,20260827
permuted_anchor_pseudo_edge,unstratified,False,351,14.337528077372466,17.34652360493298,20260827
permuted_anchor_pseudo_edge,unstratified,False,352,21.03823408410057,17.34652360493298,20260827
permuted_anchor_pseudo_edge,unstratified,False,353,18.26433434586082,17.34652360493298,20260827
permuted_anchor_pseudo_edge,unstratified,False,354,17.397167945015816,17.34652360493298,20260827
permuted_anchor_pseudo_edge,unstratified,False,355,16.188914352359102,17.34652360493298,20260827
permuted_anchor_pseudo_edge,unstratified,False,356,18.68010670156865,17.34652360493298,20260827
permuted_anchor_pseudo_edge,unstratified,False,357,14.049654851888874,17.34652360493298,20260827
permuted_anchor_pseudo_edge,unstratified,False,358,18.550134499204614,17.34652360493298,20260827
permuted_anchor_pseudo_edge,unstratified,False,359,15.429495571523555,17.34652360493298,20260827
permuted_anchor_pseudo_edge,unstratified,False,360,21.303226701880217,17.34652360493298,20260827
permuted_anchor_pseudo_edge,unstratified,False,361,16.892457629074723,17.34652360493298,20260827
permuted_anchor_pseudo_edge,unstratified,False,362,15.614077860321164,17.34652360493298,20260827
permuted_anchor_pseudo_edge,unstratified,False,363,19.683280523565294,17.34652360493298,20260827
permuted_anchor_pseudo_edge,unstratified,False,364,14.4522296818775,17.34652360493298,20260827
permuted_anchor_pseudo_edge,unstratified,False,365,22.216940823384903,17.34652360493298,20260827
permuted_anchor_pseudo_edge,unstratified,False,366,18.197609894605712,17.34652360493298,20260827
permuted_anchor_pseudo_edge,unstratified,False,367,17.024554255583915,17.34652360493298,20260827
permuted_anchor_pseudo_edge,unstratified,False,368,19.55965750166526,17.34652360493298,20260827
permuted_anchor_pseudo_edge,unstratified,False,369,15.108012743036792,17.34652360493298,20260827
permuted_anchor_pseudo_edge,unstratified,False,370,19.27992291735243,17.34652360493298,20260827
permuted_anchor_pseudo_edge,unstratified,False,371,10.010391066976279,17.34652360493298,20260827
permuted_anchor_pseudo_edge,unstratified,False,372,15.086285650534862,17.34652360493298,20260827
permuted_anchor_pseudo_edge,unstratified,False,373,22.420813268263153,17.34652360493298,20260827
permuted_anchor_pseudo_edge,unstratified,False,374,11.366425389924489,17.34652360493298,20260827
permuted_anchor_pseudo_edge,unstratified,False,375,18.103699664859185,17.34652360493298,20260827
permuted_anchor_pseudo_edge,unstratified,False,376,18.503690019610225,17.34652360493298,20260827
permuted_anchor_pseudo_edge,unstratified,False,377,14.934854522007452,17.34652360493298,20260827
permuted_anchor_pseudo_edge,unstratified,False,378,20.72335539695609,17.34652360493298,20260827
permuted_anchor_pseudo_edge,unstratified,False,379,19.079529135543293,17.34652360493298,20260827
permuted_anchor_pseudo_edge,unstratified,False,380,14.35352460520626,17.34652360493298,20260827
permuted_anchor_pseudo_edge,unstratified,False,381,17.20765122973793,17.34652360493298,20260827
permuted_anchor_pseudo_edge,unstratified,False,382,22.713318263041142,17.34652360493298,20260827
permuted_anchor_pseudo_edge,unstratified,False,383,21.633436166589117,17.34652360493298,20260827
permuted_anchor_pseudo_edge,unstratified,False,384,11.328766908358139,17.34652360493298,20260827
permuted_anchor_pseudo_edge,unstratified,False,385,15.880151572494608,17.34652360493298,20260827
permuted_anchor_pseudo_edge,unstratified,False,386,19.12222766384154,17.34652360493298,20260827
permuted_anchor_pseudo_edge,unstratified,False,387,20.16450305093182,17.34652360493298,20260827
permuted_anchor_pseudo_edge,unstratified,False,388,20.447364196117082,17.34652360493298,20260827
permuted_anchor_pseudo_edge,unstratified,False,389,14.217928159306926,17.34652360493298,20260827
permuted_anchor_pseudo_edge,unstratified,False,390,21.897506224409568,17.34652360493298,20260827
permuted_anchor_pseudo_edge,unstratified,False,391,18.252637120280703,17.34652360493298,20260827
permuted_anchor_pseudo_edge,unstratified,False,392,23.055850578009174,17.34652360493298,20260827
permuted_anchor_pseudo_edge,unstratified,False,393,16.225013335546453,17.34652360493298,20260827
permuted_anchor_pseudo_edge,unstratified,False,394,12.005955159731437,17.34652360493298,20260827
permuted_anchor_pseudo_edge,unstratified,False,395,17.72092213107815,17.34652360493298,20260827
permuted_anchor_pseudo_edge,unstratified,False,396,17.565107301936465,17.34652360493298,20260827
permuted_anchor_pseudo_edge,unstratified,False,397,14.731003586109226,17.34652360493298,20260827
permuted_anchor_pseudo_edge,unstratified,False,398,18.01723170387102,17.34652360493298,20260827
permuted_anchor_pseudo_edge,unstratified,False,399,20.4881211510142,17.34652360493298,20260827
permuted_anchor_pseudo_edge,unstratified,False,400,15.00316933485813,17.34652360493298,20260827
permuted_anchor_pseudo_edge,unstratified,False,401,19.93779297869963,17.34652360493298,20260827
permuted_anchor_pseudo_edge,unstratified,False,402,12.296055127207467,17.34652360493298,20260827
permuted_anchor_pseudo_edge,unstratified,False,403,19.82425995789229,17.34652360493298,20260827
permuted_anchor_pseudo_edge,unstratified,False,404,10.90570483062077,17.34652360493298,20260827
permuted_anchor_pseudo_edge,unstratified,False,405,17.200295746840563,17.34652360493298,20260827
permuted_anchor_pseudo_edge,unstratified,False,406,11.732546847429326,17.34652360493298,20260827
permuted_anchor_pseudo_edge,unstratified,False,407,26.303979138207247,17.34652360493298,20260827
permuted_anchor_pseudo_edge,unstratified,False,408,8.686065119448301,17.34652360493298,20260827
permuted_anchor_pseudo_edge,unstratified,False,409,17.206958246708318,17.34652360493298,20260827
permuted_anchor_pseudo_edge,unstratified,False,410,15.273246017448978,17.34652360493298,20260827
permuted_anchor_pseudo_edge,unstratified,False,411,9.975676949931742,17.34652360493298,20260827
permuted_anchor_pseudo_edge,unstratified,False,412,23.287395589058743,17.34652360493298,20260827
permuted_anchor_pseudo_edge,unstratified,False,413,19.79203926595737,17.34652360493298,20260827
permuted_anchor_pseudo_edge,unstratified,False,414,18.60913871224541,17.34652360493298,20260827
permuted_anchor_pseudo_edge,unstratified,False,415,16.58681148643853,17.34652360493298,20260827
permuted_anchor_pseudo_edge,unstratified,False,416,18.777239799525145,17.34652360493298,20260827
permuted_anchor_pseudo_edge,unstratified,False,417,10.437001330220296,17.34652360493298,20260827
permuted_anchor_pseudo_edge,unstratified,False,418,15.50163089329245,17.34652360493298,20260827
permuted_anchor_pseudo_edge,unstratified,False,419,21.821012939263614,17.34652360493298,20260827
permuted_anchor_pseudo_edge,unstratified,False,420,23.428242075982112,17.34652360493298,20260827
permuted_anchor_pseudo_edge,unstratified,False,421,12.708113516857306,17.34652360493298,20260827
permuted_anchor_pseudo_edge,unstratified,False,422,15.171289276680877,17.34652360493298,20260827
permuted_anchor_pseudo_edge,unstratified,False,423,17.599555503155216,17.34652360493298,20260827
permuted_anchor_pseudo_edge,unstratified,False,424,14.425431298006238,17.34652360493298,20260827
permuted_anchor_pseudo_edge,unstratified,False,425,17.54035692758825,17.34652360493298,20260827
permuted_anchor_pseudo_edge,unstratified,False,426,10.313813067979037,17.34652360493298,20260827
permuted_anchor_pseudo_edge,unstratified,False,427,18.7898068337093,17.34652360493298,20260827
permuted_anchor_pseudo_edge,unstratified,False,428,11.767791801010205,17.34652360493298,20260827
permuted_anchor_pseudo_edge,unstratified,False,429,14.589235939691692,17.34652360493298,20260827
permuted_anchor_pseudo_edge,unstratified,False,430,12.571430780483519,17.34652360493298,20260827
permuted_anchor_pseudo_edge,unstratified,False,431,13.9236174159866,17.34652360493298,20260827
permuted_anchor_pseudo_edge,unstratified,False,432,12.15286834643625,17.34652360493298,20260827
permuted_anchor_pseudo_edge,unstratified,False,433,18.981413577970237,17.34652360493298,20260827
permuted_anchor_pseudo_edge,unstratified,False,434,18.566683928927258,17.34652360493298,20260827
permuted_anchor_pseudo_edge,unstratified,False,435,20.56109753884941,17.34652360493298,20260827
permuted_anchor_pseudo_edge,unstratified,False,436,22.19806808662891,17.34652360493298,20260827
permuted_anchor_pseudo_edge,unstratified,False,437,12.299836184233047,17.34652360493298,20260827
permuted_anchor_pseudo_edge,unstratified,False,438,23.68615123309898,17.34652360493298,20260827
permuted_anchor_pseudo_edge,unstratified,False,439,19.354495807981262,17.34652360493298,20260827
permuted_anchor_pseudo_edge,unstratified,False,440,20.382455050714945,17.34652360493298,20260827
permuted_anchor_pseudo_edge,unstratified,False,441,25.4775969314574,17.34652360493298,20260827
permuted_anchor_pseudo_edge,unstratified,False,442,13.544412731190128,17.34652360493298,20260827
permuted_anchor_pseudo_edge,unstratified,False,443,17.222053536526367,17.34652360493298,20260827
permuted_anchor_pseudo_edge,unstratified,False,444,16.2870112582495,17.34652360493298,20260827
permuted_anchor_pseudo_edge,unstratified,False,445,22.704704209214626,17.34652360493298,20260827
permuted_anchor_pseudo_edge,unstratified,False,446,18.26174814944094,17.34652360493298,20260827
permuted_anchor_pseudo_edge,unstratified,False,447,18.030203253480224,17.34652360493298,20260827
permuted_anchor_pseudo_edge,unstratified,False,448,10.3725539346557,17.34652360493298,20260827
permuted_anchor_pseudo_edge,unstratified,False,449,13.749368884219868,17.34652360493298,20260827
permuted_anchor_pseudo_edge,unstratified,False,450,15.012602931295682,17.34652360493298,20260827
permuted_anchor_pseudo_edge,unstratified,False,451,17.330356447506457,17.34652360493298,20260827
permuted_anchor_pseudo_edge,unstratified,False,452,16.30523354242432,17.34652360493298,20260827
permuted_anchor_pseudo_edge,unstratified,False,453,26.65852991268839,17.34652360493298,20260827
permuted_anchor_pseudo_edge,unstratified,False,454,18.842073899125918,17.34652360493298,20260827
permuted_anchor_pseudo_edge,unstratified,False,455,16.362859504747394,17.34652360493298,20260827
permuted_anchor_pseudo_edge,unstratified,False,456,16.675005906576775,17.34652360493298,20260827
permuted_anchor_pseudo_edge,unstratified,False,457,18.19416249544028,17.34652360493298,20260827
permuted_anchor_pseudo_edge,unstratified,False,458,14.938756776631756,17.34652360493298,20260827
permuted_anchor_pseudo_edge,unstratified,False,459,15.283166976449678,17.34652360493298,20260827
permuted_anchor_pseudo_edge,unstratified,False,460,14.845305556014365,17.34652360493298,20260827
permuted_anchor_pseudo_edge,unstratified,False,461,17.69226324073073,17.34652360493298,20260827
permuted_anchor_pseudo_edge,unstratified,False,462,13.733149469616112,17.34652360493298,20260827
permuted_anchor_pseudo_edge,unstratified,False,463,23.597051204904425,17.34652360493298,20260827
permuted_anchor_pseudo_edge,unstratified,False,464,15.98844987832174,17.34652360493298,20260827
permuted_anchor_pseudo_edge,unstratified,False,465,23.654045385377522,17.34652360493298,20260827
permuted_anchor_pseudo_edge,unstratified,False,466,16.654793968298655,17.34652360493298,20260827
permuted_anchor_pseudo_edge,unstratified,False,467,15.406100950101523,17.34652360493298,20260827
permuted_anchor_pseudo_edge,unstratified,False,468,19.080464503167512,17.34652360493298,20260827
permuted_anchor_pseudo_edge,unstratified,False,469,11.883540127235575,17.34652360493298,20260827
permuted_anchor_pseudo_edge,unstratified,False,470,26.483891090366633,17.34652360493298,20260827
permuted_anchor_pseudo_edge,unstratified,False,471,13.297526473097065,17.34652360493298,20260827
permuted_anchor_pseudo_edge,unstratified,False,472,22.318920170893268,17.34652360493298,20260827
permuted_anchor_pseudo_edge,unstratified,False,473,15.775343025374463,17.34652360493298,20260827
permuted_anchor_pseudo_edge,unstratified,False,474,17.731365901213543,17.34652360493298,20260827
permuted_anchor_pseudo_edge,unstratified,False,475,14.69420039792472,17.34652360493298,20260827
permuted_anchor_pseudo_edge,unstratified,False,476,16.58583525009199,17.34652360493298,20260827
permuted_anchor_pseudo_edge,unstratified,False,477,9.953468507847129,17.34652360493298,20260827
permuted_anchor_pseudo_edge,unstratified,False,478,19.220052101361677,17.34652360493298,20260827
permuted_anchor_pseudo_edge,unstratified,False,479,13.387085765309545,17.34652360493298,20260827
permuted_anchor_pseudo_edge,unstratified,False,480,19.01993737791853,17.34652360493298,20260827
permuted_anchor_pseudo_edge,unstratified,False,481,19.474539095773594,17.34652360493298,20260827
permuted_anchor_pseudo_edge,unstratified,False,482,20.240703482288907,17.34652360493298,20260827
permuted_anchor_pseudo_edge,unstratified,False,483,18.30651231756957,17.34652360493298,20260827
permuted_anchor_pseudo_edge,unstratified,False,484,14.963277329870166,17.34652360493298,20260827
permuted_anchor_pseudo_edge,unstratified,False,485,17.932872313292187,17.34652360493298,20260827
permuted_anchor_pseudo_edge,unstratified,False,486,11.06446560618332,17.34652360493298,20260827
permuted_anchor_pseudo_edge,unstratified,False,487,16.876630830054893,17.34652360493298,20260827
permuted_anchor_pseudo_edge,unstratified,False,488,17.592857505932553,17.34652360493298,20260827
permuted_anchor_pseudo_edge,unstratified,False,489,13.026914333118794,17.34652360493298,20260827
permuted_anchor_pseudo_edge,unstratified,False,490,13.672634408542203,17.34652360493298,20260827
permuted_anchor_pseudo_edge,unstratified,False,491,21.228566926430993,17.34652360493298,20260827
permuted_anchor_pseudo_edge,unstratified,False,492,22.719908556150113,17.34652360493298,20260827
permuted_anchor_pseudo_edge,unstratified,False,493,21.107570689678347,17.34652360493298,20260827
permuted_anchor_pseudo_edge,unstratified,False,494,24.325647707685082,17.34652360493298,20260827
permuted_anchor_pseudo_edge,unstratified,False,495,17.475497734329572,17.34652360493298,20260827
permuted_anchor_pseudo_edge,unstratified,False,496,16.736429466706397,17.34652360493298,20260827
permuted_anchor_pseudo_edge,unstratified,False,497,13.97521524007302,17.34652360493298,20260827
permuted_anchor_pseudo_edge,unstratified,False,498,19.419179576131896,17.34652360493298,20260827
permuted_anchor_pseudo_edge,unstratified,False,499,21.51472894888486,17.34652360493298,20260827
permuted_anchor_pseudo_edge,unstratified,False,500,14.293748280630261,17.34652360493298,20260827
permuted_anchor_pseudo_edge,unstratified,False,501,17.34623566441967,17.34652360493298,20260827
permuted_anchor_pseudo_edge,unstratified,False,502,10.60792080430585,17.34652360493298,20260827
permuted_anchor_pseudo_edge,unstratified,False,503,17.84029498841831,17.34652360493298,20260827
permuted_anchor_pseudo_edge,unstratified,False,504,21.17018090835211,17.34652360493298,20260827
permuted_anchor_pseudo_edge,unstratified,False,505,20.013693309390685,17.34652360493298,20260827
permuted_anchor_pseudo_edge,unstratified,False,506,22.350928366228754,17.34652360493298,20260827
permuted_anchor_pseudo_edge,unstratified,False,507,19.286524555271598,17.34652360493298,20260827
permuted_anchor_pseudo_edge,unstratified,False,508,20.71527270703291,17.34652360493298,20260827
permuted_anchor_pseudo_edge,unstratified,False,509,14.164709856143046,17.34652360493298,20260827
permuted_anchor_pseudo_edge,unstratified,False,510,20.080457728219326,17.34652360493298,20260827
permuted_anchor_pseudo_edge,unstratified,False,511,16.81460315623031,17.34652360493298,20260827
permuted_anchor_pseudo_edge,unstratified,False,512,19.54312974686499,17.34652360493298,20260827
permuted_anchor_pseudo_edge,unstratified,False,513,12.61742424969848,17.34652360493298,20260827
permuted_anchor_pseudo_edge,unstratified,False,514,14.458940379519047,17.34652360493298,20260827
permuted_anchor_pseudo_edge,unstratified,False,515,17.013626482774715,17.34652360493298,20260827
permuted_anchor_pseudo_edge,unstratified,False,516,19.971161318624116,17.34652360493298,20260827
permuted_anchor_pseudo_edge,unstratified,False,517,15.08245264920323,17.34652360493298,20260827
permuted_anchor_pseudo_edge,unstratified,False,518,11.71853868567364,17.34652360493298,20260827
permuted_anchor_pseudo_edge,unstratified,False,519,20.478651677736025,17.34652360493298,20260827
permuted_anchor_pseudo_edge,unstratified,False,520,16.428489033247683,17.34652360493298,20260827
permuted_anchor_pseudo_edge,unstratified,False,521,13.414252989938616,17.34652360493298,20260827
permuted_anchor_pseudo_edge,unstratified,False,522,27.26351269336042,17.34652360493298,20260827
permuted_anchor_pseudo_edge,unstratified,False,523,12.936693976843877,17.34652360493298,20260827
permuted_anchor_pseudo_edge,unstratified,False,524,12.394783596494866,17.34652360493298,20260827
permuted_anchor_pseudo_edge,unstratified,False,525,15.253029681562378,17.34652360493298,20260827
permuted_anchor_pseudo_edge,unstratified,False,526,16.886696581068943,17.34652360493298,20260827
permuted_anchor_pseudo_edge,unstratified,False,527,11.659253206770552,17.34652360493298,20260827
permuted_anchor_pseudo_edge,unstratified,False,528,14.020696465431854,17.34652360493298,20260827
permuted_anchor_pseudo_edge,unstratified,False,529,19.874689889310588,17.34652360493298,20260827
permuted_anchor_pseudo_edge,unstratified,False,530,14.732793197330327,17.34652360493298,20260827
permuted_anchor_pseudo_edge,unstratified,False,531,15.847945036359853,17.34652360493298,20260827
permuted_anchor_pseudo_edge,unstratified,False,532,16.712229416194827,17.34652360493298,20260827
permuted_anchor_pseudo_edge,unstratified,False,533,18.143226623573987,17.34652360493298,20260827
permuted_anchor_pseudo_edge,unstratified,False,534,16.52708698953446,17.34652360493298,20260827
permuted_anchor_pseudo_edge,unstratified,False,535,14.853572721289856,17.34652360493298,20260827
permuted_anchor_pseudo_edge,unstratified,False,536,10.853624239924562,17.34652360493298,20260827
permuted_anchor_pseudo_edge,unstratified,False,537,16.04210528468021,17.34652360493298,20260827
permuted_anchor_pseudo_edge,unstratified,False,538,17.358524351653163,17.34652360493298,20260827
permuted_anchor_pseudo_edge,unstratified,False,539,17.346492997592488,17.34652360493298,20260827
permuted_anchor_pseudo_edge,unstratified,False,540,20.918421838844505,17.34652360493298,20260827
permuted_anchor_pseudo_edge,unstratified,False,541,18.335101848181527,17.34652360493298,20260827
permuted_anchor_pseudo_edge,unstratified,False,542,20.672046401434848,17.34652360493298,20260827
permuted_anchor_pseudo_edge,unstratified,False,543,16.492765977249103,17.34652360493298,20260827
permuted_anchor_pseudo_edge,unstratified,False,544,20.525826656925688,17.34652360493298,20260827
permuted_anchor_pseudo_edge,unstratified,False,545,16.09020123252763,17.34652360493298,20260827
permuted_anchor_pseudo_edge,unstratified,False,546,15.466678846501031,17.34652360493298,20260827
permuted_anchor_pseudo_edge,unstratified,False,547,17.397118020934652,17.34652360493298,20260827
permuted_anchor_pseudo_edge,unstratified,False,548,17.403805347219432,17.34652360493298,20260827
permuted_anchor_pseudo_edge,unstratified,False,549,19.11421516900317,17.34652360493298,20260827
permuted_anchor_pseudo_edge,unstratified,False,550,17.81298259401622,17.34652360493298,20260827
permuted_anchor_pseudo_edge,unstratified,False,551,17.90574092811922,17.34652360493298,20260827
permuted_anchor_pseudo_edge,unstratified,False,552,10.526132319174835,17.34652360493298,20260827
permuted_anchor_pseudo_edge,unstratified,False,553,13.868708934467252,17.34652360493298,20260827
permuted_anchor_pseudo_edge,unstratified,False,554,14.915794949943429,17.34652360493298,20260827
permuted_anchor_pseudo_edge,unstratified,False,555,11.243788327647502,17.34652360493298,20260827
permuted_anchor_pseudo_edge,unstratified,False,556,16.0174055309924,17.34652360493298,20260827
permuted_anchor_pseudo_edge,unstratified,False,557,17.872048423747703,17.34652360493298,20260827
permuted_anchor_pseudo_edge,unstratified,False,558,20.109840421320797,17.34652360493298,20260827
permuted_anchor_pseudo_edge,unstratified,False,559,20.286136290740927,17.34652360493298,20260827
permuted_anchor_pseudo_edge,unstratified,False,560,11.079259561571545,17.34652360493298,20260827
permuted_anchor_pseudo_edge,unstratified,False,561,11.252333839144413,17.34652360493298,20260827
permuted_anchor_pseudo_edge,unstratified,False,562,21.22545867958324,17.34652360493298,20260827
permuted_anchor_pseudo_edge,unstratified,False,563,15.590857782833448,17.34652360493298,20260827
permuted_anchor_pseudo_edge,unstratified,False,564,14.235021313700397,17.34652360493298,20260827
permuted_anchor_pseudo_edge,unstratified,False,565,18.59930444539594,17.34652360493298,20260827
permuted_anchor_pseudo_edge,unstratified,False,566,16.108160415081013,17.34652360493298,20260827
permuted_anchor_pseudo_edge,unstratified,False,567,15.226602753356017,17.34652360493298,20260827
permuted_anchor_pseudo_edge,unstratified,False,568,15.878438585333226,17.34652360493298,20260827
permuted_anchor_pseudo_edge,unstratified,False,569,24.044264628758977,17.34652360493298,20260827
permuted_anchor_pseudo_edge,unstratified,False,570,13.454097123776299,17.34652360493298,20260827
permuted_anchor_pseudo_edge,unstratified,False,571,22.74112543082542,17.34652360493298,20260827
permuted_anchor_pseudo_edge,unstratified,False,572,20.385515012127595,17.34652360493298,20260827
permuted_anchor_pseudo_edge,unstratified,False,573,20.518179399375743,17.34652360493298,20260827
permuted_anchor_pseudo_edge,unstratified,False,574,17.439584010750618,17.34652360493298,20260827
permuted_anchor_pseudo_edge,unstratified,False,575,12.897654015669472,17.34652360493298,20260827
permuted_anchor_pseudo_edge,unstratified,False,576,16.63301998433342,17.34652360493298,20260827
permuted_anchor_pseudo_edge,unstratified,False,577,15.381098317320344,17.34652360493298,20260827
permuted_anchor_pseudo_edge,unstratified,False,578,11.28185346128484,17.34652360493298,20260827
permuted_anchor_pseudo_edge,unstratified,False,579,11.436902430560645,17.34652360493298,20260827
permuted_anchor_pseudo_edge,unstratified,False,580,16.050621233560822,17.34652360493298,20260827
permuted_anchor_pseudo_edge,unstratified,False,581,17.12923861387504,17.34652360493298,20260827
permuted_anchor_pseudo_edge,unstratified,False,582,17.560101752512555,17.34652360493298,20260827
permuted_anchor_pseudo_edge,unstratified,False,583,11.434089377175306,17.34652360493298,20260827
permuted_anchor_pseudo_edge,unstratified,False,584,15.196365331269826,17.34652360493298,20260827
permuted_anchor_pseudo_edge,unstratified,False,585,16.16566783547336,17.34652360493298,20260827
permuted_anchor_pseudo_edge,unstratified,False,586,12.887386049818764,17.34652360493298,20260827
permuted_anchor_pseudo_edge,unstratified,False,587,15.623597712784331,17.34652360493298,20260827
permuted_anchor_pseudo_edge,unstratified,False,588,11.896686361869177,17.34652360493298,20260827
permuted_anchor_pseudo_edge,unstratified,False,589,15.975533954762586,17.34652360493298,20260827
permuted_anchor_pseudo_edge,unstratified,False,590,13.56905268804005,17.34652360493298,20260827
permuted_anchor_pseudo_edge,unstratified,False,591,25.966132885108074,17.34652360493298,20260827
permuted_anchor_pseudo_edge,unstratified,False,592,17.627603161684114,17.34652360493298,20260827
permuted_anchor_pseudo_edge,unstratified,False,593,12.298419019835016,17.34652360493298,20260827
permuted_anchor_pseudo_edge,unstratified,False,594,13.296365670371236,17.34652360493298,20260827
permuted_anchor_pseudo_edge,unstratified,False,595,11.904869308609664,17.34652360493298,20260827
permuted_anchor_pseudo_edge,unstratified,False,596,19.244671588994233,17.34652360493298,20260827
permuted_anchor_pseudo_edge,unstratified,False,597,14.048408004706655,17.34652360493298,20260827
permuted_anchor_pseudo_edge,unstratified,False,598,9.109486865651663,17.34652360493298,20260827
permuted_anchor_pseudo_edge,unstratified,False,599,17.459775235016988,17.34652360493298,20260827
permuted_anchor_pseudo_edge,unstratified,False,600,17.97512558204418,17.34652360493298,20260827
permuted_anchor_pseudo_edge,unstratified,False,601,18.64451577362813,17.34652360493298,20260827
permuted_anchor_pseudo_edge,unstratified,False,602,19.13253231547958,17.34652360493298,20260827
permuted_anchor_pseudo_edge,unstratified,False,603,16.13024432179922,17.34652360493298,20260827
permuted_anchor_pseudo_edge,unstratified,False,604,12.603439949071582,17.34652360493298,20260827
permuted_anchor_pseudo_edge,unstratified,False,605,10.430035597987002,17.34652360493298,20260827
permuted_anchor_pseudo_edge,unstratified,False,606,14.984354263453836,17.34652360493298,20260827
permuted_anchor_pseudo_edge,unstratified,False,607,17.669458589181577,17.34652360493298,20260827
permuted_anchor_pseudo_edge,unstratified,False,608,13.04455534333058,17.34652360493298,20260827
permuted_anchor_pseudo_edge,unstratified,False,609,24.927501404686378,17.34652360493298,20260827
permuted_anchor_pseudo_edge,unstratified,False,610,21.906478456042112,17.34652360493298,20260827
permuted_anchor_pseudo_edge,unstratified,False,611,18.236521994106145,17.34652360493298,20260827
permuted_anchor_pseudo_edge,unstratified,False,612,16.666396214585415,17.34652360493298,20260827
permuted_anchor_pseudo_edge,unstratified,False,613,19.76786482567742,17.34652360493298,20260827
permuted_anchor_pseudo_edge,unstratified,False,614,21.286748261411333,17.34652360493298,20260827
permuted_anchor_pseudo_edge,unstratified,False,615,18.223661582409942,17.34652360493298,20260827
permuted_anchor_pseudo_edge,unstratified,False,616,15.808961907350222,17.34652360493298,20260827
permuted_anchor_pseudo_edge,unstratified,False,617,16.934305351273267,17.34652360493298,20260827
permuted_anchor_pseudo_edge,unstratified,False,618,15.987312492039548,17.34652360493298,20260827
permuted_anchor_pseudo_edge,unstratified,False,619,10.237779499077895,17.34652360493298,20260827
permuted_anchor_pseudo_edge,unstratified,False,620,19.099898913825854,17.34652360493298,20260827
permuted_anchor_pseudo_edge,unstratified,False,621,10.821100953940833,17.34652360493298,20260827
permuted_anchor_pseudo_edge,unstratified,False,622,21.88876308708379,17.34652360493298,20260827
permuted_anchor_pseudo_edge,unstratified,False,623,18.76657834844716,17.34652360493298,20260827
permuted_anchor_pseudo_edge,unstratified,False,624,18.218085385966866,17.34652360493298,20260827
permuted_anchor_pseudo_edge,unstratified,False,625,17.829051759967967,17.34652360493298,20260827
permuted_anchor_pseudo_edge,unstratified,False,626,17.702340752692542,17.34652360493298,20260827
permuted_anchor_pseudo_edge,unstratified,False,627,8.235907296264852,17.34652360493298,20260827
permuted_anchor_pseudo_edge,unstratified,False,628,15.9147308778957,17.34652360493298,20260827
permuted_anchor_pseudo_edge,unstratified,False,629,12.531551588508124,17.34652360493298,20260827
permuted_anchor_pseudo_edge,unstratified,False,630,20.09419213072321,17.34652360493298,20260827
permuted_anchor_pseudo_edge,unstratified,False,631,13.7523636853642,17.34652360493298,20260827
permuted_anchor_pseudo_edge,unstratified,False,632,15.33086105915476,17.34652360493298,20260827
permuted_anchor_pseudo_edge,unstratified,False,633,17.05672167421787,17.34652360493298,20260827
permuted_anchor_pseudo_edge,unstratified,False,634,5.71341158853288,17.34652360493298,20260827
permuted_anchor_pseudo_edge,unstratified,False,635,18.35257461140364,17.34652360493298,20260827
permuted_anchor_pseudo_edge,unstratified,False,636,15.988582497180001,17.34652360493298,20260827
permuted_anchor_pseudo_edge,unstratified,False,637,8.42916487565722,17.34652360493298,20260827
permuted_anchor_pseudo_edge,unstratified,False,638,12.70655708313391,17.34652360493298,20260827
permuted_anchor_pseudo_edge,unstratified,False,639,10.861044433934795,17.34652360493298,20260827
permuted_anchor_pseudo_edge,unstratified,False,640,19.37688935586496,17.34652360493298,20260827
permuted_anchor_pseudo_edge,unstratified,False,641,14.286123109419474,17.34652360493298,20260827
permuted_anchor_pseudo_edge,unstratified,False,642,24.076602452549867,17.34652360493298,20260827
permuted_anchor_pseudo_edge,unstratified,False,643,17.932276157658226,17.34652360493298,20260827
permuted_anchor_pseudo_edge,unstratified,False,644,13.622484142719028,17.34652360493298,20260827
permuted_anchor_pseudo_edge,unstratified,False,645,16.165361270449612,17.34652360493298,20260827
permuted_anchor_pseudo_edge,unstratified,False,646,13.852705735864193,17.34652360493298,20260827
permuted_anchor_pseudo_edge,unstratified,False,647,16.79168113037308,17.34652360493298,20260827
permuted_anchor_pseudo_edge,unstratified,False,648,18.814347623499994,17.34652360493298,20260827
permuted_anchor_pseudo_edge,unstratified,False,649,21.738898727874954,17.34652360493298,20260827
permuted_anchor_pseudo_edge,unstratified,False,650,15.853103365993231,17.34652360493298,20260827
permuted_anchor_pseudo_edge,unstratified,False,651,12.638389080288121,17.34652360493298,20260827
permuted_anchor_pseudo_edge,unstratified,False,652,15.840202760108586,17.34652360493298,20260827
permuted_anchor_pseudo_edge,unstratified,False,653,17.648070459193466,17.34652360493298,20260827
permuted_anchor_pseudo_edge,unstratified,False,654,13.656794178487672,17.34652360493298,20260827
permuted_anchor_pseudo_edge,unstratified,False,655,19.270077642353723,17.34652360493298,20260827
permuted_anchor_pseudo_edge,unstratified,False,656,19.850841404968556,17.34652360493298,20260827
permuted_anchor_pseudo_edge,unstratified,False,657,14.836730287018637,17.34652360493298,20260827
permuted_anchor_pseudo_edge,unstratified,False,658,16.072715217924536,17.34652360493298,20260827
permuted_anchor_pseudo_edge,unstratified,False,659,15.97870209844412,17.34652360493298,20260827
permuted_anchor_pseudo_edge,unstratified,False,660,10.023445623954796,17.34652360493298,20260827
permuted_anchor_pseudo_edge,unstratified,False,661,16.130370106710465,17.34652360493298,20260827
permuted_anchor_pseudo_edge,unstratified,False,662,21.175120575907293,17.34652360493298,20260827
permuted_anchor_pseudo_edge,unstratified,False,663,14.715867563325697,17.34652360493298,20260827
permuted_anchor_pseudo_edge,unstratified,False,664,19.41854529643917,17.34652360493298,20260827
permuted_anchor_pseudo_edge,unstratified,False,665,19.065603965249547,17.34652360493298,20260827
permuted_anchor_pseudo_edge,unstratified,False,666,14.854103832937312,17.34652360493298,20260827
permuted_anchor_pseudo_edge,unstratified,False,667,15.402566684147418,17.34652360493298,20260827
permuted_anchor_pseudo_edge,unstratified,False,668,16.477655543443824,17.34652360493298,20260827
permuted_anchor_pseudo_edge,unstratified,False,669,14.357066703175011,17.34652360493298,20260827
permuted_anchor_pseudo_edge,unstratified,False,670,12.608357854201326,17.34652360493298,20260827
permuted_anchor_pseudo_edge,unstratified,False,671,17.89140587275643,17.34652360493298,20260827
permuted_anchor_pseudo_edge,unstratified,False,672,18.345580414679066,17.34652360493298,20260827
permuted_anchor_pseudo_edge,unstratified,False,673,13.462574752148528,17.34652360493298,20260827
permuted_anchor_pseudo_edge,unstratified,False,674,13.798510229816069,17.34652360493298,20260827
permuted_anchor_pseudo_edge,unstratified,False,675,19.33550407367947,17.34652360493298,20260827
permuted_anchor_pseudo_edge,unstratified,False,676,12.363102133590468,17.34652360493298,20260827
permuted_anchor_pseudo_edge,unstratified,False,677,14.646612241630356,17.34652360493298,20260827
permuted_anchor_pseudo_edge,unstratified,False,678,19.28443715012304,17.34652360493298,20260827
permuted_anchor_pseudo_edge,unstratified,False,679,16.069722257132682,17.34652360493298,20260827
permuted_anchor_pseudo_edge,unstratified,False,680,20.732585537677046,17.34652360493298,20260827
permuted_anchor_pseudo_edge,unstratified,False,681,16.042457669602914,17.34652360493298,20260827
permuted_anchor_pseudo_edge,unstratified,False,682,11.655562812721884,17.34652360493298,20260827
permuted_anchor_pseudo_edge,unstratified,False,683,16.891399439866184,17.34652360493298,20260827
permuted_anchor_pseudo_edge,unstratified,False,684,13.740438533570067,17.34652360493298,20260827
permuted_anchor_pseudo_edge,unstratified,False,685,18.193714120717182,17.34652360493298,20260827
permuted_anchor_pseudo_edge,unstratified,False,686,15.445641561373469,17.34652360493298,20260827
permuted_anchor_pseudo_edge,unstratified,False,687,14.989216520037822,17.34652360493298,20260827
permuted_anchor_pseudo_edge,unstratified,False,688,12.870545113191568,17.34652360493298,20260827
permuted_anchor_pseudo_edge,unstratified,False,689,14.84464146775831,17.34652360493298,20260827
permuted_anchor_pseudo_edge,unstratified,False,690,14.36206285981234,17.34652360493298,20260827
permuted_anchor_pseudo_edge,unstratified,False,691,21.900418053164774,17.34652360493298,20260827
permuted_anchor_pseudo_edge,unstratified,False,692,13.50901479224644,17.34652360493298,20260827
permuted_anchor_pseudo_edge,unstratified,False,693,21.419958472791286,17.34652360493298,20260827
permuted_anchor_pseudo_edge,unstratified,False,694,17.77248731246331,17.34652360493298,20260827
permuted_anchor_pseudo_edge,unstratified,False,695,17.83805427894955,17.34652360493298,20260827
permuted_anchor_pseudo_edge,unstratified,False,696,12.111168469664042,17.34652360493298,20260827
permuted_anchor_pseudo_edge,unstratified,False,697,15.052980727516593,17.34652360493298,20260827
permuted_anchor_pseudo_edge,unstratified,False,698,14.38898112413154,17.34652360493298,20260827
permuted_anchor_pseudo_edge,unstratified,False,699,18.80335225927107,17.34652360493298,20260827
permuted_anchor_pseudo_edge,unstratified,False,700,14.305796599430057,17.34652360493298,20260827
permuted_anchor_pseudo_edge,unstratified,False,701,14.402428303400269,17.34652360493298,20260827
permuted_anchor_pseudo_edge,unstratified,False,702,14.664713636988155,17.34652360493298,20260827
permuted_anchor_pseudo_edge,unstratified,False,703,23.817630062476326,17.34652360493298,20260827
permuted_anchor_pseudo_edge,unstratified,False,704,14.427530746214156,17.34652360493298,20260827
permuted_anchor_pseudo_edge,unstratified,False,705,25.107120669003898,17.34652360493298,20260827
permuted_anchor_pseudo_edge,unstratified,False,706,19.588336999198468,17.34652360493298,20260827
permuted_anchor_pseudo_edge,unstratified,False,707,18.47707129632718,17.34652360493298,20260827
permuted_anchor_pseudo_edge,unstratified,False,708,14.131642071575664,17.34652360493298,20260827
permuted_anchor_pseudo_edge,unstratified,False,709,14.639974999952942,17.34652360493298,20260827
permuted_anchor_pseudo_edge,unstratified,False,710,22.39731868218319,17.34652360493298,20260827
permuted_anchor_pseudo_edge,unstratified,False,711,14.039148807257485,17.34652360493298,20260827
permuted_anchor_pseudo_edge,unstratified,False,712,14.025339156678884,17.34652360493298,20260827
permuted_anchor_pseudo_edge,unstratified,False,713,18.94233098448406,17.34652360493298,20260827
permuted_anchor_pseudo_edge,unstratified,False,714,21.004745014082236,17.34652360493298,20260827
permuted_anchor_pseudo_edge,unstratified,False,715,18.716124146473376,17.34652360493298,20260827
permuted_anchor_pseudo_edge,unstratified,False,716,8.197083449753565,17.34652360493298,20260827
permuted_anchor_pseudo_edge,unstratified,False,717,16.403344053948985,17.34652360493298,20260827
permuted_anchor_pseudo_edge,unstratified,False,718,26.02692622709444,17.34652360493298,20260827
permuted_anchor_pseudo_edge,unstratified,False,719,20.160077989876182,17.34652360493298,20260827
permuted_anchor_pseudo_edge,unstratified,False,720,10.019410635526183,17.34652360493298,20260827
permuted_anchor_pseudo_edge,unstratified,False,721,18.399926654403167,17.34652360493298,20260827
permuted_anchor_pseudo_edge,unstratified,False,722,17.273398949383367,17.34652360493298,20260827
permuted_anchor_pseudo_edge,unstratified,False,723,14.11739066023962,17.34652360493298,20260827
permuted_anchor_pseudo_edge,unstratified,False,724,12.50964563276851,17.34652360493298,20260827
permuted_anchor_pseudo_edge,unstratified,False,725,8.125015570717277,17.34652360493298,20260827
permuted_anchor_pseudo_edge,unstratified,False,726,16.600098918070465,17.34652360493298,20260827
permuted_anchor_pseudo_edge,unstratified,False,727,10.750758649929875,17.34652360493298,20260827
permuted_anchor_pseudo_edge,unstratified,False,728,14.39610007400394,17.34652360493298,20260827
permuted_anchor_pseudo_edge,unstratified,False,729,16.35670011747624,17.34652360493298,20260827
permuted_anchor_pseudo_edge,unstratified,False,730,15.972464839996316,17.34652360493298,20260827
permuted_anchor_pseudo_edge,unstratified,False,731,20.64217702329241,17.34652360493298,20260827
permuted_anchor_pseudo_edge,unstratified,False,732,18.586947324081425,17.34652360493298,20260827
permuted_anchor_pseudo_edge,unstratified,False,733,18.80741821109333,17.34652360493298,20260827
permuted_anchor_pseudo_edge,unstratified,False,734,12.980731259452794,17.34652360493298,20260827
permuted_anchor_pseudo_edge,unstratified,False,735,20.348286488154585,17.34652360493298,20260827
permuted_anchor_pseudo_edge,unstratified,False,736,5.468768109861273,17.34652360493298,20260827
permuted_anchor_pseudo_edge,unstratified,False,737,17.188338062259472,17.34652360493298,20260827
permuted_anchor_pseudo_edge,unstratified,False,738,18.80077429506341,17.34652360493298,20260827
permuted_anchor_pseudo_edge,unstratified,False,739,18.35834569107796,17.34652360493298,20260827
permuted_anchor_pseudo_edge,unstratified,False,740,15.604667065103772,17.34652360493298,20260827
permuted_anchor_pseudo_edge,unstratified,False,741,13.959445369183324,17.34652360493298,20260827
permuted_anchor_pseudo_edge,unstratified,False,742,10.590938149025295,17.34652360493298,20260827
permuted_anchor_pseudo_edge,unstratified,False,743,17.515804681063226,17.34652360493298,20260827
permuted_anchor_pseudo_edge,unstratified,False,744,12.488292698985894,17.34652360493298,20260827
permuted_anchor_pseudo_edge,unstratified,False,745,11.70166092188842,17.34652360493298,20260827
permuted_anchor_pseudo_edge,unstratified,False,746,18.846267942637557,17.34652360493298,20260827
permuted_anchor_pseudo_edge,unstratified,False,747,14.00869443581465,17.34652360493298,20260827
permuted_anchor_pseudo_edge,unstratified,False,748,16.447244821810894,17.34652360493298,20260827
permuted_anchor_pseudo_edge,unstratified,False,749,18.47217200685325,17.34652360493298,20260827
permuted_anchor_pseudo_edge,unstratified,False,750,16.631551776318386,17.34652360493298,20260827
permuted_anchor_pseudo_edge,unstratified,False,751,21.292763178079024,17.34652360493298,20260827
permuted_anchor_pseudo_edge,unstratified,False,752,13.728615593914284,17.34652360493298,20260827
permuted_anchor_pseudo_edge,unstratified,False,753,21.411352853526843,17.34652360493298,20260827
permuted_anchor_pseudo_edge,unstratified,False,754,14.476685130763741,17.34652360493298,20260827
permuted_anchor_pseudo_edge,unstratified,False,755,15.545148669990944,17.34652360493298,20260827
permuted_anchor_pseudo_edge,unstratified,False,756,10.01437457067675,17.34652360493298,20260827
permuted_anchor_pseudo_edge,unstratified,False,757,13.507778628866632,17.34652360493298,20260827
permuted_anchor_pseudo_edge,unstratified,False,758,19.201103871044037,17.34652360493298,20260827
permuted_anchor_pseudo_edge,unstratified,False,759,17.255539916820556,17.34652360493298,20260827
permuted_anchor_pseudo_edge,unstratified,False,760,15.286347806168502,17.34652360493298,20260827
permuted_anchor_pseudo_edge,unstratified,False,761,19.349344251764293,17.34652360493298,20260827
permuted_anchor_pseudo_edge,unstratified,False,762,17.711896380747184,17.34652360493298,20260827
permuted_anchor_pseudo_edge,unstratified,False,763,16.825123178982558,17.34652360493298,20260827
permuted_anchor_pseudo_edge,unstratified,False,764,20.4611837263451,17.34652360493298,20260827
permuted_anchor_pseudo_edge,unstratified,False,765,14.534227049809994,17.34652360493298,20260827
permuted_anchor_pseudo_edge,unstratified,False,766,16.017044715712483,17.34652360493298,20260827
permuted_anchor_pseudo_edge,unstratified,False,767,22.96030497532403,17.34652360493298,20260827
permuted_anchor_pseudo_edge,unstratified,False,768,11.349727762269762,17.34652360493298,20260827
permuted_anchor_pseudo_edge,unstratified,False,769,18.96951560940234,17.34652360493298,20260827
permuted_anchor_pseudo_edge,unstratified,False,770,20.960737801315712,17.34652360493298,20260827
permuted_anchor_pseudo_edge,unstratified,False,771,26.516541297387093,17.34652360493298,20260827
permuted_anchor_pseudo_edge,unstratified,False,772,15.1881314871021,17.34652360493298,20260827
permuted_anchor_pseudo_edge,unstratified,False,773,18.84306459778507,17.34652360493298,20260827
permuted_anchor_pseudo_edge,unstratified,False,774,15.064656203701137,17.34652360493298,20260827
permuted_anchor_pseudo_edge,unstratified,False,775,14.394837863587936,17.34652360493298,20260827
permuted_anchor_pseudo_edge,unstratified,False,776,19.90700380010467,17.34652360493298,20260827
permuted_anchor_pseudo_edge,unstratified,False,777,21.261618403710532,17.34652360493298,20260827
permuted_anchor_pseudo_edge,unstratified,False,778,12.051124882598693,17.34652360493298,20260827
permuted_anchor_pseudo_edge,unstratified,False,779,18.600863008153045,17.34652360493298,20260827
permuted_anchor_pseudo_edge,unstratified,False,780,12.524090108005534,17.34652360493298,20260827
permuted_anchor_pseudo_edge,unstratified,False,781,15.81050483073819,17.34652360493298,20260827
permuted_anchor_pseudo_edge,unstratified,False,782,13.300012299673684,17.34652360493298,20260827
permuted_anchor_pseudo_edge,unstratified,False,783,11.765384235248543,17.34652360493298,20260827
permuted_anchor_pseudo_edge,unstratified,False,784,10.87003697680103,17.34652360493298,20260827
permuted_anchor_pseudo_edge,unstratified,False,785,11.331927737604884,17.34652360493298,20260827
permuted_anchor_pseudo_edge,unstratified,False,786,15.573275723489083,17.34652360493298,20260827
permuted_anchor_pseudo_edge,unstratified,False,787,12.770485335836748,17.34652360493298,20260827
permuted_anchor_pseudo_edge,unstratified,False,788,14.193317015078705,17.34652360493298,20260827
permuted_anchor_pseudo_edge,unstratified,False,789,19.27630484367608,17.34652360493298,20260827
permuted_anchor_pseudo_edge,unstratified,False,790,13.712986135579175,17.34652360493298,20260827
permuted_anchor_pseudo_edge,unstratified,False,791,21.91135068077257,17.34652360493298,20260827
permuted_anchor_pseudo_edge,unstratified,False,792,15.590431789894238,17.34652360493298,20260827
permuted_anchor_pseudo_edge,unstratified,False,793,15.939289823986607,17.34652360493298,20260827
permuted_anchor_pseudo_edge,unstratified,False,794,7.2767462590860195,17.34652360493298,20260827
permuted_anchor_pseudo_edge,unstratified,False,795,17.479140269171893,17.34652360493298,20260827
permuted_anchor_pseudo_edge,unstratified,False,796,21.151117018314437,17.34652360493298,20260827
permuted_anchor_pseudo_edge,unstratified,False,797,20.74307561872716,17.34652360493298,20260827
permuted_anchor_pseudo_edge,unstratified,False,798,17.475989526300015,17.34652360493298,20260827
permuted_anchor_pseudo_edge,unstratified,False,799,11.1093579297906,17.34652360493298,20260827
permuted_anchor_pseudo_edge,unstratified,False,800,14.679706355650216,17.34652360493298,20260827
permuted_anchor_pseudo_edge,unstratified,False,801,14.639657450798499,17.34652360493298,20260827
permuted_anchor_pseudo_edge,unstratified,False,802,15.418405264224141,17.34652360493298,20260827
permuted_anchor_pseudo_edge,unstratified,False,803,13.54956418040169,17.34652360493298,20260827
permuted_anchor_pseudo_edge,unstratified,False,804,17.163069234327665,17.34652360493298,20260827
permuted_anchor_pseudo_edge,unstratified,False,805,19.726935821021,17.34652360493298,20260827
permuted_anchor_pseudo_edge,unstratified,False,806,13.712821247300045,17.34652360493298,20260827
permuted_anchor_pseudo_edge,unstratified,False,807,16.690546005230292,17.34652360493298,20260827
permuted_anchor_pseudo_edge,unstratified,False,808,15.869403536168294,17.34652360493298,20260827
permuted_anchor_pseudo_edge,unstratified,False,809,17.278646993376753,17.34652360493298,20260827
permuted_anchor_pseudo_edge,unstratified,False,810,21.002453736005982,17.34652360493298,20260827
permuted_anchor_pseudo_edge,unstratified,False,811,18.403500493894082,17.34652360493298,20260827
permuted_anchor_pseudo_edge,unstratified,False,812,12.13933781343841,17.34652360493298,20260827
permuted_anchor_pseudo_edge,unstratified,False,813,21.22734822087227,17.34652360493298,20260827
permuted_anchor_pseudo_edge,unstratified,False,814,25.09623230695342,17.34652360493298,20260827
permuted_anchor_pseudo_edge,unstratified,False,815,18.03803998124085,17.34652360493298,20260827
permuted_anchor_pseudo_edge,unstratified,False,816,16.598417693861386,17.34652360493298,20260827
permuted_anchor_pseudo_edge,unstratified,False,817,15.502880309582757,17.34652360493298,20260827
permuted_anchor_pseudo_edge,unstratified,False,818,17.10576410706243,17.34652360493298,20260827
permuted_anchor_pseudo_edge,unstratified,False,819,10.203567998466232,17.34652360493298,20260827
permuted_anchor_pseudo_edge,unstratified,False,820,17.53062472723153,17.34652360493298,20260827
permuted_anchor_pseudo_edge,unstratified,False,821,16.328597048645406,17.34652360493298,20260827
permuted_anchor_pseudo_edge,unstratified,False,822,16.36718990950888,17.34652360493298,20260827
permuted_anchor_pseudo_edge,unstratified,False,823,18.085393628174646,17.34652360493298,20260827
permuted_anchor_pseudo_edge,unstratified,False,824,15.7197219662913,17.34652360493298,20260827
permuted_anchor_pseudo_edge,unstratified,False,825,13.304846305031633,17.34652360493298,20260827
permuted_anchor_pseudo_edge,unstratified,False,826,11.47201382320284,17.34652360493298,20260827
permuted_anchor_pseudo_edge,unstratified,False,827,17.761002900294837,17.34652360493298,20260827
permuted_anchor_pseudo_edge,unstratified,False,828,12.510841973541428,17.34652360493298,20260827
permuted_anchor_pseudo_edge,unstratified,False,829,11.88449235734229,17.34652360493298,20260827
permuted_anchor_pseudo_edge,unstratified,False,830,16.038285858359803,17.34652360493298,20260827
permuted_anchor_pseudo_edge,unstratified,False,831,18.693047787507897,17.34652360493298,20260827
permuted_anchor_pseudo_edge,unstratified,False,832,15.386258285096238,17.34652360493298,20260827
permuted_anchor_pseudo_edge,unstratified,False,833,10.818818534109397,17.34652360493298,20260827
permuted_anchor_pseudo_edge,unstratified,False,834,15.741980053037974,17.34652360493298,20260827
permuted_anchor_pseudo_edge,unstratified,False,835,17.66603219108854,17.34652360493298,20260827
permuted_anchor_pseudo_edge,unstratified,False,836,8.657705445462062,17.34652360493298,20260827
permuted_anchor_pseudo_edge,unstratified,False,837,16.471990844239006,17.34652360493298,20260827
permuted_anchor_pseudo_edge,unstratified,False,838,15.496110605914993,17.34652360493298,20260827
permuted_anchor_pseudo_edge,unstratified,False,839,17.45601454789733,17.34652360493298,20260827
permuted_anchor_pseudo_edge,unstratified,False,840,19.947591082587547,17.34652360493298,20260827
permuted_anchor_pseudo_edge,unstratified,False,841,16.10273550315658,17.34652360493298,20260827
permuted_anchor_pseudo_edge,unstratified,False,842,18.349462673730343,17.34652360493298,20260827
permuted_anchor_pseudo_edge,unstratified,False,843,13.870734789788788,17.34652360493298,20260827
permuted_anchor_pseudo_edge,unstratified,False,844,15.775135648884453,17.34652360493298,20260827
permuted_anchor_pseudo_edge,unstratified,False,845,16.392414019817583,17.34652360493298,20260827
permuted_anchor_pseudo_edge,unstratified,False,846,15.188352622311326,17.34652360493298,20260827
permuted_anchor_pseudo_edge,unstratified,False,847,19.90599201324334,17.34652360493298,20260827
permuted_anchor_pseudo_edge,unstratified,False,848,18.136917999613843,17.34652360493298,20260827
permuted_anchor_pseudo_edge,unstratified,False,849,21.037290027866014,17.34652360493298,20260827
permuted_anchor_pseudo_edge,unstratified,False,850,13.164251995854379,17.34652360493298,20260827
permuted_anchor_pseudo_edge,unstratified,False,851,15.22933852381922,17.34652360493298,20260827
permuted_anchor_pseudo_edge,unstratified,False,852,13.880523969417919,17.34652360493298,20260827
permuted_anchor_pseudo_edge,unstratified,False,853,25.236530170513692,17.34652360493298,20260827
permuted_anchor_pseudo_edge,unstratified,False,854,19.661724487024735,17.34652360493298,20260827
permuted_anchor_pseudo_edge,unstratified,False,855,16.14152975990781,17.34652360493298,20260827
permuted_anchor_pseudo_edge,unstratified,False,856,21.607892315740294,17.34652360493298,20260827
permuted_anchor_pseudo_edge,unstratified,False,857,11.17639691600862,17.34652360493298,20260827
permuted_anchor_pseudo_edge,unstratified,False,858,10.09665936075802,17.34652360493298,20260827
permuted_anchor_pseudo_edge,unstratified,False,859,15.01570923360159,17.34652360493298,20260827
permuted_anchor_pseudo_edge,unstratified,False,860,10.170436553689653,17.34652360493298,20260827
permuted_anchor_pseudo_edge,unstratified,False,861,13.660488776186158,17.34652360493298,20260827
permuted_anchor_pseudo_edge,unstratified,False,862,17.32457117973969,17.34652360493298,20260827
permuted_anchor_pseudo_edge,unstratified,False,863,12.81024223940171,17.34652360493298,20260827
permuted_anchor_pseudo_edge,unstratified,False,864,16.02220668447382,17.34652360493298,20260827
permuted_anchor_pseudo_edge,unstratified,False,865,10.164512211552887,17.34652360493298,20260827
permuted_anchor_pseudo_edge,unstratified,False,866,20.65169142360427,17.34652360493298,20260827
permuted_anchor_pseudo_edge,unstratified,False,867,7.560002570408662,17.34652360493298,20260827
permuted_anchor_pseudo_edge,unstratified,False,868,19.948565934507652,17.34652360493298,20260827
permuted_anchor_pseudo_edge,unstratified,False,869,19.920494587660333,17.34652360493298,20260827
permuted_anchor_pseudo_edge,unstratified,False,870,16.952199464851436,17.34652360493298,20260827
permuted_anchor_pseudo_edge,unstratified,False,871,12.613241105486964,17.34652360493298,20260827
permuted_anchor_pseudo_edge,unstratified,False,872,15.50000602691137,17.34652360493298,20260827
permuted_anchor_pseudo_edge,unstratified,False,873,18.57674347684572,17.34652360493298,20260827
permuted_anchor_pseudo_edge,unstratified,False,874,16.268481589494733,17.34652360493298,20260827
permuted_anchor_pseudo_edge,unstratified,False,875,14.649073091777618,17.34652360493298,20260827
permuted_anchor_pseudo_edge,unstratified,False,876,17.53012539907255,17.34652360493298,20260827
permuted_anchor_pseudo_edge,unstratified,False,877,18.531625118747904,17.34652360493298,20260827
permuted_anchor_pseudo_edge,unstratified,False,878,17.100241058464093,17.34652360493298,20260827
permuted_anchor_pseudo_edge,unstratified,False,879,20.719624980670464,17.34652360493298,20260827
permuted_anchor_pseudo_edge,unstratified,False,880,13.903038565141,17.34652360493298,20260827
permuted_anchor_pseudo_edge,unstratified,False,881,18.886309133277695,17.34652360493298,20260827
permuted_anchor_pseudo_edge,unstratified,False,882,17.056971364354524,17.34652360493298,20260827
permuted_anchor_pseudo_edge,unstratified,False,883,12.769524304363816,17.34652360493298,20260827
permuted_anchor_pseudo_edge,unstratified,False,884,16.306032980477152,17.34652360493298,20260827
permuted_anchor_pseudo_edge,unstratified,False,885,15.858065606602215,17.34652360493298,20260827
permuted_anchor_pseudo_edge,unstratified,False,886,16.169363845738218,17.34652360493298,20260827
permuted_anchor_pseudo_edge,unstratified,False,887,20.24355861776927,17.34652360493298,20260827
permuted_anchor_pseudo_edge,unstratified,False,888,12.054978538105331,17.34652360493298,20260827
permuted_anchor_pseudo_edge,unstratified,False,889,16.776792962585112,17.34652360493298,20260827
permuted_anchor_pseudo_edge,unstratified,False,890,16.464071954204826,17.34652360493298,20260827
permuted_anchor_pseudo_edge,unstratified,False,891,21.298735475708476,17.34652360493298,20260827
permuted_anchor_pseudo_edge,unstratified,False,892,15.174138314021373,17.34652360493298,20260827
permuted_anchor_pseudo_edge,unstratified,False,893,24.301585305587697,17.34652360493298,20260827
permuted_anchor_pseudo_edge,unstratified,False,894,18.68056174531522,17.34652360493298,20260827
permuted_anchor_pseudo_edge,unstratified,False,895,14.10622492218565,17.34652360493298,20260827
permuted_anchor_pseudo_edge,unstratified,False,896,20.824222340380825,17.34652360493298,20260827
permuted_anchor_pseudo_edge,unstratified,False,897,15.230913014726829,17.34652360493298,20260827
permuted_anchor_pseudo_edge,unstratified,False,898,22.48982807674737,17.34652360493298,20260827
permuted_anchor_pseudo_edge,unstratified,False,899,16.092649914787287,17.34652360493298,20260827
permuted_anchor_pseudo_edge,unstratified,False,900,17.2016643128731,17.34652360493298,20260827
permuted_anchor_pseudo_edge,unstratified,False,901,15.970793625583946,17.34652360493298,20260827
permuted_anchor_pseudo_edge,unstratified,False,902,15.763507727870643,17.34652360493298,20260827
permuted_anchor_pseudo_edge,unstratified,False,903,15.961005018767846,17.34652360493298,20260827
permuted_anchor_pseudo_edge,unstratified,False,904,19.42676187787041,17.34652360493298,20260827
permuted_anchor_pseudo_edge,unstratified,False,905,11.531137063382475,17.34652360493298,20260827
permuted_anchor_pseudo_edge,unstratified,False,906,19.690232410229804,17.34652360493298,20260827
permuted_anchor_pseudo_edge,unstratified,False,907,14.634651832680005,17.34652360493298,20260827
permuted_anchor_pseudo_edge,unstratified,False,908,20.356556020368267,17.34652360493298,20260827
permuted_anchor_pseudo_edge,unstratified,False,909,14.509653253963936,17.34652360493298,20260827
permuted_anchor_pseudo_edge,unstratified,False,910,24.080905286163393,17.34652360493298,20260827
permuted_anchor_pseudo_edge,unstratified,False,911,21.96830671288873,17.34652360493298,20260827
permuted_anchor_pseudo_edge,unstratified,False,912,21.00306081240715,17.34652360493298,20260827
permuted_anchor_pseudo_edge,unstratified,False,913,16.52099296543573,17.34652360493298,20260827
permuted_anchor_pseudo_edge,unstratified,False,914,16.36003526320691,17.34652360493298,20260827
permuted_anchor_pseudo_edge,unstratified,False,915,12.968728866193635,17.34652360493298,20260827
permuted_anchor_pseudo_edge,unstratified,False,916,21.13396517761074,17.34652360493298,20260827
permuted_anchor_pseudo_edge,unstratified,False,917,13.637722392769696,17.34652360493298,20260827
permuted_anchor_pseudo_edge,unstratified,False,918,11.101480891468764,17.34652360493298,20260827
permuted_anchor_pseudo_edge,unstratified,False,919,16.606115832370794,17.34652360493298,20260827
permuted_anchor_pseudo_edge,unstratified,False,920,16.917627316638637,17.34652360493298,20260827
permuted_anchor_pseudo_edge,unstratified,False,921,14.571862161190788,17.34652360493298,20260827
permuted_anchor_pseudo_edge,unstratified,False,922,20.45975151160891,17.34652360493298,20260827
permuted_anchor_pseudo_edge,unstratified,False,923,18.43475507027677,17.34652360493298,20260827
permuted_anchor_pseudo_edge,unstratified,False,924,13.910654870564548,17.34652360493298,20260827
permuted_anchor_pseudo_edge,unstratified,False,925,21.097969125060565,17.34652360493298,20260827
permuted_anchor_pseudo_edge,unstratified,False,926,7.787319919514049,17.34652360493298,20260827
permuted_anchor_pseudo_edge,unstratified,False,927,19.057356363065026,17.34652360493298,20260827
permuted_anchor_pseudo_edge,unstratified,False,928,15.384520363651383,17.34652360493298,20260827
permuted_anchor_pseudo_edge,unstratified,False,929,17.21708248961257,17.34652360493298,20260827
permuted_anchor_pseudo_edge,unstratified,False,930,14.125323379457347,17.34652360493298,20260827
permuted_anchor_pseudo_edge,unstratified,False,931,19.008554667848152,17.34652360493298,20260827
permuted_anchor_pseudo_edge,unstratified,False,932,18.34934240202869,17.34652360493298,20260827
permuted_anchor_pseudo_edge,unstratified,False,933,13.779008141378451,17.34652360493298,20260827
permuted_anchor_pseudo_edge,unstratified,False,934,18.114375043263273,17.34652360493298,20260827
permuted_anchor_pseudo_edge,unstratified,False,935,19.782809959438044,17.34652360493298,20260827
permuted_anchor_pseudo_edge,unstratified,False,936,15.283660363365609,17.34652360493298,20260827
permuted_anchor_pseudo_edge,unstratified,False,937,22.27151404966911,17.34652360493298,20260827
permuted_anchor_pseudo_edge,unstratified,False,938,24.446872526521904,17.34652360493298,20260827
permuted_anchor_pseudo_edge,unstratified,False,939,18.213631032159334,17.34652360493298,20260827
permuted_anchor_pseudo_edge,unstratified,False,940,15.795125618320622,17.34652360493298,20260827
permuted_anchor_pseudo_edge,unstratified,False,941,12.989623992942475,17.34652360493298,20260827
permuted_anchor_pseudo_edge,unstratified,False,942,19.034876000509335,17.34652360493298,20260827
permuted_anchor_pseudo_edge,unstratified,False,943,16.035067665025846,17.34652360493298,20260827
permuted_anchor_pseudo_edge,unstratified,False,944,18.842735618512574,17.34652360493298,20260827
permuted_anchor_pseudo_edge,unstratified,False,945,15.994761247231496,17.34652360493298,20260827
permuted_anchor_pseudo_edge,unstratified,False,946,14.472371393076605,17.34652360493298,20260827
permuted_anchor_pseudo_edge,unstratified,False,947,17.648252654718803,17.34652360493298,20260827
permuted_anchor_pseudo_edge,unstratified,False,948,25.754399383046778,17.34652360493298,20260827
permuted_anchor_pseudo_edge,unstratified,False,949,15.266944655556006,17.34652360493298,20260827
permuted_anchor_pseudo_edge,unstratified,False,950,12.703220385646505,17.34652360493298,20260827
permuted_anchor_pseudo_edge,unstratified,False,951,16.488613573477835,17.34652360493298,20260827
permuted_anchor_pseudo_edge,unstratified,False,952,7.754431901287609,17.34652360493298,20260827
permuted_anchor_pseudo_edge,unstratified,False,953,15.764927270353816,17.34652360493298,20260827
permuted_anchor_pseudo_edge,unstratified,False,954,17.717075417976925,17.34652360493298,20260827
permuted_anchor_pseudo_edge,unstratified,False,955,15.746738385240105,17.34652360493298,20260827
permuted_anchor_pseudo_edge,unstratified,False,956,16.04729656838994,17.34652360493298,20260827
permuted_anchor_pseudo_edge,unstratified,False,957,18.279086039473732,17.34652360493298,20260827
permuted_anchor_pseudo_edge,unstratified,False,958,17.467222454974966,17.34652360493298,20260827
permuted_anchor_pseudo_edge,unstratified,False,959,13.957532267719214,17.34652360493298,20260827
permuted_anchor_pseudo_edge,unstratified,False,960,17.21014718745448,17.34652360493298,20260827
permuted_anchor_pseudo_edge,unstratified,False,961,15.43843327872503,17.34652360493298,20260827
permuted_anchor_pseudo_edge,unstratified,False,962,16.714434735054787,17.34652360493298,20260827
permuted_anchor_pseudo_edge,unstratified,False,963,9.761398101027211,17.34652360493298,20260827
permuted_anchor_pseudo_edge,unstratified,False,964,21.26847891938222,17.34652360493298,20260827
permuted_anchor_pseudo_edge,unstratified,False,965,16.537125166753672,17.34652360493298,20260827
permuted_anchor_pseudo_edge,unstratified,False,966,14.043693501866894,17.34652360493298,20260827
permuted_anchor_pseudo_edge,unstratified,False,967,14.94033319025261,17.34652360493298,20260827
permuted_anchor_pseudo_edge,unstratified,False,968,11.774770732774016,17.34652360493298,20260827
permuted_anchor_pseudo_edge,unstratified,False,969,15.489254663784422,17.34652360493298,20260827
permuted_anchor_pseudo_edge,unstratified,False,970,11.322483826621784,17.34652360493298,20260827
permuted_anchor_pseudo_edge,unstratified,False,971,15.988450439996226,17.34652360493298,20260827
permuted_anchor_pseudo_edge,unstratified,False,972,23.65889155167451,17.34652360493298,20260827
permuted_anchor_pseudo_edge,unstratified,False,973,16.61449149442299,17.34652360493298,20260827
permuted_anchor_pseudo_edge,unstratified,False,974,17.347115116316296,17.34652360493298,20260827
permuted_anchor_pseudo_edge,unstratified,False,975,13.98858077829085,17.34652360493298,20260827
permuted_anchor_pseudo_edge,unstratified,False,976,16.99571051281821,17.34652360493298,20260827
permuted_anchor_pseudo_edge,unstratified,False,977,15.770616169290033,17.34652360493298,20260827
permuted_anchor_pseudo_edge,unstratified,False,978,16.276027862228,17.34652360493298,20260827
permuted_anchor_pseudo_edge,unstratified,False,979,23.05578209195305,17.34652360493298,20260827
permuted_anchor_pseudo_edge,unstratified,False,980,7.772222954108296,17.34652360493298,20260827
permuted_anchor_pseudo_edge,unstratified,False,981,12.387622749366649,17.34652360493298,20260827
permuted_anchor_pseudo_edge,unstratified,False,982,23.621015174405212,17.34652360493298,20260827
permuted_anchor_pseudo_edge,unstratified,False,983,18.930790391409598,17.34652360493298,20260827
permuted_anchor_pseudo_edge,unstratified,False,984,15.667697862835015,17.34652360493298,20260827
permuted_anchor_pseudo_edge,unstratified,False,985,17.383517704935322,17.34652360493298,20260827
permuted_anchor_pseudo_edge,unstratified,False,986,14.591530868656854,17.34652360493298,20260827
permuted_anchor_pseudo_edge,unstratified,False,987,16.64239356106803,17.34652360493298,20260827
permuted_anchor_pseudo_edge,unstratified,False,988,16.321172460814196,17.34652360493298,20260827
permuted_anchor_pseudo_edge,unstratified,False,989,24.494078578414566,17.34652360493298,20260827
permuted_anchor_pseudo_edge,unstratified,False,990,22.970489167194067,17.34652360493298,20260827
permuted_anchor_pseudo_edge,unstratified,False,991,14.344971939006953,17.34652360493298,20260827
permuted_anchor_pseudo_edge,unstratified,False,992,14.10348479452265,17.34652360493298,20260827
permuted_anchor_pseudo_edge,unstratified,False,993,16.456879590361254,17.34652360493298,20260827
permuted_anchor_pseudo_edge,unstratified,False,994,11.71526837211507,17.34652360493298,20260827
permuted_anchor_pseudo_edge,unstratified,False,995,23.205280553642876,17.34652360493298,20260827
permuted_anchor_pseudo_edge,unstratified,False,996,11.826772332706255,17.34652360493298,20260827
permuted_anchor_pseudo_edge,unstratified,False,997,15.249251069805592,17.34652360493298,20260827
permuted_anchor_pseudo_edge,unstratified,False,998,15.41500638579674,17.34652360493298,20260827
permuted_anchor_pseudo_edge,unstratified,False,999,14.931002953990177,17.34652360493298,20260827
permuted_anchor_pseudo_edge,unstratified,False,1000,18.639767550424803,17.34652360493298,20260827
permuted_anchor_pseudo_edge,unstratified,False,1001,16.389636765370316,17.34652360493298,20260827
permuted_anchor_pseudo_edge,unstratified,False,1002,17.22417763910849,17.34652360493298,20260827
permuted_anchor_pseudo_edge,unstratified,False,1003,14.43235965357688,17.34652360493298,20260827
permuted_anchor_pseudo_edge,unstratified,False,1004,9.85557563102705,17.34652360493298,20260827
permuted_anchor_pseudo_edge,unstratified,False,1005,21.68061605049499,17.34652360493298,20260827
permuted_anchor_pseudo_edge,unstratified,False,1006,15.371517124355513,17.34652360493298,20260827
permuted_anchor_pseudo_edge,unstratified,False,1007,9.974310916800365,17.34652360493298,20260827
permuted_anchor_pseudo_edge,unstratified,False,1008,19.146886360124714,17.34652360493298,20260827
permuted_anchor_pseudo_edge,unstratified,False,1009,14.593745401746421,17.34652360493298,20260827
permuted_anchor_pseudo_edge,unstratified,False,1010,15.321365621350283,17.34652360493298,20260827
permuted_anchor_pseudo_edge,unstratified,False,1011,13.808540100243402,17.34652360493298,20260827
permuted_anchor_pseudo_edge,unstratified,False,1012,14.528211712192574,17.34652360493298,20260827
permuted_anchor_pseudo_edge,unstratified,False,1013,21.648351532511988,17.34652360493298,20260827
permuted_anchor_pseudo_edge,unstratified,False,1014,18.650968151745936,17.34652360493298,20260827
permuted_anchor_pseudo_edge,unstratified,False,1015,19.7458769151386,17.34652360493298,20260827
permuted_anchor_pseudo_edge,unstratified,False,1016,16.23702981752627,17.34652360493298,20260827
permuted_anchor_pseudo_edge,unstratified,False,1017,19.76584789992332,17.34652360493298,20260827
permuted_anchor_pseudo_edge,unstratified,False,1018,21.668552957656566,17.34652360493298,20260827
permuted_anchor_pseudo_edge,unstratified,False,1019,16.151384324182075,17.34652360493298,20260827
permuted_anchor_pseudo_edge,unstratified,False,1020,15.697165826929574,17.34652360493298,20260827
permuted_anchor_pseudo_edge,unstratified,False,1021,23.982977785790595,17.34652360493298,20260827
permuted_anchor_pseudo_edge,unstratified,False,1022,16.808062745315066,17.34652360493298,20260827
permuted_anchor_pseudo_edge,unstratified,False,1023,22.128348118450454,17.34652360493298,20260827
permuted_anchor_pseudo_edge,unstratified,False,1024,11.755627591024325,17.34652360493298,20260827
permuted_anchor_pseudo_edge,unstratified,False,1025,17.97440183552937,17.34652360493298,20260827
permuted_anchor_pseudo_edge,unstratified,False,1026,14.76429151365738,17.34652360493298,20260827
permuted_anchor_pseudo_edge,unstratified,False,1027,11.89742891605158,17.34652360493298,20260827
permuted_anchor_pseudo_edge,unstratified,False,1028,13.702921509783064,17.34652360493298,20260827
permuted_anchor_pseudo_edge,unstratified,False,1029,11.626442109153077,17.34652360493298,20260827
permuted_anchor_pseudo_edge,unstratified,False,1030,20.34936529941497,17.34652360493298,20260827
permuted_anchor_pseudo_edge,unstratified,False,1031,15.787258576839259,17.34652360493298,20260827
permuted_anchor_pseudo_edge,unstratified,False,1032,21.293487181434358,17.34652360493298,20260827
permuted_anchor_pseudo_edge,unstratified,False,1033,17.865201931600755,17.34652360493298,20260827
permuted_anchor_pseudo_edge,unstratified,False,1034,24.09381044847837,17.34652360493298,20260827
permuted_anchor_pseudo_edge,unstratified,False,1035,18.415801129644404,17.34652360493298,20260827
permuted_anchor_pseudo_edge,unstratified,False,1036,20.940128154822972,17.34652360493298,20260827
permuted_anchor_pseudo_edge,unstratified,False,1037,21.084170299756423,17.34652360493298,20260827
permuted_anchor_pseudo_edge,unstratified,False,1038,15.894955825936044,17.34652360493298,20260827
permuted_anchor_pseudo_edge,unstratified,False,1039,15.376154312494542,17.34652360493298,20260827
permuted_anchor_pseudo_edge,unstratified,False,1040,14.483616261114035,17.34652360493298,20260827
permuted_anchor_pseudo_edge,unstratified,False,1041,17.14259172722755,17.34652360493298,20260827
permuted_anchor_pseudo_edge,unstratified,False,1042,15.477505553083255,17.34652360493298,20260827
permuted_anchor_pseudo_edge,unstratified,False,1043,13.314766802274464,17.34652360493298,20260827
permuted_anchor_pseudo_edge,unstratified,False,1044,15.635859359101225,17.34652360493298,20260827
permuted_anchor_pseudo_edge,unstratified,False,1045,19.52651534109766,17.34652360493298,20260827
permuted_anchor_pseudo_edge,unstratified,False,1046,15.17897447943502,17.34652360493298,20260827
permuted_anchor_pseudo_edge,unstratified,False,1047,17.418272817219023,17.34652360493298,20260827
permuted_anchor_pseudo_edge,unstratified,False,1048,16.262011599253476,17.34652360493298,20260827
permuted_anchor_pseudo_edge,unstratified,False,1049,13.729498943162334,17.34652360493298,20260827
permuted_anchor_pseudo_edge,unstratified,False,1050,17.15785824934436,17.34652360493298,20260827
permuted_anchor_pseudo_edge,unstratified,False,1051,17.50337230600827,17.34652360493298,20260827
permuted_anchor_pseudo_edge,unstratified,False,1052,15.499099342127728,17.34652360493298,20260827
permuted_anchor_pseudo_edge,unstratified,False,1053,10.122905082252037,17.34652360493298,20260827
permuted_anchor_pseudo_edge,unstratified,False,1054,17.683601639363253,17.34652360493298,20260827
permuted_anchor_pseudo_edge,unstratified,False,1055,20.014009746168867,17.34652360493298,20260827
permuted_anchor_pseudo_edge,unstratified,False,1056,23.414529884824137,17.34652360493298,20260827
permuted_anchor_pseudo_edge,unstratified,False,1057,16.475156111959656,17.34652360493298,20260827
permuted_anchor_pseudo_edge,unstratified,False,1058,15.516804884572553,17.34652360493298,20260827
permuted_anchor_pseudo_edge,unstratified,False,1059,14.515438492838959,17.34652360493298,20260827
permuted_anchor_pseudo_edge,unstratified,False,1060,16.965382264484333,17.34652360493298,20260827
permuted_anchor_pseudo_edge,unstratified,False,1061,17.915159482951864,17.34652360493298,20260827
permuted_anchor_pseudo_edge,unstratified,False,1062,22.866081491533777,17.34652360493298,20260827
permuted_anchor_pseudo_edge,unstratified,False,1063,9.653368976527712,17.34652360493298,20260827
permuted_anchor_pseudo_edge,unstratified,False,1064,10.515389005155948,17.34652360493298,20260827
permuted_anchor_pseudo_edge,unstratified,False,1065,11.883293464789283,17.34652360493298,20260827
permuted_anchor_pseudo_edge,unstratified,False,1066,8.17825104914527,17.34652360493298,20260827
permuted_anchor_pseudo_edge,unstratified,False,1067,15.39207967202692,17.34652360493298,20260827
permuted_anchor_pseudo_edge,unstratified,False,1068,13.612656200698412,17.34652360493298,20260827
permuted_anchor_pseudo_edge,unstratified,False,1069,20.616997525822274,17.34652360493298,20260827
permuted_anchor_pseudo_edge,unstratified,False,1070,15.56780102245108,17.34652360493298,20260827
permuted_anchor_pseudo_edge,unstratified,False,1071,25.227018802831125,17.34652360493298,20260827
permuted_anchor_pseudo_edge,unstratified,False,1072,19.982641853937857,17.34652360493298,20260827
permuted_anchor_pseudo_edge,unstratified,False,1073,22.0916401867577,17.34652360493298,20260827
permuted_anchor_pseudo_edge,unstratified,False,1074,17.38865006557589,17.34652360493298,20260827
permuted_anchor_pseudo_edge,unstratified,False,1075,16.317366532904686,17.34652360493298,20260827
permuted_anchor_pseudo_edge,unstratified,False,1076,8.736452694787465,17.34652360493298,20260827
permuted_anchor_pseudo_edge,unstratified,False,1077,15.442851921513775,17.34652360493298,20260827
permuted_anchor_pseudo_edge,unstratified,False,1078,18.578466442722714,17.34652360493298,20260827
permuted_anchor_pseudo_edge,unstratified,False,1079,13.61382311321975,17.34652360493298,20260827
permuted_anchor_pseudo_edge,unstratified,False,1080,23.076532383543913,17.34652360493298,20260827
permuted_anchor_pseudo_edge,unstratified,False,1081,14.474759745113278,17.34652360493298,20260827
permuted_anchor_pseudo_edge,unstratified,False,1082,18.19876766136501,17.34652360493298,20260827
permuted_anchor_pseudo_edge,unstratified,False,1083,18.80349260251698,17.34652360493298,20260827
permuted_anchor_pseudo_edge,unstratified,False,1084,10.904003242484627,17.34652360493298,20260827
permuted_anchor_pseudo_edge,unstratified,False,1085,15.205161002286735,17.34652360493298,20260827
permuted_anchor_pseudo_edge,unstratified,False,1086,15.454938894468315,17.34652360493298,20260827
permuted_anchor_pseudo_edge,unstratified,False,1087,11.734972338851062,17.34652360493298,20260827
permuted_anchor_pseudo_edge,unstratified,False,1088,14.96361906374393,17.34652360493298,20260827
permuted_anchor_pseudo_edge,unstratified,False,1089,24.612642685980255,17.34652360493298,20260827
permuted_anchor_pseudo_edge,unstratified,False,1090,17.658711847445815,17.34652360493298,20260827
permuted_anchor_pseudo_edge,unstratified,False,1091,15.20410104483364,17.34652360493298,20260827
permuted_anchor_pseudo_edge,unstratified,False,1092,14.882429523708069,17.34652360493298,20260827
permuted_anchor_pseudo_edge,unstratified,False,1093,20.640246575672723,17.34652360493298,20260827
permuted_anchor_pseudo_edge,unstratified,False,1094,16.542835730179515,17.34652360493298,20260827
permuted_anchor_pseudo_edge,unstratified,False,1095,17.170593495986214,17.34652360493298,20260827
permuted_anchor_pseudo_edge,unstratified,False,1096,8.93691445734802,17.34652360493298,20260827
permuted_anchor_pseudo_edge,unstratified,False,1097,16.31621911804015,17.34652360493298,20260827
permuted_anchor_pseudo_edge,unstratified,False,1098,15.22601175744568,17.34652360493298,20260827
permuted_anchor_pseudo_edge,unstratified,False,1099,24.012530271956155,17.34652360493298,20260827
permuted_anchor_pseudo_edge,unstratified,False,1100,12.09083498666352,17.34652360493298,20260827
permuted_anchor_pseudo_edge,unstratified,False,1101,16.654900569755764,17.34652360493298,20260827
permuted_anchor_pseudo_edge,unstratified,False,1102,16.829979630543665,17.34652360493298,20260827
permuted_anchor_pseudo_edge,unstratified,False,1103,17.412649381651356,17.34652360493298,20260827
permuted_anchor_pseudo_edge,unstratified,False,1104,16.926345753811738,17.34652360493298,20260827
permuted_anchor_pseudo_edge,unstratified,False,1105,18.470740379720972,17.34652360493298,20260827
permuted_anchor_pseudo_edge,unstratified,False,1106,23.535861238185582,17.34652360493298,20260827
permuted_anchor_pseudo_edge,unstratified,False,1107,19.32053089343639,17.34652360493298,20260827
permuted_anchor_pseudo_edge,unstratified,False,1108,19.49766375912522,17.34652360493298,20260827
permuted_anchor_pseudo_edge,unstratified,False,1109,20.743724317781442,17.34652360493298,20260827
permuted_anchor_pseudo_edge,unstratified,False,1110,20.26795865557643,17.34652360493298,20260827
permuted_anchor_pseudo_edge,unstratified,False,1111,24.284492984160632,17.34652360493298,20260827
permuted_anchor_pseudo_edge,unstratified,False,1112,10.549901971368305,17.34652360493298,20260827
permuted_anchor_pseudo_edge,unstratified,False,1113,13.107613086287499,17.34652360493298,20260827
permuted_anchor_pseudo_edge,unstratified,False,1114,12.697001830859204,17.34652360493298,20260827
permuted_anchor_pseudo_edge,unstratified,False,1115,10.53853085231965,17.34652360493298,20260827
permuted_anchor_pseudo_edge,unstratified,False,1116,22.78477262857428,17.34652360493298,20260827
permuted_anchor_pseudo_edge,unstratified,False,1117,14.381166077813385,17.34652360493298,20260827
permuted_anchor_pseudo_edge,unstratified,False,1118,25.34435333341204,17.34652360493298,20260827
permuted_anchor_pseudo_edge,unstratified,False,1119,10.241811675490125,17.34652360493298,20260827
permuted_anchor_pseudo_edge,unstratified,False,1120,16.784248085921963,17.34652360493298,20260827
permuted_anchor_pseudo_edge,unstratified,False,1121,15.934549442320394,17.34652360493298,20260827
permuted_anchor_pseudo_edge,unstratified,False,1122,14.698422622621448,17.34652360493298,20260827
permuted_anchor_pseudo_edge,unstratified,False,1123,12.626665692630912,17.34652360493298,20260827
permuted_anchor_pseudo_edge,unstratified,False,1124,14.227473612624635,17.34652360493298,20260827
permuted_anchor_pseudo_edge,unstratified,False,1125,24.102689647603135,17.34652360493298,20260827
permuted_anchor_pseudo_edge,unstratified,False,1126,14.377214107496435,17.34652360493298,20260827
permuted_anchor_pseudo_edge,unstratified,False,1127,17.209819750376173,17.34652360493298,20260827
permuted_anchor_pseudo_edge,unstratified,False,1128,19.02896836891836,17.34652360493298,20260827
permuted_anchor_pseudo_edge,unstratified,False,1129,15.30907199258783,17.34652360493298,20260827
permuted_anchor_pseudo_edge,unstratified,False,1130,14.472804861384528,17.34652360493298,20260827
permuted_anchor_pseudo_edge,unstratified,False,1131,13.610670238751124,17.34652360493298,20260827
permuted_anchor_pseudo_edge,unstratified,False,1132,16.915419923847132,17.34652360493298,20260827
permuted_anchor_pseudo_edge,unstratified,False,1133,17.99635458086796,17.34652360493298,20260827
permuted_anchor_pseudo_edge,unstratified,False,1134,11.264954300083426,17.34652360493298,20260827
permuted_anchor_pseudo_edge,unstratified,False,1135,21.24703938006912,17.34652360493298,20260827
permuted_anchor_pseudo_edge,unstratified,False,1136,12.700755158156236,17.34652360493298,20260827
permuted_anchor_pseudo_edge,unstratified,False,1137,20.769918482966204,17.34652360493298,20260827
permuted_anchor_pseudo_edge,unstratified,False,1138,13.170590947624266,17.34652360493298,20260827
permuted_anchor_pseudo_edge,unstratified,False,1139,21.11097532384263,17.34652360493298,20260827
permuted_anchor_pseudo_edge,unstratified,False,1140,11.135590378909482,17.34652360493298,20260827
permuted_anchor_pseudo_edge,unstratified,False,1141,16.778994393595973,17.34652360493298,20260827
permuted_anchor_pseudo_edge,unstratified,False,1142,16.360687738971137,17.34652360493298,20260827
permuted_anchor_pseudo_edge,unstratified,False,1143,22.974685192910997,17.34652360493298,20260827
permuted_anchor_pseudo_edge,unstratified,False,1144,19.201299716372517,17.34652360493298,20260827
permuted_anchor_pseudo_edge,unstratified,False,1145,16.55598803192161,17.34652360493298,20260827
permuted_anchor_pseudo_edge,unstratified,False,1146,15.333380487233919,17.34652360493298,20260827
permuted_anchor_pseudo_edge,unstratified,False,1147,14.782716723075328,17.34652360493298,20260827
permuted_anchor_pseudo_edge,unstratified,False,1148,19.42735298701826,17.34652360493298,20260827
permuted_anchor_pseudo_edge,unstratified,False,1149,19.46675262332423,17.34652360493298,20260827
permuted_anchor_pseudo_edge,unstratified,False,1150,21.283383033801893,17.34652360493298,20260827
permuted_anchor_pseudo_edge,unstratified,False,1151,19.068922755687158,17.34652360493298,20260827
permuted_anchor_pseudo_edge,unstratified,False,1152,18.288721673307133,17.34652360493298,20260827
permuted_anchor_pseudo_edge,unstratified,False,1153,14.41381057291767,17.34652360493298,20260827
permuted_anchor_pseudo_edge,unstratified,False,1154,12.003907692292037,17.34652360493298,20260827
permuted_anchor_pseudo_edge,unstratified,False,1155,15.79202127005325,17.34652360493298,20260827
permuted_anchor_pseudo_edge,unstratified,False,1156,20.45652634128105,17.34652360493298,20260827
permuted_anchor_pseudo_edge,unstratified,False,1157,13.561068027953851,17.34652360493298,20260827
permuted_anchor_pseudo_edge,unstratified,False,1158,14.025805128929608,17.34652360493298,20260827
permuted_anchor_pseudo_edge,unstratified,False,1159,16.58764561733613,17.34652360493298,20260827
permuted_anchor_pseudo_edge,unstratified,False,1160,16.639609199163154,17.34652360493298,20260827
permuted_anchor_pseudo_edge,unstratified,False,1161,15.202283791664234,17.34652360493298,20260827
permuted_anchor_pseudo_edge,unstratified,False,1162,21.72833984749539,17.34652360493298,20260827
permuted_anchor_pseudo_edge,unstratified,False,1163,18.218616349101953,17.34652360493298,20260827
permuted_anchor_pseudo_edge,unstratified,False,1164,19.212601320447682,17.34652360493298,20260827
permuted_anchor_pseudo_edge,unstratified,False,1165,21.807713070848436,17.34652360493298,20260827
permuted_anchor_pseudo_edge,unstratified,False,1166,14.094891040197718,17.34652360493298,20260827
permuted_anchor_pseudo_edge,unstratified,False,1167,11.642228495156187,17.34652360493298,20260827
permuted_anchor_pseudo_edge,unstratified,False,1168,14.82246858508648,17.34652360493298,20260827
permuted_anchor_pseudo_edge,unstratified,False,1169,11.679361711753591,17.34652360493298,20260827
permuted_anchor_pseudo_edge,unstratified,False,1170,17.138420918754537,17.34652360493298,20260827
permuted_anchor_pseudo_edge,unstratified,False,1171,16.96024003028402,17.34652360493298,20260827
permuted_anchor_pseudo_edge,unstratified,False,1172,11.22251382977014,17.34652360493298,20260827
permuted_anchor_pseudo_edge,unstratified,False,1173,22.759658451236646,17.34652360493298,20260827
permuted_anchor_pseudo_edge,unstratified,False,1174,17.352325469575664,17.34652360493298,20260827
permuted_anchor_pseudo_edge,unstratified,False,1175,16.190232857579513,17.34652360493298,20260827
permuted_anchor_pseudo_edge,unstratified,False,1176,11.469505118253984,17.34652360493298,20260827
permuted_anchor_pseudo_edge,unstratified,False,1177,19.42620280725818,17.34652360493298,20260827
permuted_anchor_pseudo_edge,unstratified,False,1178,12.707740463314723,17.34652360493298,20260827
permuted_anchor_pseudo_edge,unstratified,False,1179,15.276877583773963,17.34652360493298,20260827
permuted_anchor_pseudo_edge,unstratified,False,1180,21.166775901889157,17.34652360493298,20260827
permuted_anchor_pseudo_edge,unstratified,False,1181,10.36674681221672,17.34652360493298,20260827
permuted_anchor_pseudo_edge,unstratified,False,1182,24.227317056584656,17.34652360493298,20260827
permuted_anchor_pseudo_edge,unstratified,False,1183,10.727290950179748,17.34652360493298,20260827
permuted_anchor_pseudo_edge,unstratified,False,1184,15.65507896137815,17.34652360493298,20260827
permuted_anchor_pseudo_edge,unstratified,False,1185,15.046787467485531,17.34652360493298,20260827
permuted_anchor_pseudo_edge,unstratified,False,1186,15.891850167825258,17.34652360493298,20260827
permuted_anchor_pseudo_edge,unstratified,False,1187,11.763874363594692,17.34652360493298,20260827
permuted_anchor_pseudo_edge,unstratified,False,1188,16.72317966210911,17.34652360493298,20260827
permuted_anchor_pseudo_edge,unstratified,False,1189,17.847715018432684,17.34652360493298,20260827
permuted_anchor_pseudo_edge,unstratified,False,1190,15.069125076364939,17.34652360493298,20260827
permuted_anchor_pseudo_edge,unstratified,False,1191,18.059691614970664,17.34652360493298,20260827
permuted_anchor_pseudo_edge,unstratified,False,1192,15.562105111642378,17.34652360493298,20260827
permuted_anchor_pseudo_edge,unstratified,False,1193,15.638793582349154,17.34652360493298,20260827
permuted_anchor_pseudo_edge,unstratified,False,1194,21.556362172004352,17.34652360493298,20260827
permuted_anchor_pseudo_edge,unstratified,False,1195,13.184283237433528,17.34652360493298,20260827
permuted_anchor_pseudo_edge,unstratified,False,1196,14.97753885329915,17.34652360493298,20260827
permuted_anchor_pseudo_edge,unstratified,False,1197,16.290353862990536,17.34652360493298,20260827
permuted_anchor_pseudo_edge,unstratified,False,1198,11.088255762080367,17.34652360493298,20260827
permuted_anchor_pseudo_edge,unstratified,False,1199,12.471335869077137,17.34652360493298,20260827
permuted_anchor_pseudo_edge,unstratified,False,1200,23.589993296813606,17.34652360493298,20260827
permuted_anchor_pseudo_edge,unstratified,False,1201,16.119041785334325,17.34652360493298,20260827
permuted_anchor_pseudo_edge,unstratified,False,1202,16.441345946690905,17.34652360493298,20260827
permuted_anchor_pseudo_edge,unstratified,False,1203,16.36203733542691,17.34652360493298,20260827
permuted_anchor_pseudo_edge,unstratified,False,1204,16.535058986459045,17.34652360493298,20260827
permuted_anchor_pseudo_edge,unstratified,False,1205,17.308195975099792,17.34652360493298,20260827
permuted_anchor_pseudo_edge,unstratified,False,1206,19.82371502975061,17.34652360493298,20260827
permuted_anchor_pseudo_edge,unstratified,False,1207,9.279399610427552,17.34652360493298,20260827
permuted_anchor_pseudo_edge,unstratified,False,1208,26.277239909341393,17.34652360493298,20260827
permuted_anchor_pseudo_edge,unstratified,False,1209,13.46960413087447,17.34652360493298,20260827
permuted_anchor_pseudo_edge,unstratified,False,1210,16.370465770695557,17.34652360493298,20260827
permuted_anchor_pseudo_edge,unstratified,False,1211,16.396940653467027,17.34652360493298,20260827
permuted_anchor_pseudo_edge,unstratified,False,1212,18.4707537680557,17.34652360493298,20260827
permuted_anchor_pseudo_edge,unstratified,False,1213,12.726271928490032,17.34652360493298,20260827
permuted_anchor_pseudo_edge,unstratified,False,1214,23.381139776327675,17.34652360493298,20260827
permuted_anchor_pseudo_edge,unstratified,False,1215,17.505978630824828,17.34652360493298,20260827
permuted_anchor_pseudo_edge,unstratified,False,1216,15.641564658708587,17.34652360493298,20260827
permuted_anchor_pseudo_edge,unstratified,False,1217,20.483474419113218,17.34652360493298,20260827
permuted_anchor_pseudo_edge,unstratified,False,1218,16.631351258809264,17.34652360493298,20260827
permuted_anchor_pseudo_edge,unstratified,False,1219,14.800827064710317,17.34652360493298,20260827
permuted_anchor_pseudo_edge,unstratified,False,1220,14.518420359242548,17.34652360493298,20260827
permuted_anchor_pseudo_edge,unstratified,False,1221,18.63689160126775,17.34652360493298,20260827
permuted_anchor_pseudo_edge,unstratified,False,1222,19.40105553267315,17.34652360493298,20260827
permuted_anchor_pseudo_edge,unstratified,False,1223,12.577838411349692,17.34652360493298,20260827
permuted_anchor_pseudo_edge,unstratified,False,1224,19.826075063917582,17.34652360493298,20260827
permuted_anchor_pseudo_edge,unstratified,False,1225,20.127234251170577,17.34652360493298,20260827
permuted_anchor_pseudo_edge,unstratified,False,1226,14.633017732696024,17.34652360493298,20260827
permuted_anchor_pseudo_edge,unstratified,False,1227,15.144535906811479,17.34652360493298,20260827
permuted_anchor_pseudo_edge,unstratified,False,1228,16.960574764449177,17.34652360493298,20260827
permuted_anchor_pseudo_edge,unstratified,False,1229,17.18068630204354,17.34652360493298,20260827
permuted_anchor_pseudo_edge,unstratified,False,1230,21.657016285140266,17.34652360493298,20260827
permuted_anchor_pseudo_edge,unstratified,False,1231,9.599026349038889,17.34652360493298,20260827
permuted_anchor_pseudo_edge,unstratified,False,1232,14.923047087698652,17.34652360493298,20260827
permuted_anchor_pseudo_edge,unstratified,False,1233,15.860814846495913,17.34652360493298,20260827
permuted_anchor_pseudo_edge,unstratified,False,1234,12.935984865216108,17.34652360493298,20260827
permuted_anchor_pseudo_edge,unstratified,False,1235,12.416783009055452,17.34652360493298,20260827
permuted_anchor_pseudo_edge,unstratified,False,1236,12.872988495070311,17.34652360493298,20260827
permuted_anchor_pseudo_edge,unstratified,False,1237,12.599865981629337,17.34652360493298,20260827
permuted_anchor_pseudo_edge,unstratified,False,1238,18.501334781736286,17.34652360493298,20260827
permuted_anchor_pseudo_edge,unstratified,False,1239,16.343252854266115,17.34652360493298,20260827
permuted_anchor_pseudo_edge,unstratified,False,1240,17.57509734360561,17.34652360493298,20260827
permuted_anchor_pseudo_edge,unstratified,False,1241,8.58107132995421,17.34652360493298,20260827
permuted_anchor_pseudo_edge,unstratified,False,1242,14.692240011052455,17.34652360493298,20260827
permuted_anchor_pseudo_edge,unstratified,False,1243,14.189733176394551,17.34652360493298,20260827
permuted_anchor_pseudo_edge,unstratified,False,1244,20.245022668685056,17.34652360493298,20260827
permuted_anchor_pseudo_edge,unstratified,False,1245,15.575739685125386,17.34652360493298,20260827
permuted_anchor_pseudo_edge,unstratified,False,1246,18.782179852437768,17.34652360493298,20260827
permuted_anchor_pseudo_edge,unstratified,False,1247,16.88911368927869,17.34652360493298,20260827
permuted_anchor_pseudo_edge,unstratified,False,1248,16.498058130357805,17.34652360493298,20260827
permuted_anchor_pseudo_edge,unstratified,False,1249,12.367071948013269,17.34652360493298,20260827
permuted_anchor_pseudo_edge,unstratified,False,1250,11.91154426927168,17.34652360493298,20260827
permuted_anchor_pseudo_edge,unstratified,False,1251,18.402766201945095,17.34652360493298,20260827
permuted_anchor_pseudo_edge,unstratified,False,1252,19.48593402451044,17.34652360493298,20260827
permuted_anchor_pseudo_edge,unstratified,False,1253,19.838679181578094,17.34652360493298,20260827
permuted_anchor_pseudo_edge,unstratified,False,1254,22.327529265598663,17.34652360493298,20260827
permuted_anchor_pseudo_edge,unstratified,False,1255,14.232137168815726,17.34652360493298,20260827
permuted_anchor_pseudo_edge,unstratified,False,1256,19.2644792749125,17.34652360493298,20260827
permuted_anchor_pseudo_edge,unstratified,False,1257,20.801571463263592,17.34652360493298,20260827
permuted_anchor_pseudo_edge,unstratified,False,1258,18.892266651312756,17.34652360493298,20260827
permuted_anchor_pseudo_edge,unstratified,False,1259,18.256216598631582,17.34652360493298,20260827
permuted_anchor_pseudo_edge,unstratified,False,1260,18.092805955014327,17.34652360493298,20260827
permuted_anchor_pseudo_edge,unstratified,False,1261,15.402798272104128,17.34652360493298,20260827
permuted_anchor_pseudo_edge,unstratified,False,1262,18.631246199692974,17.34652360493298,20260827
permuted_anchor_pseudo_edge,unstratified,False,1263,12.502258311266973,17.34652360493298,20260827
permuted_anchor_pseudo_edge,unstratified,False,1264,14.499389385009847,17.34652360493298,20260827
permuted_anchor_pseudo_edge,unstratified,False,1265,16.056226961951236,17.34652360493298,20260827
permuted_anchor_pseudo_edge,unstratified,False,1266,14.89928149663877,17.34652360493298,20260827
permuted_anchor_pseudo_edge,unstratified,False,1267,15.15622268354665,17.34652360493298,20260827
permuted_anchor_pseudo_edge,unstratified,False,1268,12.42387800206084,17.34652360493298,20260827
permuted_anchor_pseudo_edge,unstratified,False,1269,23.566231195897636,17.34652360493298,20260827
permuted_anchor_pseudo_edge,unstratified,False,1270,15.287721063684348,17.34652360493298,20260827
permuted_anchor_pseudo_edge,unstratified,False,1271,12.571913882257416,17.34652360493298,20260827
permuted_anchor_pseudo_edge,unstratified,False,1272,20.949711467809607,17.34652360493298,20260827
permuted_anchor_pseudo_edge,unstratified,False,1273,13.956607937744398,17.34652360493298,20260827
permuted_anchor_pseudo_edge,unstratified,False,1274,20.183242768641275,17.34652360493298,20260827
permuted_anchor_pseudo_edge,unstratified,False,1275,11.457036290425913,17.34652360493298,20260827
permuted_anchor_pseudo_edge,unstratified,False,1276,15.418697265162395,17.34652360493298,20260827
permuted_anchor_pseudo_edge,unstratified,False,1277,13.021546053994914,17.34652360493298,20260827
permuted_anchor_pseudo_edge,unstratified,False,1278,13.186269208218576,17.34652360493298,20260827
permuted_anchor_pseudo_edge,unstratified,False,1279,10.201136527476393,17.34652360493298,20260827
permuted_anchor_pseudo_edge,unstratified,False,1280,19.131410634478428,17.34652360493298,20260827
permuted_anchor_pseudo_edge,unstratified,False,1281,16.002999703641542,17.34652360493298,20260827
permuted_anchor_pseudo_edge,unstratified,False,1282,19.291677297444288,17.34652360493298,20260827
permuted_anchor_pseudo_edge,unstratified,False,1283,16.90206033901902,17.34652360493298,20260827
permuted_anchor_pseudo_edge,unstratified,False,1284,18.492113383155363,17.34652360493298,20260827
permuted_anchor_pseudo_edge,unstratified,False,1285,20.89546187178518,17.34652360493298,20260827
permuted_anchor_pseudo_edge,unstratified,False,1286,15.365616986910425,17.34652360493298,20260827
permuted_anchor_pseudo_edge,unstratified,False,1287,13.09376916405111,17.34652360493298,20260827
permuted_anchor_pseudo_edge,unstratified,False,1288,17.202288658041827,17.34652360493298,20260827
permuted_anchor_pseudo_edge,unstratified,False,1289,18.49928035298563,17.34652360493298,20260827
permuted_anchor_pseudo_edge,unstratified,False,1290,14.031857461008515,17.34652360493298,20260827
permuted_anchor_pseudo_edge,unstratified,False,1291,13.677684435789686,17.34652360493298,20260827
permuted_anchor_pseudo_edge,unstratified,False,1292,8.90312019996156,17.34652360493298,20260827
permuted_anchor_pseudo_edge,unstratified,False,1293,18.531293656115533,17.34652360493298,20260827
permuted_anchor_pseudo_edge,unstratified,False,1294,20.937631998288065,17.34652360493298,20260827
permuted_anchor_pseudo_edge,unstratified,False,1295,17.85415114014356,17.34652360493298,20260827
permuted_anchor_pseudo_edge,unstratified,False,1296,13.406033038336604,17.34652360493298,20260827
permuted_anchor_pseudo_edge,unstratified,False,1297,18.412853137080592,17.34652360493298,20260827
permuted_anchor_pseudo_edge,unstratified,False,1298,14.211626023270204,17.34652360493298,20260827
permuted_anchor_pseudo_edge,unstratified,False,1299,10.852521182670618,17.34652360493298,20260827
permuted_anchor_pseudo_edge,unstratified,False,1300,14.558142681107093,17.34652360493298,20260827
permuted_anchor_pseudo_edge,unstratified,False,1301,14.601507480041187,17.34652360493298,20260827
permuted_anchor_pseudo_edge,unstratified,False,1302,17.037631214488073,17.34652360493298,20260827
permuted_anchor_pseudo_edge,unstratified,False,1303,21.562184269749352,17.34652360493298,20260827
permuted_anchor_pseudo_edge,unstratified,False,1304,19.196622346171345,17.34652360493298,20260827
permuted_anchor_pseudo_edge,unstratified,False,1305,15.268394473316388,17.34652360493298,20260827
permuted_anchor_pseudo_edge,unstratified,False,1306,21.00840350261927,17.34652360493298,20260827
permuted_anchor_pseudo_edge,unstratified,False,1307,18.047089832395567,17.34652360493298,20260827
permuted_anchor_pseudo_edge,unstratified,False,1308,23.469675282876796,17.34652360493298,20260827
permuted_anchor_pseudo_edge,unstratified,False,1309,18.125787423855826,17.34652360493298,20260827
permuted_anchor_pseudo_edge,unstratified,False,1310,22.032637835504406,17.34652360493298,20260827
permuted_anchor_pseudo_edge,unstratified,False,1311,16.74621101869848,17.34652360493298,20260827
permuted_anchor_pseudo_edge,unstratified,False,1312,17.834181670543238,17.34652360493298,20260827
permuted_anchor_pseudo_edge,unstratified,False,1313,15.79389303259014,17.34652360493298,20260827
permuted_anchor_pseudo_edge,unstratified,False,1314,14.177492500924227,17.34652360493298,20260827
permuted_anchor_pseudo_edge,unstratified,False,1315,14.876249779628958,17.34652360493298,20260827
permuted_anchor_pseudo_edge,unstratified,False,1316,10.25359055235091,17.34652360493298,20260827
permuted_anchor_pseudo_edge,unstratified,False,1317,21.95908299447161,17.34652360493298,20260827
permuted_anchor_pseudo_edge,unstratified,False,1318,10.347154179824772,17.34652360493298,20260827
permuted_anchor_pseudo_edge,unstratified,False,1319,19.70966941467776,17.34652360493298,20260827
permuted_anchor_pseudo_edge,unstratified,False,1320,18.637675026911378,17.34652360493298,20260827
permuted_anchor_pseudo_edge,unstratified,False,1321,15.929275262136777,17.34652360493298,20260827
permuted_anchor_pseudo_edge,unstratified,False,1322,21.70113054507307,17.34652360493298,20260827
permuted_anchor_pseudo_edge,unstratified,False,1323,14.252115683067244,17.34652360493298,20260827
permuted_anchor_pseudo_edge,unstratified,False,1324,17.569709980900818,17.34652360493298,20260827
permuted_anchor_pseudo_edge,unstratified,False,1325,16.178983941614547,17.34652360493298,20260827
permuted_anchor_pseudo_edge,unstratified,False,1326,17.588327757002318,17.34652360493298,20260827
permuted_anchor_pseudo_edge,unstratified,False,1327,15.285091029184391,17.34652360493298,20260827
permuted_anchor_pseudo_edge,unstratified,False,1328,13.877415513637201,17.34652360493298,20260827
permuted_anchor_pseudo_edge,unstratified,False,1329,17.782205375349086,17.34652360493298,20260827
permuted_anchor_pseudo_edge,unstratified,False,1330,14.741077020061397,17.34652360493298,20260827
permuted_anchor_pseudo_edge,unstratified,False,1331,18.64185075797065,17.34652360493298,20260827
permuted_anchor_pseudo_edge,unstratified,False,1332,13.593747115719548,17.34652360493298,20260827
permuted_anchor_pseudo_edge,unstratified,False,1333,14.164818207592338,17.34652360493298,20260827
permuted_anchor_pseudo_edge,unstratified,False,1334,11.764837447887375,17.34652360493298,20260827
permuted_anchor_pseudo_edge,unstratified,False,1335,12.294749521529624,17.34652360493298,20260827
permuted_anchor_pseudo_edge,unstratified,False,1336,15.16329048161625,17.34652360493298,20260827
permuted_anchor_pseudo_edge,unstratified,False,1337,19.45064687808769,17.34652360493298,20260827
permuted_anchor_pseudo_edge,unstratified,False,1338,20.27216160249521,17.34652360493298,20260827
permuted_anchor_pseudo_edge,unstratified,False,1339,15.194235076174806,17.34652360493298,20260827
permuted_anchor_pseudo_edge,unstratified,False,1340,16.413866430792286,17.34652360493298,20260827
permuted_anchor_pseudo_edge,unstratified,False,1341,16.75724161571175,17.34652360493298,20260827
permuted_anchor_pseudo_edge,unstratified,False,1342,15.933397268411225,17.34652360493298,20260827
permuted_anchor_pseudo_edge,unstratified,False,1343,13.716597180931828,17.34652360493298,20260827
permuted_anchor_pseudo_edge,unstratified,False,1344,12.972869684400914,17.34652360493298,20260827
permuted_anchor_pseudo_edge,unstratified,False,1345,13.242728013954597,17.34652360493298,20260827
permuted_anchor_pseudo_edge,unstratified,False,1346,15.915916809302495,17.34652360493298,20260827
permuted_anchor_pseudo_edge,unstratified,False,1347,18.45583277861707,17.34652360493298,20260827
permuted_anchor_pseudo_edge,unstratified,False,1348,18.351137380361497,17.34652360493298,20260827
permuted_anchor_pseudo_edge,unstratified,False,1349,15.071649552758979,17.34652360493298,20260827
permuted_anchor_pseudo_edge,unstratified,False,1350,20.142660353185864,17.34652360493298,20260827
permuted_anchor_pseudo_edge,unstratified,False,1351,23.567698329366074,17.34652360493298,20260827
permuted_anchor_pseudo_edge,unstratified,False,1352,11.702649531713162,17.34652360493298,20260827
permuted_anchor_pseudo_edge,unstratified,False,1353,14.198229652361642,17.34652360493298,20260827
permuted_anchor_pseudo_edge,unstratified,False,1354,11.21234577325664,17.34652360493298,20260827
permuted_anchor_pseudo_edge,unstratified,False,1355,12.342723152032073,17.34652360493298,20260827
permuted_anchor_pseudo_edge,unstratified,False,1356,15.15611891379467,17.34652360493298,20260827
permuted_anchor_pseudo_edge,unstratified,False,1357,22.17743595753191,17.34652360493298,20260827
permuted_anchor_pseudo_edge,unstratified,False,1358,19.351813205129787,17.34652360493298,20260827
permuted_anchor_pseudo_edge,unstratified,False,1359,15.221923092417978,17.34652360493298,20260827
permuted_anchor_pseudo_edge,unstratified,False,1360,21.367119055506123,17.34652360493298,20260827
permuted_anchor_pseudo_edge,unstratified,False,1361,11.516024209654198,17.34652360493298,20260827
permuted_anchor_pseudo_edge,unstratified,False,1362,19.651652141391,17.34652360493298,20260827
permuted_anchor_pseudo_edge,unstratified,False,1363,22.137765520299773,17.34652360493298,20260827
permuted_anchor_pseudo_edge,unstratified,False,1364,14.72104549048997,17.34652360493298,20260827
permuted_anchor_pseudo_edge,unstratified,False,1365,18.279325405392573,17.34652360493298,20260827
permuted_anchor_pseudo_edge,unstratified,False,1366,13.508775101111054,17.34652360493298,20260827
permuted_anchor_pseudo_edge,unstratified,False,1367,14.041135503313718,17.34652360493298,20260827
permuted_anchor_pseudo_edge,unstratified,False,1368,15.090276158350255,17.34652360493298,20260827
permuted_anchor_pseudo_edge,unstratified,False,1369,18.95032767294573,17.34652360493298,20260827
permuted_anchor_pseudo_edge,unstratified,False,1370,20.337434405038977,17.34652360493298,20260827
permuted_anchor_pseudo_edge,unstratified,False,1371,16.419368908252622,17.34652360493298,20260827
permuted_anchor_pseudo_edge,unstratified,False,1372,17.350841846384842,17.34652360493298,20260827
permuted_anchor_pseudo_edge,unstratified,False,1373,18.285892481175146,17.34652360493298,20260827
permuted_anchor_pseudo_edge,unstratified,False,1374,18.683763382056,17.34652360493298,20260827
permuted_anchor_pseudo_edge,unstratified,False,1375,9.214206387760314,17.34652360493298,20260827
permuted_anchor_pseudo_edge,unstratified,False,1376,16.041178107197666,17.34652360493298,20260827
permuted_anchor_pseudo_edge,unstratified,False,1377,15.762920524451744,17.34652360493298,20260827
permuted_anchor_pseudo_edge,unstratified,False,1378,17.49249889996577,17.34652360493298,20260827
permuted_anchor_pseudo_edge,unstratified,False,1379,14.669295390296602,17.34652360493298,20260827
permuted_anchor_pseudo_edge,unstratified,False,1380,26.387570186110104,17.34652360493298,20260827
permuted_anchor_pseudo_edge,unstratified,False,1381,19.786915743304487,17.34652360493298,20260827
permuted_anchor_pseudo_edge,unstratified,False,1382,19.05500405899288,17.34652360493298,20260827
permuted_anchor_pseudo_edge,unstratified,False,1383,13.941219099398133,17.34652360493298,20260827
permuted_anchor_pseudo_edge,unstratified,False,1384,16.089677257803988,17.34652360493298,20260827
permuted_anchor_pseudo_edge,unstratified,False,1385,15.831418028965812,17.34652360493298,20260827
permuted_anchor_pseudo_edge,unstratified,False,1386,13.561679161341585,17.34652360493298,20260827
permuted_anchor_pseudo_edge,unstratified,False,1387,19.133548714038664,17.34652360493298,20260827
permuted_anchor_pseudo_edge,unstratified,False,1388,14.734319900546735,17.34652360493298,20260827
permuted_anchor_pseudo_edge,unstratified,False,1389,15.509598856932444,17.34652360493298,20260827
permuted_anchor_pseudo_edge,unstratified,False,1390,13.170881353887234,17.34652360493298,20260827
permuted_anchor_pseudo_edge,unstratified,False,1391,10.42915763359694,17.34652360493298,20260827
permuted_anchor_pseudo_edge,unstratified,False,1392,19.113155446451962,17.34652360493298,20260827
permuted_anchor_pseudo_edge,unstratified,False,1393,14.720735833649618,17.34652360493298,20260827
permuted_anchor_pseudo_edge,unstratified,False,1394,16.61853205599733,17.34652360493298,20260827
permuted_anchor_pseudo_edge,unstratified,False,1395,14.650193048699922,17.34652360493298,20260827
permuted_anchor_pseudo_edge,unstratified,False,1396,20.701439853398956,17.34652360493298,20260827
permuted_anchor_pseudo_edge,unstratified,False,1397,18.913962615793068,17.34652360493298,20260827
permuted_anchor_pseudo_edge,unstratified,False,1398,18.259066242567748,17.34652360493298,20260827
permuted_anchor_pseudo_edge,unstratified,False,1399,15.390358722780917,17.34652360493298,20260827
permuted_anchor_pseudo_edge,unstratified,False,1400,18.428938434318617,17.34652360493298,20260827
permuted_anchor_pseudo_edge,unstratified,False,1401,17.433750432252303,17.34652360493298,20260827
permuted_anchor_pseudo_edge,unstratified,False,1402,19.32146577797505,17.34652360493298,20260827
permuted_anchor_pseudo_edge,unstratified,False,1403,15.071378651645736,17.34652360493298,20260827
permuted_anchor_pseudo_edge,unstratified,False,1404,17.313983625608486,17.34652360493298,20260827
permuted_anchor_pseudo_edge,unstratified,False,1405,14.452498651711837,17.34652360493298,20260827
permuted_anchor_pseudo_edge,unstratified,False,1406,13.347042344627608,17.34652360493298,20260827
permuted_anchor_pseudo_edge,unstratified,False,1407,22.902003099370702,17.34652360493298,20260827
permuted_anchor_pseudo_edge,unstratified,False,1408,14.185870309410669,17.34652360493298,20260827
permuted_anchor_pseudo_edge,unstratified,False,1409,12.56688467855982,17.34652360493298,20260827
permuted_anchor_pseudo_edge,unstratified,False,1410,20.6891982169018,17.34652360493298,20260827
permuted_anchor_pseudo_edge,unstratified,False,1411,20.114467913218327,17.34652360493298,20260827
permuted_anchor_pseudo_edge,unstratified,False,1412,20.717800012347883,17.34652360493298,20260827
permuted_anchor_pseudo_edge,unstratified,False,1413,18.812932537001167,17.34652360493298,20260827
permuted_anchor_pseudo_edge,unstratified,False,1414,16.11475080578793,17.34652360493298,20260827
permuted_anchor_pseudo_edge,unstratified,False,1415,18.341246740565143,17.34652360493298,20260827
permuted_anchor_pseudo_edge,unstratified,False,1416,20.176418559849836,17.34652360493298,20260827
permuted_anchor_pseudo_edge,unstratified,False,1417,15.753682282026771,17.34652360493298,20260827
permuted_anchor_pseudo_edge,unstratified,False,1418,17.626570524529008,17.34652360493298,20260827
permuted_anchor_pseudo_edge,unstratified,False,1419,11.747555435654759,17.34652360493298,20260827
permuted_anchor_pseudo_edge,unstratified,False,1420,19.244964665898554,17.34652360493298,20260827
permuted_anchor_pseudo_edge,unstratified,False,1421,16.560362605767683,17.34652360493298,20260827
permuted_anchor_pseudo_edge,unstratified,False,1422,21.901526456915942,17.34652360493298,20260827
permuted_anchor_pseudo_edge,unstratified,False,1423,16.64577211448609,17.34652360493298,20260827
permuted_anchor_pseudo_edge,unstratified,False,1424,21.039930061595435,17.34652360493298,20260827
permuted_anchor_pseudo_edge,unstratified,False,1425,17.043221123647893,17.34652360493298,20260827
permuted_anchor_pseudo_edge,unstratified,False,1426,17.514488250407272,17.34652360493298,20260827
permuted_anchor_pseudo_edge,unstratified,False,1427,14.546511007493104,17.34652360493298,20260827
permuted_anchor_pseudo_edge,unstratified,False,1428,17.32461939025009,17.34652360493298,20260827
permuted_anchor_pseudo_edge,unstratified,False,1429,16.77172646076877,17.34652360493298,20260827
permuted_anchor_pseudo_edge,unstratified,False,1430,19.81800791953346,17.34652360493298,20260827
permuted_anchor_pseudo_edge,unstratified,False,1431,21.89701851865882,17.34652360493298,20260827
permuted_anchor_pseudo_edge,unstratified,False,1432,21.607110527846714,17.34652360493298,20260827
permuted_anchor_pseudo_edge,unstratified,False,1433,18.635525013001782,17.34652360493298,20260827
permuted_anchor_pseudo_edge,unstratified,False,1434,19.7516892963186,17.34652360493298,20260827
permuted_anchor_pseudo_edge,unstratified,False,1435,14.149861170549688,17.34652360493298,20260827
permuted_anchor_pseudo_edge,unstratified,False,1436,20.371240994881536,17.34652360493298,20260827
permuted_anchor_pseudo_edge,unstratified,False,1437,12.280610178583839,17.34652360493298,20260827
permuted_anchor_pseudo_edge,unstratified,False,1438,19.09920611416574,17.34652360493298,20260827
permuted_anchor_pseudo_edge,unstratified,False,1439,16.138851913597165,17.34652360493298,20260827
permuted_anchor_pseudo_edge,unstratified,False,1440,18.64765404311654,17.34652360493298,20260827
permuted_anchor_pseudo_edge,unstratified,False,1441,11.92422554940364,17.34652360493298,20260827
permuted_anchor_pseudo_edge,unstratified,False,1442,18.883883122644868,17.34652360493298,20260827
permuted_anchor_pseudo_edge,unstratified,False,1443,17.14846520520031,17.34652360493298,20260827
permuted_anchor_pseudo_edge,unstratified,False,1444,22.099169869196484,17.34652360493298,20260827
permuted_anchor_pseudo_edge,unstratified,False,1445,21.762802568062728,17.34652360493298,20260827
permuted_anchor_pseudo_edge,unstratified,False,1446,16.77664071309842,17.34652360493298,20260827
permuted_anchor_pseudo_edge,unstratified,False,1447,14.23289015897641,17.34652360493298,20260827
permuted_anchor_pseudo_edge,unstratified,False,1448,13.015521065210145,17.34652360493298,20260827
permuted_anchor_pseudo_edge,unstratified,False,1449,17.102387227079152,17.34652360493298,20260827
permuted_anchor_pseudo_edge,unstratified,False,1450,18.18864629120678,17.34652360493298,20260827
permuted_anchor_pseudo_edge,unstratified,False,1451,16.70938236911192,17.34652360493298,20260827
permuted_anchor_pseudo_edge,unstratified,False,1452,18.342601391821518,17.34652360493298,20260827
permuted_anchor_pseudo_edge,unstratified,False,1453,14.961242632289085,17.34652360493298,20260827
permuted_anchor_pseudo_edge,unstratified,False,1454,16.68964260653957,17.34652360493298,20260827
permuted_anchor_pseudo_edge,unstratified,False,1455,23.218321776790564,17.34652360493298,20260827
permuted_anchor_pseudo_edge,unstratified,False,1456,15.583525566528724,17.34652360493298,20260827
permuted_anchor_pseudo_edge,unstratified,False,1457,13.940859245242235,17.34652360493298,20260827
permuted_anchor_pseudo_edge,unstratified,False,1458,15.259825578969075,17.34652360493298,20260827
permuted_anchor_pseudo_edge,unstratified,False,1459,17.043593263268974,17.34652360493298,20260827
permuted_anchor_pseudo_edge,unstratified,False,1460,23.643734288647096,17.34652360493298,20260827
permuted_anchor_pseudo_edge,unstratified,False,1461,16.745363216849285,17.34652360493298,20260827
permuted_anchor_pseudo_edge,unstratified,False,1462,22.866698874852215,17.34652360493298,20260827
permuted_anchor_pseudo_edge,unstratified,False,1463,20.899141862026166,17.34652360493298,20260827
permuted_anchor_pseudo_edge,unstratified,False,1464,11.288731592142746,17.34652360493298,20260827
permuted_anchor_pseudo_edge,unstratified,False,1465,17.93158646226977,17.34652360493298,20260827
permuted_anchor_pseudo_edge,unstratified,False,1466,21.876728382478852,17.34652360493298,20260827
permuted_anchor_pseudo_edge,unstratified,False,1467,14.466621216360453,17.34652360493298,20260827
permuted_anchor_pseudo_edge,unstratified,False,1468,13.317217911936833,17.34652360493298,20260827
permuted_anchor_pseudo_edge,unstratified,False,1469,12.128534359105945,17.34652360493298,20260827
permuted_anchor_pseudo_edge,unstratified,False,1470,14.872159016586654,17.34652360493298,20260827
permuted_anchor_pseudo_edge,unstratified,False,1471,20.803442696968037,17.34652360493298,20260827
permuted_anchor_pseudo_edge,unstratified,False,1472,16.262200300180616,17.34652360493298,20260827
permuted_anchor_pseudo_edge,unstratified,False,1473,17.836586079513133,17.34652360493298,20260827
permuted_anchor_pseudo_edge,unstratified,False,1474,22.7437413744844,17.34652360493298,20260827
permuted_anchor_pseudo_edge,unstratified,False,1475,14.960878480279957,17.34652360493298,20260827
permuted_anchor_pseudo_edge,unstratified,False,1476,13.702988992737097,17.34652360493298,20260827
permuted_anchor_pseudo_edge,unstratified,False,1477,15.33291230924228,17.34652360493298,20260827
permuted_anchor_pseudo_edge,unstratified,False,1478,13.977368805631487,17.34652360493298,20260827
permuted_anchor_pseudo_edge,unstratified,False,1479,19.57564125588504,17.34652360493298,20260827
permuted_anchor_pseudo_edge,unstratified,False,1480,15.181632783009777,17.34652360493298,20260827
permuted_anchor_pseudo_edge,unstratified,False,1481,15.18054036430799,17.34652360493298,20260827
permuted_anchor_pseudo_edge,unstratified,False,1482,21.091707330631042,17.34652360493298,20260827
permuted_anchor_pseudo_edge,unstratified,False,1483,12.371468163841062,17.34652360493298,20260827
permuted_anchor_pseudo_edge,unstratified,False,1484,11.457784138760392,17.34652360493298,20260827
permuted_anchor_pseudo_edge,unstratified,False,1485,20.312117256594266,17.34652360493298,20260827
permuted_anchor_pseudo_edge,unstratified,False,1486,17.665539408418354,17.34652360493298,20260827
permuted_anchor_pseudo_edge,unstratified,False,1487,19.5362220725301,17.34652360493298,20260827
permuted_anchor_pseudo_edge,unstratified,False,1488,16.11407848483237,17.34652360493298,20260827
permuted_anchor_pseudo_edge,unstratified,False,1489,19.1907897670478,17.34652360493298,20260827
permuted_anchor_pseudo_edge,unstratified,False,1490,20.127826845646403,17.34652360493298,20260827
permuted_anchor_pseudo_edge,unstratified,False,1491,13.409427986609874,17.34652360493298,20260827
permuted_anchor_pseudo_edge,unstratified,False,1492,18.511223554991478,17.34652360493298,20260827
permuted_anchor_pseudo_edge,unstratified,False,1493,18.722959418810206,17.34652360493298,20260827
permuted_anchor_pseudo_edge,unstratified,False,1494,14.48478081442563,17.34652360493298,20260827
permuted_anchor_pseudo_edge,unstratified,False,1495,16.195366806494484,17.34652360493298,20260827
permuted_anchor_pseudo_edge,unstratified,False,1496,17.969641241473386,17.34652360493298,20260827
permuted_anchor_pseudo_edge,unstratified,False,1497,19.241875231239103,17.34652360493298,20260827
permuted_anchor_pseudo_edge,unstratified,False,1498,13.906659138058272,17.34652360493298,20260827
permuted_anchor_pseudo_edge,unstratified,False,1499,11.005996909184535,17.34652360493298,20260827
permuted_anchor_pseudo_edge,unstratified,False,1500,16.186261589110234,17.34652360493298,20260827
permuted_anchor_pseudo_edge,unstratified,False,1501,15.156218324782628,17.34652360493298,20260827
permuted_anchor_pseudo_edge,unstratified,False,1502,18.143893624310063,17.34652360493298,20260827
permuted_anchor_pseudo_edge,unstratified,False,1503,12.923911757212354,17.34652360493298,20260827
permuted_anchor_pseudo_edge,unstratified,False,1504,15.611444391326494,17.34652360493298,20260827
permuted_anchor_pseudo_edge,unstratified,False,1505,13.901575248468017,17.34652360493298,20260827
permuted_anchor_pseudo_edge,unstratified,False,1506,14.881432391096677,17.34652360493298,20260827
permuted_anchor_pseudo_edge,unstratified,False,1507,16.375256728038433,17.34652360493298,20260827
permuted_anchor_pseudo_edge,unstratified,False,1508,16.080530607959094,17.34652360493298,20260827
permuted_anchor_pseudo_edge,unstratified,False,1509,14.617899432547219,17.34652360493298,20260827
permuted_anchor_pseudo_edge,unstratified,False,1510,22.025830930836296,17.34652360493298,20260827
permuted_anchor_pseudo_edge,unstratified,False,1511,21.775612195550757,17.34652360493298,20260827
permuted_anchor_pseudo_edge,unstratified,False,1512,15.351979496259569,17.34652360493298,20260827
permuted_anchor_pseudo_edge,unstratified,False,1513,15.08653144152169,17.34652360493298,20260827
permuted_anchor_pseudo_edge,unstratified,False,1514,18.729768101455484,17.34652360493298,20260827
permuted_anchor_pseudo_edge,unstratified,False,1515,16.227770951286598,17.34652360493298,20260827
permuted_anchor_pseudo_edge,unstratified,False,1516,11.071441637511564,17.34652360493298,20260827
permuted_anchor_pseudo_edge,unstratified,False,1517,18.188588546984942,17.34652360493298,20260827
permuted_anchor_pseudo_edge,unstratified,False,1518,12.37551843893806,17.34652360493298,20260827
permuted_anchor_pseudo_edge,unstratified,False,1519,14.908988644230273,17.34652360493298,20260827
permuted_anchor_pseudo_edge,unstratified,False,1520,8.26411953013345,17.34652360493298,20260827
permuted_anchor_pseudo_edge,unstratified,False,1521,16.3315117980593,17.34652360493298,20260827
permuted_anchor_pseudo_edge,unstratified,False,1522,14.142594171473377,17.34652360493298,20260827
permuted_anchor_pseudo_edge,unstratified,False,1523,19.916438617558512,17.34652360493298,20260827
permuted_anchor_pseudo_edge,unstratified,False,1524,16.123148916957597,17.34652360493298,20260827
permuted_anchor_pseudo_edge,unstratified,False,1525,14.031205433529262,17.34652360493298,20260827
permuted_anchor_pseudo_edge,unstratified,False,1526,12.94548022354026,17.34652360493298,20260827
permuted_anchor_pseudo_edge,unstratified,False,1527,18.518436881533543,17.34652360493298,20260827
permuted_anchor_pseudo_edge,unstratified,False,1528,19.391782208943035,17.34652360493298,20260827
permuted_anchor_pseudo_edge,unstratified,False,1529,20.9982375174709,17.34652360493298,20260827
permuted_anchor_pseudo_edge,unstratified,False,1530,17.758769116269125,17.34652360493298,20260827
permuted_anchor_pseudo_edge,unstratified,False,1531,13.591906992275021,17.34652360493298,20260827
permuted_anchor_pseudo_edge,unstratified,False,1532,10.614594650868437,17.34652360493298,20260827
permuted_anchor_pseudo_edge,unstratified,False,1533,16.659387213307337,17.34652360493298,20260827
permuted_anchor_pseudo_edge,unstratified,False,1534,16.31274850154768,17.34652360493298,20260827
permuted_anchor_pseudo_edge,unstratified,False,1535,13.963838769881335,17.34652360493298,20260827
permuted_anchor_pseudo_edge,unstratified,False,1536,21.490905005413524,17.34652360493298,20260827
permuted_anchor_pseudo_edge,unstratified,False,1537,8.989763484516878,17.34652360493298,20260827
permuted_anchor_pseudo_edge,unstratified,False,1538,15.449190750029413,17.34652360493298,20260827
permuted_anchor_pseudo_edge,unstratified,False,1539,17.08356877392026,17.34652360493298,20260827
permuted_anchor_pseudo_edge,unstratified,False,1540,15.825569016075269,17.34652360493298,20260827
permuted_anchor_pseudo_edge,unstratified,False,1541,15.775518167698957,17.34652360493298,20260827
permuted_anchor_pseudo_edge,unstratified,False,1542,23.01474427708325,17.34652360493298,20260827
permuted_anchor_pseudo_edge,unstratified,False,1543,13.85711073205329,17.34652360493298,20260827
permuted_anchor_pseudo_edge,unstratified,False,1544,19.647751066616177,17.34652360493298,20260827
permuted_anchor_pseudo_edge,unstratified,False,1545,21.086876677023504,17.34652360493298,20260827
permuted_anchor_pseudo_edge,unstratified,False,1546,15.289792193356677,17.34652360493298,20260827
permuted_anchor_pseudo_edge,unstratified,False,1547,21.998114361841374,17.34652360493298,20260827
permuted_anchor_pseudo_edge,unstratified,False,1548,9.321830653120319,17.34652360493298,20260827
permuted_anchor_pseudo_edge,unstratified,False,1549,9.549902876451076,17.34652360493298,20260827
permuted_anchor_pseudo_edge,unstratified,False,1550,18.433886712025444,17.34652360493298,20260827
permuted_anchor_pseudo_edge,unstratified,False,1551,17.502236798863276,17.34652360493298,20260827
permuted_anchor_pseudo_edge,unstratified,False,1552,19.68234442388563,17.34652360493298,20260827
permuted_anchor_pseudo_edge,unstratified,False,1553,8.512220760615898,17.34652360493298,20260827
permuted_anchor_pseudo_edge,unstratified,False,1554,18.265050679642336,17.34652360493298,20260827
permuted_anchor_pseudo_edge,unstratified,False,1555,14.910978201250952,17.34652360493298,20260827
permuted_anchor_pseudo_edge,unstratified,False,1556,22.352717114751954,17.34652360493298,20260827
permuted_anchor_pseudo_edge,unstratified,False,1557,16.036756008919028,17.34652360493298,20260827
permuted_anchor_pseudo_edge,unstratified,False,1558,19.273515223544674,17.34652360493298,20260827
permuted_anchor_pseudo_edge,unstratified,False,1559,15.608682739085497,17.34652360493298,20260827
permuted_anchor_pseudo_edge,unstratified,False,1560,17.32939928531461,17.34652360493298,20260827
permuted_anchor_pseudo_edge,unstratified,False,1561,13.893030211028154,17.34652360493298,20260827
permuted_anchor_pseudo_edge,unstratified,False,1562,14.532981200862064,17.34652360493298,20260827
permuted_anchor_pseudo_edge,unstratified,False,1563,20.771796659469558,17.34652360493298,20260827
permuted_anchor_pseudo_edge,unstratified,False,1564,15.796787195040382,17.34652360493298,20260827
permuted_anchor_pseudo_edge,unstratified,False,1565,16.396355232974443,17.34652360493298,20260827
permuted_anchor_pseudo_edge,unstratified,False,1566,12.654001345502897,17.34652360493298,20260827
permuted_anchor_pseudo_edge,unstratified,False,1567,21.483355230389524,17.34652360493298,20260827
permuted_anchor_pseudo_edge,unstratified,False,1568,16.087610373018613,17.34652360493298,20260827
permuted_anchor_pseudo_edge,unstratified,False,1569,9.73362209188271,17.34652360493298,20260827
permuted_anchor_pseudo_edge,unstratified,False,1570,14.360453124508906,17.34652360493298,20260827
permuted_anchor_pseudo_edge,unstratified,False,1571,14.983000475251314,17.34652360493298,20260827
permuted_anchor_pseudo_edge,unstratified,False,1572,20.518959566473253,17.34652360493298,20260827
permuted_anchor_pseudo_edge,unstratified,False,1573,21.458117366154234,17.34652360493298,20260827
permuted_anchor_pseudo_edge,unstratified,False,1574,5.632469791329667,17.34652360493298,20260827
permuted_anchor_pseudo_edge,unstratified,False,1575,14.5810970174863,17.34652360493298,20260827
permuted_anchor_pseudo_edge,unstratified,False,1576,9.489748355637644,17.34652360493298,20260827
permuted_anchor_pseudo_edge,unstratified,False,1577,14.615506929980496,17.34652360493298,20260827
permuted_anchor_pseudo_edge,unstratified,False,1578,11.754456343872258,17.34652360493298,20260827
permuted_anchor_pseudo_edge,unstratified,False,1579,12.312673595854568,17.34652360493298,20260827
permuted_anchor_pseudo_edge,unstratified,False,1580,14.956537004384863,17.34652360493298,20260827
permuted_anchor_pseudo_edge,unstratified,False,1581,20.816485973025216,17.34652360493298,20260827
permuted_anchor_pseudo_edge,unstratified,False,1582,18.51427685334957,17.34652360493298,20260827
permuted_anchor_pseudo_edge,unstratified,False,1583,24.47752247456449,17.34652360493298,20260827
permuted_anchor_pseudo_edge,unstratified,False,1584,17.279079018490346,17.34652360493298,20260827
permuted_anchor_pseudo_edge,unstratified,False,1585,17.796715030397156,17.34652360493298,20260827
permuted_anchor_pseudo_edge,unstratified,False,1586,12.224670499494353,17.34652360493298,20260827
permuted_anchor_pseudo_edge,unstratified,False,1587,15.292134284131098,17.34652360493298,20260827
permuted_anchor_pseudo_edge,unstratified,False,1588,18.86342232432401,17.34652360493298,20260827
permuted_anchor_pseudo_edge,unstratified,False,1589,17.086122683127538,17.34652360493298,20260827
permuted_anchor_pseudo_edge,unstratified,False,1590,20.102644219250358,17.34652360493298,20260827
permuted_anchor_pseudo_edge,unstratified,False,1591,8.504618680436746,17.34652360493298,20260827
permuted_anchor_pseudo_edge,unstratified,False,1592,16.14754196529374,17.34652360493298,20260827
permuted_anchor_pseudo_edge,unstratified,False,1593,13.931287662831565,17.34652360493298,20260827
permuted_anchor_pseudo_edge,unstratified,False,1594,19.68882624507674,17.34652360493298,20260827
permuted_anchor_pseudo_edge,unstratified,False,1595,18.38497133094235,17.34652360493298,20260827
permuted_anchor_pseudo_edge,unstratified,False,1596,17.719735031823472,17.34652360493298,20260827
permuted_anchor_pseudo_edge,unstratified,False,1597,22.341572483521947,17.34652360493298,20260827
permuted_anchor_pseudo_edge,unstratified,False,1598,17.33696657674411,17.34652360493298,20260827
permuted_anchor_pseudo_edge,unstratified,False,1599,20.017447331568718,17.34652360493298,20260827
permuted_anchor_pseudo_edge,unstratified,False,1600,20.757662949441094,17.34652360493298,20260827
permuted_anchor_pseudo_edge,unstratified,False,1601,22.585679483602558,17.34652360493298,20260827
permuted_anchor_pseudo_edge,unstratified,False,1602,6.510038706423576,17.34652360493298,20260827
permuted_anchor_pseudo_edge,unstratified,False,1603,16.81355998071228,17.34652360493298,20260827
permuted_anchor_pseudo_edge,unstratified,False,1604,12.721013614288932,17.34652360493298,20260827
permuted_anchor_pseudo_edge,unstratified,False,1605,18.37840869839846,17.34652360493298,20260827
permuted_anchor_pseudo_edge,unstratified,False,1606,17.821805951060377,17.34652360493298,20260827
permuted_anchor_pseudo_edge,unstratified,False,1607,20.767875851912223,17.34652360493298,20260827
permuted_anchor_pseudo_edge,unstratified,False,1608,10.379822846457976,17.34652360493298,20260827
permuted_anchor_pseudo_edge,unstratified,False,1609,25.525942685772858,17.34652360493298,20260827
permuted_anchor_pseudo_edge,unstratified,False,1610,15.025774340266999,17.34652360493298,20260827
permuted_anchor_pseudo_edge,unstratified,False,1611,12.970539515927193,17.34652360493298,20260827
permuted_anchor_pseudo_edge,unstratified,False,1612,15.613092772630951,17.34652360493298,20260827
permuted_anchor_pseudo_edge,unstratified,False,1613,9.911310246764412,17.34652360493298,20260827
permuted_anchor_pseudo_edge,unstratified,False,1614,15.84995622970242,17.34652360493298,20260827
permuted_anchor_pseudo_edge,unstratified,False,1615,14.372890723693587,17.34652360493298,20260827
permuted_anchor_pseudo_edge,unstratified,False,1616,14.784045154318747,17.34652360493298,20260827
permuted_anchor_pseudo_edge,unstratified,False,1617,18.676966889257624,17.34652360493298,20260827
permuted_anchor_pseudo_edge,unstratified,False,1618,18.97981633039872,17.34652360493298,20260827
permuted_anchor_pseudo_edge,unstratified,False,1619,19.73108614618304,17.34652360493298,20260827
permuted_anchor_pseudo_edge,unstratified,False,1620,16.871903381592006,17.34652360493298,20260827
permuted_anchor_pseudo_edge,unstratified,False,1621,21.933658647969274,17.34652360493298,20260827
permuted_anchor_pseudo_edge,unstratified,False,1622,19.884087459386947,17.34652360493298,20260827
permuted_anchor_pseudo_edge,unstratified,False,1623,15.095244768002312,17.34652360493298,20260827
permuted_anchor_pseudo_edge,unstratified,False,1624,13.615925448264548,17.34652360493298,20260827
permuted_anchor_pseudo_edge,unstratified,False,1625,16.13572982696462,17.34652360493298,20260827
permuted_anchor_pseudo_edge,unstratified,False,1626,16.298835412319907,17.34652360493298,20260827
permuted_anchor_pseudo_edge,unstratified,False,1627,15.517532292725237,17.34652360493298,20260827
permuted_anchor_pseudo_edge,unstratified,False,1628,19.000055539914015,17.34652360493298,20260827
permuted_anchor_pseudo_edge,unstratified,False,1629,16.302576758558978,17.34652360493298,20260827
permuted_anchor_pseudo_edge,unstratified,False,1630,16.53505198681848,17.34652360493298,20260827
permuted_anchor_pseudo_edge,unstratified,False,1631,17.94392196159031,17.34652360493298,20260827
permuted_anchor_pseudo_edge,unstratified,False,1632,16.960520077061634,17.34652360493298,20260827
permuted_anchor_pseudo_edge,unstratified,False,1633,18.095096764587854,17.34652360493298,20260827
permuted_anchor_pseudo_edge,unstratified,False,1634,17.440865060489575,17.34652360493298,20260827
permuted_anchor_pseudo_edge,unstratified,False,1635,13.640263255738432,17.34652360493298,20260827
permuted_anchor_pseudo_edge,unstratified,False,1636,11.585560414799344,17.34652360493298,20260827
permuted_anchor_pseudo_edge,unstratified,False,1637,20.222584907509045,17.34652360493298,20260827
permuted_anchor_pseudo_edge,unstratified,False,1638,19.366365048174345,17.34652360493298,20260827
permuted_anchor_pseudo_edge,unstratified,False,1639,13.518889683750226,17.34652360493298,20260827
permuted_anchor_pseudo_edge,unstratified,False,1640,21.627872985203787,17.34652360493298,20260827
permuted_anchor_pseudo_edge,unstratified,False,1641,20.66271640299768,17.34652360493298,20260827
permuted_anchor_pseudo_edge,unstratified,False,1642,19.581458074299178,17.34652360493298,20260827
permuted_anchor_pseudo_edge,unstratified,False,1643,19.77521385122326,17.34652360493298,20260827
permuted_anchor_pseudo_edge,unstratified,False,1644,20.326865704204423,17.34652360493298,20260827
permuted_anchor_pseudo_edge,unstratified,False,1645,16.4919192863829,17.34652360493298,20260827
permuted_anchor_pseudo_edge,unstratified,False,1646,21.171069378361068,17.34652360493298,20260827
permuted_anchor_pseudo_edge,unstratified,False,1647,15.35456192658291,17.34652360493298,20260827
permuted_anchor_pseudo_edge,unstratified,False,1648,17.84072071306513,17.34652360493298,20260827
permuted_anchor_pseudo_edge,unstratified,False,1649,12.944791916819728,17.34652360493298,20260827
permuted_anchor_pseudo_edge,unstratified,False,1650,17.501565758452642,17.34652360493298,20260827
permuted_anchor_pseudo_edge,unstratified,False,1651,16.27405234154092,17.34652360493298,20260827
permuted_anchor_pseudo_edge,unstratified,False,1652,15.980849934501801,17.34652360493298,20260827
permuted_anchor_pseudo_edge,unstratified,False,1653,17.66686499290215,17.34652360493298,20260827
permuted_anchor_pseudo_edge,unstratified,False,1654,19.505288379645,17.34652360493298,20260827
permuted_anchor_pseudo_edge,unstratified,False,1655,19.892693747526575,17.34652360493298,20260827
permuted_anchor_pseudo_edge,unstratified,False,1656,19.15629090521347,17.34652360493298,20260827
permuted_anchor_pseudo_edge,unstratified,False,1657,12.89708772173111,17.34652360493298,20260827
permuted_anchor_pseudo_edge,unstratified,False,1658,20.139796681358106,17.34652360493298,20260827
permuted_anchor_pseudo_edge,unstratified,False,1659,15.79079106456835,17.34652360493298,20260827
permuted_anchor_pseudo_edge,unstratified,False,1660,8.313939077927374,17.34652360493298,20260827
permuted_anchor_pseudo_edge,unstratified,False,1661,14.63285403142362,17.34652360493298,20260827
permuted_anchor_pseudo_edge,unstratified,False,1662,17.368920207260203,17.34652360493298,20260827
permuted_anchor_pseudo_edge,unstratified,False,1663,13.637167242675591,17.34652360493298,20260827
permuted_anchor_pseudo_edge,unstratified,False,1664,14.279246082037314,17.34652360493298,20260827
permuted_anchor_pseudo_edge,unstratified,False,1665,21.456748274463482,17.34652360493298,20260827
permuted_anchor_pseudo_edge,unstratified,False,1666,16.70358254152529,17.34652360493298,20260827
permuted_anchor_pseudo_edge,unstratified,False,1667,13.785926047276268,17.34652360493298,20260827
permuted_anchor_pseudo_edge,unstratified,False,1668,21.023892843992837,17.34652360493298,20260827
permuted_anchor_pseudo_edge,unstratified,False,1669,17.11261321358679,17.34652360493298,20260827
permuted_anchor_pseudo_edge,unstratified,False,1670,20.597069206342482,17.34652360493298,20260827
permuted_anchor_pseudo_edge,unstratified,False,1671,18.54100669546582,17.34652360493298,20260827
permuted_anchor_pseudo_edge,unstratified,False,1672,16.306848351921662,17.34652360493298,20260827
permuted_anchor_pseudo_edge,unstratified,False,1673,14.680835565903772,17.34652360493298,20260827
permuted_anchor_pseudo_edge,unstratified,False,1674,15.173778559963063,17.34652360493298,20260827
permuted_anchor_pseudo_edge,unstratified,False,1675,20.101511303956237,17.34652360493298,20260827
permuted_anchor_pseudo_edge,unstratified,False,1676,18.39623318517744,17.34652360493298,20260827
permuted_anchor_pseudo_edge,unstratified,False,1677,19.147899339167807,17.34652360493298,20260827
permuted_anchor_pseudo_edge,unstratified,False,1678,15.261944643743899,17.34652360493298,20260827
permuted_anchor_pseudo_edge,unstratified,False,1679,25.199515541085276,17.34652360493298,20260827
permuted_anchor_pseudo_edge,unstratified,False,1680,15.296154892413586,17.34652360493298,20260827
permuted_anchor_pseudo_edge,unstratified,False,1681,21.463335673760035,17.34652360493298,20260827
permuted_anchor_pseudo_edge,unstratified,False,1682,10.934136890876115,17.34652360493298,20260827
permuted_anchor_pseudo_edge,unstratified,False,1683,15.399280083167627,17.34652360493298,20260827
permuted_anchor_pseudo_edge,unstratified,False,1684,17.712877006955814,17.34652360493298,20260827
permuted_anchor_pseudo_edge,unstratified,False,1685,14.95532829929877,17.34652360493298,20260827
permuted_anchor_pseudo_edge,unstratified,False,1686,14.442587125153771,17.34652360493298,20260827
permuted_anchor_pseudo_edge,unstratified,False,1687,12.723047435610201,17.34652360493298,20260827
permuted_anchor_pseudo_edge,unstratified,False,1688,16.034803716407716,17.34652360493298,20260827
permuted_anchor_pseudo_edge,unstratified,False,1689,19.88852971465564,17.34652360493298,20260827
permuted_anchor_pseudo_edge,unstratified,False,1690,18.252484994360117,17.34652360493298,20260827
permuted_anchor_pseudo_edge,unstratified,False,1691,19.733809139284116,17.34652360493298,20260827
permuted_anchor_pseudo_edge,unstratified,False,1692,14.987399443490194,17.34652360493298,20260827
permuted_anchor_pseudo_edge,unstratified,False,1693,19.95861220947,17.34652360493298,20260827
permuted_anchor_pseudo_edge,unstratified,False,1694,18.378917936111566,17.34652360493298,20260827
permuted_anchor_pseudo_edge,unstratified,False,1695,19.266422620138204,17.34652360493298,20260827
permuted_anchor_pseudo_edge,unstratified,False,1696,18.274934435053627,17.34652360493298,20260827
permuted_anchor_pseudo_edge,unstratified,False,1697,16.31983115377766,17.34652360493298,20260827
permuted_anchor_pseudo_edge,unstratified,False,1698,19.837513274761573,17.34652360493298,20260827
permuted_anchor_pseudo_edge,unstratified,False,1699,17.900667356093294,17.34652360493298,20260827
permuted_anchor_pseudo_edge,unstratified,False,1700,15.709946018979693,17.34652360493298,20260827
permuted_anchor_pseudo_edge,unstratified,False,1701,15.994538491065036,17.34652360493298,20260827
permuted_anchor_pseudo_edge,unstratified,False,1702,17.50176203463884,17.34652360493298,20260827
permuted_anchor_pseudo_edge,unstratified,False,1703,15.975073280910527,17.34652360493298,20260827
permuted_anchor_pseudo_edge,unstratified,False,1704,16.347936108413336,17.34652360493298,20260827
permuted_anchor_pseudo_edge,unstratified,False,1705,20.118718160067182,17.34652360493298,20260827
permuted_anchor_pseudo_edge,unstratified,False,1706,12.63224001266444,17.34652360493298,20260827
permuted_anchor_pseudo_edge,unstratified,False,1707,20.233953332154105,17.34652360493298,20260827
permuted_anchor_pseudo_edge,unstratified,False,1708,18.952360310760046,17.34652360493298,20260827
permuted_anchor_pseudo_edge,unstratified,False,1709,14.747101987283164,17.34652360493298,20260827
permuted_anchor_pseudo_edge,unstratified,False,1710,16.881595175020276,17.34652360493298,20260827
permuted_anchor_pseudo_edge,unstratified,False,1711,15.194831737340465,17.34652360493298,20260827
permuted_anchor_pseudo_edge,unstratified,False,1712,13.909257368447248,17.34652360493298,20260827
permuted_anchor_pseudo_edge,unstratified,False,1713,10.22672980204438,17.34652360493298,20260827
permuted_anchor_pseudo_edge,unstratified,False,1714,9.773072601901584,17.34652360493298,20260827
permuted_anchor_pseudo_edge,unstratified,False,1715,19.728682705843273,17.34652360493298,20260827
permuted_anchor_pseudo_edge,unstratified,False,1716,10.958997922612639,17.34652360493298,20260827
permuted_anchor_pseudo_edge,unstratified,False,1717,19.498221481444734,17.34652360493298,20260827
permuted_anchor_pseudo_edge,unstratified,False,1718,14.707094862152257,17.34652360493298,20260827
permuted_anchor_pseudo_edge,unstratified,False,1719,12.993550357411642,17.34652360493298,20260827
permuted_anchor_pseudo_edge,unstratified,False,1720,14.423212523330415,17.34652360493298,20260827
permuted_anchor_pseudo_edge,unstratified,False,1721,16.97640291687548,17.34652360493298,20260827
permuted_anchor_pseudo_edge,unstratified,False,1722,21.635060073397177,17.34652360493298,20260827
permuted_anchor_pseudo_edge,unstratified,False,1723,18.085677619869635,17.34652360493298,20260827
permuted_anchor_pseudo_edge,unstratified,False,1724,22.971256175495824,17.34652360493298,20260827
permuted_anchor_pseudo_edge,unstratified,False,1725,19.16058658005612,17.34652360493298,20260827
permuted_anchor_pseudo_edge,unstratified,False,1726,13.325759224841308,17.34652360493298,20260827
permuted_anchor_pseudo_edge,unstratified,False,1727,20.646909485585034,17.34652360493298,20260827
permuted_anchor_pseudo_edge,unstratified,False,1728,11.769683988268989,17.34652360493298,20260827
permuted_anchor_pseudo_edge,unstratified,False,1729,16.891516846877337,17.34652360493298,20260827
permuted_anchor_pseudo_edge,unstratified,False,1730,15.034305459606239,17.34652360493298,20260827
permuted_anchor_pseudo_edge,unstratified,False,1731,17.110362582748863,17.34652360493298,20260827
permuted_anchor_pseudo_edge,unstratified,False,1732,15.977838604261892,17.34652360493298,20260827
permuted_anchor_pseudo_edge,unstratified,False,1733,15.312069839294335,17.34652360493298,20260827
permuted_anchor_pseudo_edge,unstratified,False,1734,14.759519428391442,17.34652360493298,20260827
permuted_anchor_pseudo_edge,unstratified,False,1735,17.21860734385518,17.34652360493298,20260827
permuted_anchor_pseudo_edge,unstratified,False,1736,14.057102793786902,17.34652360493298,20260827
permuted_anchor_pseudo_edge,unstratified,False,1737,16.88228640887098,17.34652360493298,20260827
permuted_anchor_pseudo_edge,unstratified,False,1738,15.805407084412293,17.34652360493298,20260827
permuted_anchor_pseudo_edge,unstratified,False,1739,16.89215131382227,17.34652360493298,20260827
permuted_anchor_pseudo_edge,unstratified,False,1740,15.588957910121785,17.34652360493298,20260827
permuted_anchor_pseudo_edge,unstratified,False,1741,16.033017196712287,17.34652360493298,20260827
permuted_anchor_pseudo_edge,unstratified,False,1742,16.68545438955496,17.34652360493298,20260827
permuted_anchor_pseudo_edge,unstratified,False,1743,14.15383006146821,17.34652360493298,20260827
permuted_anchor_pseudo_edge,unstratified,False,1744,13.30208454370085,17.34652360493298,20260827
permuted_anchor_pseudo_edge,unstratified,False,1745,22.412107280516945,17.34652360493298,20260827
permuted_anchor_pseudo_edge,unstratified,False,1746,8.29261947514422,17.34652360493298,20260827
permuted_anchor_pseudo_edge,unstratified,False,1747,15.848020789895001,17.34652360493298,20260827
permuted_anchor_pseudo_edge,unstratified,False,1748,17.645372470302636,17.34652360493298,20260827
permuted_anchor_pseudo_edge,unstratified,False,1749,15.105465810543004,17.34652360493298,20260827
permuted_anchor_pseudo_edge,unstratified,False,1750,19.672970580849825,17.34652360493298,20260827
permuted_anchor_pseudo_edge,unstratified,False,1751,12.903663143309451,17.34652360493298,20260827
permuted_anchor_pseudo_edge,unstratified,False,1752,20.563811107450274,17.34652360493298,20260827
permuted_anchor_pseudo_edge,unstratified,False,1753,22.831626298568622,17.34652360493298,20260827
permuted_anchor_pseudo_edge,unstratified,False,1754,9.608384030934863,17.34652360493298,20260827
permuted_anchor_pseudo_edge,unstratified,False,1755,17.631016549237373,17.34652360493298,20260827
permuted_anchor_pseudo_edge,unstratified,False,1756,20.850997221853344,17.34652360493298,20260827
permuted_anchor_pseudo_edge,unstratified,False,1757,21.393309980489402,17.34652360493298,20260827
permuted_anchor_pseudo_edge,unstratified,False,1758,8.807040368962348,17.34652360493298,20260827
permuted_anchor_pseudo_edge,unstratified,False,1759,17.843203948662747,17.34652360493298,20260827
permuted_anchor_pseudo_edge,unstratified,False,1760,9.671415210097777,17.34652360493298,20260827
permuted_anchor_pseudo_edge,unstratified,False,1761,17.266032092697433,17.34652360493298,20260827
permuted_anchor_pseudo_edge,unstratified,False,1762,14.432584125336309,17.34652360493298,20260827
permuted_anchor_pseudo_edge,unstratified,False,1763,17.681394954173335,17.34652360493298,20260827
permuted_anchor_pseudo_edge,unstratified,False,1764,20.55884432802805,17.34652360493298,20260827
permuted_anchor_pseudo_edge,unstratified,False,1765,13.457718326034279,17.34652360493298,20260827
permuted_anchor_pseudo_edge,unstratified,False,1766,15.684476754119625,17.34652360493298,20260827
permuted_anchor_pseudo_edge,unstratified,False,1767,8.074371915115593,17.34652360493298,20260827
permuted_anchor_pseudo_edge,unstratified,False,1768,14.436382071026383,17.34652360493298,20260827
permuted_anchor_pseudo_edge,unstratified,False,1769,17.99891681611571,17.34652360493298,20260827
permuted_anchor_pseudo_edge,unstratified,False,1770,19.541906394083703,17.34652360493298,20260827
permuted_anchor_pseudo_edge,unstratified,False,1771,14.901796625960543,17.34652360493298,20260827
permuted_anchor_pseudo_edge,unstratified,False,1772,14.734823057318923,17.34652360493298,20260827
permuted_anchor_pseudo_edge,unstratified,False,1773,16.09793280456689,17.34652360493298,20260827
permuted_anchor_pseudo_edge,unstratified,False,1774,10.899326256143302,17.34652360493298,20260827
permuted_anchor_pseudo_edge,unstratified,False,1775,14.713266911273912,17.34652360493298,20260827
permuted_anchor_pseudo_edge,unstratified,False,1776,12.459471147717862,17.34652360493298,20260827
permuted_anchor_pseudo_edge,unstratified,False,1777,22.042775281451526,17.34652360493298,20260827
permuted_anchor_pseudo_edge,unstratified,False,1778,20.168964302250785,17.34652360493298,20260827
permuted_anchor_pseudo_edge,unstratified,False,1779,20.751849159000628,17.34652360493298,20260827
permuted_anchor_pseudo_edge,unstratified,False,1780,23.38196832415222,17.34652360493298,20260827
permuted_anchor_pseudo_edge,unstratified,False,1781,18.436341382690994,17.34652360493298,20260827
permuted_anchor_pseudo_edge,unstratified,False,1782,13.792741973731246,17.34652360493298,20260827
permuted_anchor_pseudo_edge,unstratified,False,1783,19.8859647877455,17.34652360493298,20260827
permuted_anchor_pseudo_edge,unstratified,False,1784,9.282002179395855,17.34652360493298,20260827
permuted_anchor_pseudo_edge,unstratified,False,1785,15.837445058362052,17.34652360493298,20260827
permuted_anchor_pseudo_edge,unstratified,False,1786,19.239857452392325,17.34652360493298,20260827
permuted_anchor_pseudo_edge,unstratified,False,1787,13.57487840853967,17.34652360493298,20260827
permuted_anchor_pseudo_edge,unstratified,False,1788,15.31099154268453,17.34652360493298,20260827
permuted_anchor_pseudo_edge,unstratified,False,1789,14.887974282479947,17.34652360493298,20260827
permuted_anchor_pseudo_edge,unstratified,False,1790,19.7659533864857,17.34652360493298,20260827
permuted_anchor_pseudo_edge,unstratified,False,1791,21.74412894410949,17.34652360493298,20260827
permuted_anchor_pseudo_edge,unstratified,False,1792,14.366602333844225,17.34652360493298,20260827
permuted_anchor_pseudo_edge,unstratified,False,1793,20.12799008059271,17.34652360493298,20260827
permuted_anchor_pseudo_edge,unstratified,False,1794,18.402110616856103,17.34652360493298,20260827
permuted_anchor_pseudo_edge,unstratified,False,1795,8.158910599411488,17.34652360493298,20260827
permuted_anchor_pseudo_edge,unstratified,False,1796,13.183331049840671,17.34652360493298,20260827
permuted_anchor_pseudo_edge,unstratified,False,1797,14.118556699340571,17.34652360493298,20260827
permuted_anchor_pseudo_edge,unstratified,False,1798,22.883657311786195,17.34652360493298,20260827
permuted_anchor_pseudo_edge,unstratified,False,1799,19.138723227716202,17.34652360493298,20260827
permuted_anchor_pseudo_edge,unstratified,False,1800,15.892074906457749,17.34652360493298,20260827
permuted_anchor_pseudo_edge,unstratified,False,1801,21.849520663181558,17.34652360493298,20260827
permuted_anchor_pseudo_edge,unstratified,False,1802,17.062412139739298,17.34652360493298,20260827
permuted_anchor_pseudo_edge,unstratified,False,1803,11.196372361882272,17.34652360493298,20260827
permuted_anchor_pseudo_edge,unstratified,False,1804,10.287751953929785,17.34652360493298,20260827
permuted_anchor_pseudo_edge,unstratified,False,1805,11.906371813059817,17.34652360493298,20260827
permuted_anchor_pseudo_edge,unstratified,False,1806,11.764775089000407,17.34652360493298,20260827
permuted_anchor_pseudo_edge,unstratified,False,1807,19.05616322790691,17.34652360493298,20260827
permuted_anchor_pseudo_edge,unstratified,False,1808,12.42207823891838,17.34652360493298,20260827
permuted_anchor_pseudo_edge,unstratified,False,1809,14.67563697411845,17.34652360493298,20260827
permuted_anchor_pseudo_edge,unstratified,False,1810,13.728157488593423,17.34652360493298,20260827
permuted_anchor_pseudo_edge,unstratified,False,1811,20.325893994710132,17.34652360493298,20260827
permuted_anchor_pseudo_edge,unstratified,False,1812,12.14941007487677,17.34652360493298,20260827
permuted_anchor_pseudo_edge,unstratified,False,1813,14.686759041080286,17.34652360493298,20260827
permuted_anchor_pseudo_edge,unstratified,False,1814,12.437603555013608,17.34652360493298,20260827
permuted_anchor_pseudo_edge,unstratified,False,1815,18.38746461320108,17.34652360493298,20260827
permuted_anchor_pseudo_edge,unstratified,False,1816,13.349372882642422,17.34652360493298,20260827
permuted_anchor_pseudo_edge,unstratified,False,1817,17.38886288979627,17.34652360493298,20260827
permuted_anchor_pseudo_edge,unstratified,False,1818,15.31944544562992,17.34652360493298,20260827
permuted_anchor_pseudo_edge,unstratified,False,1819,12.204133624332828,17.34652360493298,20260827
permuted_anchor_pseudo_edge,unstratified,False,1820,16.04407537653807,17.34652360493298,20260827
permuted_anchor_pseudo_edge,unstratified,False,1821,14.336650265825051,17.34652360493298,20260827
permuted_anchor_pseudo_edge,unstratified,False,1822,17.354819016682672,17.34652360493298,20260827
permuted_anchor_pseudo_edge,unstratified,False,1823,19.39646544088935,17.34652360493298,20260827
permuted_anchor_pseudo_edge,unstratified,False,1824,15.11166507399758,17.34652360493298,20260827
permuted_anchor_pseudo_edge,unstratified,False,1825,19.749995172769093,17.34652360493298,20260827
permuted_anchor_pseudo_edge,unstratified,False,1826,15.071368184574697,17.34652360493298,20260827
permuted_anchor_pseudo_edge,unstratified,False,1827,17.63896344043772,17.34652360493298,20260827
permuted_anchor_pseudo_edge,unstratified,False,1828,19.50940706689077,17.34652360493298,20260827
permuted_anchor_pseudo_edge,unstratified,False,1829,12.209857103546447,17.34652360493298,20260827
permuted_anchor_pseudo_edge,unstratified,False,1830,18.038443854460862,17.34652360493298,20260827
permuted_anchor_pseudo_edge,unstratified,False,1831,18.062222493147043,17.34652360493298,20260827
permuted_anchor_pseudo_edge,unstratified,False,1832,17.666004733981563,17.34652360493298,20260827
permuted_anchor_pseudo_edge,unstratified,False,1833,17.788449369556965,17.34652360493298,20260827
permuted_anchor_pseudo_edge,unstratified,False,1834,15.084198559907424,17.34652360493298,20260827
permuted_anchor_pseudo_edge,unstratified,False,1835,14.380622922263232,17.34652360493298,20260827
permuted_anchor_pseudo_edge,unstratified,False,1836,11.248478528640138,17.34652360493298,20260827
permuted_anchor_pseudo_edge,unstratified,False,1837,24.386685496572387,17.34652360493298,20260827
permuted_anchor_pseudo_edge,unstratified,False,1838,12.392664724567195,17.34652360493298,20260827
permuted_anchor_pseudo_edge,unstratified,False,1839,13.985215675573864,17.34652360493298,20260827
permuted_anchor_pseudo_edge,unstratified,False,1840,18.977074530938896,17.34652360493298,20260827
permuted_anchor_pseudo_edge,unstratified,False,1841,13.734953348235605,17.34652360493298,20260827
permuted_anchor_pseudo_edge,unstratified,False,1842,16.267679458220734,17.34652360493298,20260827
permuted_anchor_pseudo_edge,unstratified,False,1843,25.458773082298997,17.34652360493298,20260827
permuted_anchor_pseudo_edge,unstratified,False,1844,13.035122504891483,17.34652360493298,20260827
permuted_anchor_pseudo_edge,unstratified,False,1845,14.899449618183361,17.34652360493298,20260827
permuted_anchor_pseudo_edge,unstratified,False,1846,22.346299476336096,17.34652360493298,20260827
permuted_anchor_pseudo_edge,unstratified,False,1847,14.859411552936658,17.34652360493298,20260827
permuted_anchor_pseudo_edge,unstratified,False,1848,21.936369893737414,17.34652360493298,20260827
permuted_anchor_pseudo_edge,unstratified,False,1849,17.601792347817142,17.34652360493298,20260827
permuted_anchor_pseudo_edge,unstratified,False,1850,14.04145982832033,17.34652360493298,20260827
permuted_anchor_pseudo_edge,unstratified,False,1851,15.534145217657716,17.34652360493298,20260827
permuted_anchor_pseudo_edge,unstratified,False,1852,15.94733155597027,17.34652360493298,20260827
permuted_anchor_pseudo_edge,unstratified,False,1853,16.58335242555486,17.34652360493298,20260827
permuted_anchor_pseudo_edge,unstratified,False,1854,18.66069217238702,17.34652360493298,20260827
permuted_anchor_pseudo_edge,unstratified,False,1855,15.734164963493471,17.34652360493298,20260827
permuted_anchor_pseudo_edge,unstratified,False,1856,18.263684255999042,17.34652360493298,20260827
permuted_anchor_pseudo_edge,unstratified,False,1857,13.176379414600733,17.34652360493298,20260827
permuted_anchor_pseudo_edge,unstratified,False,1858,22.89245233288407,17.34652360493298,20260827
permuted_anchor_pseudo_edge,unstratified,False,1859,22.222501575779564,17.34652360493298,20260827
permuted_anchor_pseudo_edge,unstratified,False,1860,19.364197613349344,17.34652360493298,20260827
permuted_anchor_pseudo_edge,unstratified,False,1861,16.81209179246344,17.34652360493298,20260827
permuted_anchor_pseudo_edge,unstratified,False,1862,11.530122103210205,17.34652360493298,20260827
permuted_anchor_pseudo_edge,unstratified,False,1863,12.07839902622892,17.34652360493298,20260827
permuted_anchor_pseudo_edge,unstratified,False,1864,17.203879547631693,17.34652360493298,20260827
permuted_anchor_pseudo_edge,unstratified,False,1865,21.026411556629235,17.34652360493298,20260827
permuted_anchor_pseudo_edge,unstratified,False,1866,17.750784414897236,17.34652360493298,20260827
permuted_anchor_pseudo_edge,unstratified,False,1867,18.121430645826607,17.34652360493298,20260827
permuted_anchor_pseudo_edge,unstratified,False,1868,13.46286182167754,17.34652360493298,20260827
permuted_anchor_pseudo_edge,unstratified,False,1869,22.588897554375936,17.34652360493298,20260827
permuted_anchor_pseudo_edge,unstratified,False,1870,22.16524977840341,17.34652360493298,20260827
permuted_anchor_pseudo_edge,unstratified,False,1871,16.899810804545773,17.34652360493298,20260827
permuted_anchor_pseudo_edge,unstratified,False,1872,15.48773949966037,17.34652360493298,20260827
permuted_anchor_pseudo_edge,unstratified,False,1873,14.85363019974406,17.34652360493298,20260827
permuted_anchor_pseudo_edge,unstratified,False,1874,16.561777158132298,17.34652360493298,20260827
permuted_anchor_pseudo_edge,unstratified,False,1875,17.116982180891213,17.34652360493298,20260827
permuted_anchor_pseudo_edge,unstratified,False,1876,17.620592309413247,17.34652360493298,20260827
permuted_anchor_pseudo_edge,unstratified,False,1877,11.473426039334827,17.34652360493298,20260827
permuted_anchor_pseudo_edge,unstratified,False,1878,13.892124059888333,17.34652360493298,20260827
permuted_anchor_pseudo_edge,unstratified,False,1879,16.52657299397394,17.34652360493298,20260827
permuted_anchor_pseudo_edge,unstratified,False,1880,19.51602180413691,17.34652360493298,20260827
permuted_anchor_pseudo_edge,unstratified,False,1881,15.738169286757337,17.34652360493298,20260827
permuted_anchor_pseudo_edge,unstratified,False,1882,11.246385409354502,17.34652360493298,20260827
permuted_anchor_pseudo_edge,unstratified,False,1883,17.640934375474597,17.34652360493298,20260827
permuted_anchor_pseudo_edge,unstratified,False,1884,15.394771584530279,17.34652360493298,20260827
permuted_anchor_pseudo_edge,unstratified,False,1885,11.334009138275936,17.34652360493298,20260827
permuted_anchor_pseudo_edge,unstratified,False,1886,18.371708223107422,17.34652360493298,20260827
permuted_anchor_pseudo_edge,unstratified,False,1887,16.79761647525391,17.34652360493298,20260827
permuted_anchor_pseudo_edge,unstratified,False,1888,15.594900503083398,17.34652360493298,20260827
permuted_anchor_pseudo_edge,unstratified,False,1889,21.22457317129485,17.34652360493298,20260827
permuted_anchor_pseudo_edge,unstratified,False,1890,22.62383594022238,17.34652360493298,20260827
permuted_anchor_pseudo_edge,unstratified,False,1891,19.745903191103746,17.34652360493298,20260827
permuted_anchor_pseudo_edge,unstratified,False,1892,18.84402772469846,17.34652360493298,20260827
permuted_anchor_pseudo_edge,unstratified,False,1893,14.323760381986261,17.34652360493298,20260827
permuted_anchor_pseudo_edge,unstratified,False,1894,11.266740679507768,17.34652360493298,20260827
permuted_anchor_pseudo_edge,unstratified,False,1895,23.859812551438743,17.34652360493298,20260827
permuted_anchor_pseudo_edge,unstratified,False,1896,17.087790099610448,17.34652360493298,20260827
permuted_anchor_pseudo_edge,unstratified,False,1897,13.378649375699553,17.34652360493298,20260827
permuted_anchor_pseudo_edge,unstratified,False,1898,16.98626570703919,17.34652360493298,20260827
permuted_anchor_pseudo_edge,unstratified,False,1899,20.059646760775934,17.34652360493298,20260827
permuted_anchor_pseudo_edge,unstratified,False,1900,22.94186669063164,17.34652360493298,20260827
permuted_anchor_pseudo_edge,unstratified,False,1901,21.15400750513901,17.34652360493298,20260827
permuted_anchor_pseudo_edge,unstratified,False,1902,16.4163184165132,17.34652360493298,20260827
permuted_anchor_pseudo_edge,unstratified,False,1903,16.3954844303279,17.34652360493298,20260827
permuted_anchor_pseudo_edge,unstratified,False,1904,10.736726267627308,17.34652360493298,20260827
permuted_anchor_pseudo_edge,unstratified,False,1905,15.075554981112132,17.34652360493298,20260827
permuted_anchor_pseudo_edge,unstratified,False,1906,15.323328077799426,17.34652360493298,20260827
permuted_anchor_pseudo_edge,unstratified,False,1907,19.672941193702304,17.34652360493298,20260827
permuted_anchor_pseudo_edge,unstratified,False,1908,19.719444308685986,17.34652360493298,20260827
permuted_anchor_pseudo_edge,unstratified,False,1909,17.434747889313858,17.34652360493298,20260827
permuted_anchor_pseudo_edge,unstratified,False,1910,17.07818768455057,17.34652360493298,20260827
permuted_anchor_pseudo_edge,unstratified,False,1911,20.425837445653713,17.34652360493298,20260827
permuted_anchor_pseudo_edge,unstratified,False,1912,19.216821908549875,17.34652360493298,20260827
permuted_anchor_pseudo_edge,unstratified,False,1913,15.600420698946632,17.34652360493298,20260827
permuted_anchor_pseudo_edge,unstratified,False,1914,14.701029882163544,17.34652360493298,20260827
permuted_anchor_pseudo_edge,unstratified,False,1915,17.982957754305456,17.34652360493298,20260827
permuted_anchor_pseudo_edge,unstratified,False,1916,17.276042325145596,17.34652360493298,20260827
permuted_anchor_pseudo_edge,unstratified,False,1917,16.36377561885774,17.34652360493298,20260827
permuted_anchor_pseudo_edge,unstratified,False,1918,14.033789664969198,17.34652360493298,20260827
permuted_anchor_pseudo_edge,unstratified,False,1919,16.521597157429152,17.34652360493298,20260827
permuted_anchor_pseudo_edge,unstratified,False,1920,14.343304201167545,17.34652360493298,20260827
permuted_anchor_pseudo_edge,unstratified,False,1921,13.157719085737597,17.34652360493298,20260827
permuted_anchor_pseudo_edge,unstratified,False,1922,18.72692471452336,17.34652360493298,20260827
permuted_anchor_pseudo_edge,unstratified,False,1923,18.098495834449544,17.34652360493298,20260827
permuted_anchor_pseudo_edge,unstratified,False,1924,14.78643866161313,17.34652360493298,20260827
permuted_anchor_pseudo_edge,unstratified,False,1925,14.551554290413552,17.34652360493298,20260827
permuted_anchor_pseudo_edge,unstratified,False,1926,12.755946759320535,17.34652360493298,20260827
permuted_anchor_pseudo_edge,unstratified,False,1927,17.759189996901217,17.34652360493298,20260827
permuted_anchor_pseudo_edge,unstratified,False,1928,18.5840436140298,17.34652360493298,20260827
permuted_anchor_pseudo_edge,unstratified,False,1929,16.19135001757038,17.34652360493298,20260827
permuted_anchor_pseudo_edge,unstratified,False,1930,17.995049574241158,17.34652360493298,20260827
permuted_anchor_pseudo_edge,unstratified,False,1931,17.355924699307675,17.34652360493298,20260827
permuted_anchor_pseudo_edge,unstratified,False,1932,18.393618953983175,17.34652360493298,20260827
permuted_anchor_pseudo_edge,unstratified,False,1933,14.092849440090601,17.34652360493298,20260827
permuted_anchor_pseudo_edge,unstratified,False,1934,18.508925371120423,17.34652360493298,20260827
permuted_anchor_pseudo_edge,unstratified,False,1935,22.260467835190944,17.34652360493298,20260827
permuted_anchor_pseudo_edge,unstratified,False,1936,18.74097411214378,17.34652360493298,20260827
permuted_anchor_pseudo_edge,unstratified,False,1937,13.971365502232247,17.34652360493298,20260827
permuted_anchor_pseudo_edge,unstratified,False,1938,19.59157250293367,17.34652360493298,20260827
permuted_anchor_pseudo_edge,unstratified,False,1939,21.293991276530267,17.34652360493298,20260827
permuted_anchor_pseudo_edge,unstratified,False,1940,17.51947682314172,17.34652360493298,20260827
permuted_anchor_pseudo_edge,unstratified,False,1941,14.742636123010877,17.34652360493298,20260827
permuted_anchor_pseudo_edge,unstratified,False,1942,12.402365986345346,17.34652360493298,20260827
permuted_anchor_pseudo_edge,unstratified,False,1943,12.118773760365052,17.34652360493298,20260827
permuted_anchor_pseudo_edge,unstratified,False,1944,10.290874249045256,17.34652360493298,20260827
permuted_anchor_pseudo_edge,unstratified,False,1945,12.790558096762346,17.34652360493298,20260827
permuted_anchor_pseudo_edge,unstratified,False,1946,16.253513976028724,17.34652360493298,20260827
permuted_anchor_pseudo_edge,unstratified,False,1947,21.119310976959714,17.34652360493298,20260827
permuted_anchor_pseudo_edge,unstratified,False,1948,12.28209046319097,17.34652360493298,20260827
permuted_anchor_pseudo_edge,unstratified,False,1949,16.63140485310942,17.34652360493298,20260827
permuted_anchor_pseudo_edge,unstratified,False,1950,18.26421334976378,17.34652360493298,20260827
permuted_anchor_pseudo_edge,unstratified,False,1951,11.061303102821046,17.34652360493298,20260827
permuted_anchor_pseudo_edge,unstratified,False,1952,15.16253813844787,17.34652360493298,20260827
permuted_anchor_pseudo_edge,unstratified,False,1953,18.239237174053113,17.34652360493298,20260827
permuted_anchor_pseudo_edge,unstratified,False,1954,12.762874912763294,17.34652360493298,20260827
permuted_anchor_pseudo_edge,unstratified,False,1955,19.503717130528162,17.34652360493298,20260827
permuted_anchor_pseudo_edge,unstratified,False,1956,17.230150438406366,17.34652360493298,20260827
permuted_anchor_pseudo_edge,unstratified,False,1957,19.408205374168976,17.34652360493298,20260827
permuted_anchor_pseudo_edge,unstratified,False,1958,14.728109873557674,17.34652360493298,20260827
permuted_anchor_pseudo_edge,unstratified,False,1959,10.854699589907103,17.34652360493298,20260827
permuted_anchor_pseudo_edge,unstratified,False,1960,14.62417091737605,17.34652360493298,20260827
permuted_anchor_pseudo_edge,unstratified,False,1961,20.157795823896677,17.34652360493298,20260827
permuted_anchor_pseudo_edge,unstratified,False,1962,16.984650997290053,17.34652360493298,20260827
permuted_anchor_pseudo_edge,unstratified,False,1963,12.983038932827531,17.34652360493298,20260827
permuted_anchor_pseudo_edge,unstratified,False,1964,12.89815266773297,17.34652360493298,20260827
permuted_anchor_pseudo_edge,unstratified,False,1965,11.576488937724246,17.34652360493298,20260827
permuted_anchor_pseudo_edge,unstratified,False,1966,18.778829632001827,17.34652360493298,20260827
permuted_anchor_pseudo_edge,unstratified,False,1967,18.3685779309532,17.34652360493298,20260827
permuted_anchor_pseudo_edge,unstratified,False,1968,18.553718009212506,17.34652360493298,20260827
permuted_anchor_pseudo_edge,unstratified,False,1969,16.655837780611343,17.34652360493298,20260827
permuted_anchor_pseudo_edge,unstratified,False,1970,12.987019672580658,17.34652360493298,20260827
permuted_anchor_pseudo_edge,unstratified,False,1971,19.326471357739162,17.34652360493298,20260827
permuted_anchor_pseudo_edge,unstratified,False,1972,16.251057624953546,17.34652360493298,20260827
permuted_anchor_pseudo_edge,unstratified,False,1973,23.41335146193751,17.34652360493298,20260827
permuted_anchor_pseudo_edge,unstratified,False,1974,13.724933014576218,17.34652360493298,20260827
permuted_anchor_pseudo_edge,unstratified,False,1975,16.256245390859213,17.34652360493298,20260827
permuted_anchor_pseudo_edge,unstratified,False,1976,14.410595470128124,17.34652360493298,20260827
permuted_anchor_pseudo_edge,unstratified,False,1977,15.814622819646615,17.34652360493298,20260827
permuted_anchor_pseudo_edge,unstratified,False,1978,13.260231779490258,17.34652360493298,20260827
permuted_anchor_pseudo_edge,unstratified,False,1979,11.92367385910182,17.34652360493298,20260827
permuted_anchor_pseudo_edge,unstratified,False,1980,16.563881261524322,17.34652360493298,20260827
permuted_anchor_pseudo_edge,unstratified,False,1981,17.85652652364158,17.34652360493298,20260827
permuted_anchor_pseudo_edge,unstratified,False,1982,14.133103796919938,17.34652360493298,20260827
permuted_anchor_pseudo_edge,unstratified,False,1983,14.548608171845434,17.34652360493298,20260827
permuted_anchor_pseudo_edge,unstratified,False,1984,13.704528622867173,17.34652360493298,20260827
permuted_anchor_pseudo_edge,unstratified,False,1985,15.198532266829865,17.34652360493298,20260827
permuted_anchor_pseudo_edge,unstratified,False,1986,12.47405068658416,17.34652360493298,20260827
permuted_anchor_pseudo_edge,unstratified,False,1987,12.014577235206227,17.34652360493298,20260827
permuted_anchor_pseudo_edge,unstratified,False,1988,19.371526036517334,17.34652360493298,20260827
permuted_anchor_pseudo_edge,unstratified,False,1989,18.952725183811374,17.34652360493298,20260827
permuted_anchor_pseudo_edge,unstratified,False,1990,18.385901821766456,17.34652360493298,20260827
permuted_anchor_pseudo_edge,unstratified,False,1991,15.007668818697582,17.34652360493298,20260827
permuted_anchor_pseudo_edge,unstratified,False,1992,20.353434709640077,17.34652360493298,20260827
permuted_anchor_pseudo_edge,unstratified,False,1993,13.509985283637343,17.34652360493298,20260827
permuted_anchor_pseudo_edge,unstratified,False,1994,17.835457758979693,17.34652360493298,20260827
permuted_anchor_pseudo_edge,unstratified,False,1995,18.17608200409087,17.34652360493298,20260827
permuted_anchor_pseudo_edge,unstratified,False,1996,18.404874868143402,17.34652360493298,20260827
permuted_anchor_pseudo_edge,unstratified,False,1997,18.07256972947893,17.34652360493298,20260827
permuted_anchor_pseudo_edge,unstratified,False,1998,11.489738056041823,17.34652360493298,20260827
permuted_anchor_pseudo_edge,unstratified,False,1999,21.923738485730244,17.34652360493298,20260827
permuted_anchor_pseudo_edge,unstratified,False,2000,11.749614686982133,17.34652360493298,20260827
time_shifted_pseudo_edge,none,True,1,-0.5052516751205247,17.34652360493298,20260827
time_shifted_pseudo_edge,none,True,2,-6.711636651406187,17.34652360493298,20260827
time_shifted_pseudo_edge,none,True,3,-1.7544989780270157,17.34652360493298,20260827
time_shifted_pseudo_edge,none,True,4,-8.564247847870133,17.34652360493298,20260827
time_shifted_pseudo_edge,none,True,5,1.1633569325745148,17.34652360493298,20260827
time_shifted_pseudo_edge,none,True,6,-4.962661419635798,17.34652360493298,20260827
time_shifted_pseudo_edge,none,True,7,-4.516145628372552,17.34652360493298,20260827
time_shifted_pseudo_edge,none,True,8,-2.9583091600697182,17.34652360493298,20260827
time_shifted_pseudo_edge,none,True,9,5.738890631065559,17.34652360493298,20260827
time_shifted_pseudo_edge,none,True,10,0.7996754440483768,17.34652360493298,20260827
time_shifted_pseudo_edge,none,True,11,-10.383467968607917,17.34652360493298,20260827
time_shifted_pseudo_edge,none,True,12,-0.6521400490134643,17.34652360493298,20260827
time_shifted_pseudo_edge,none,True,13,-0.8957629861723634,17.34652360493298,20260827
time_shifted_pseudo_edge,none,True,14,3.067223493358796,17.34652360493298,20260827
time_shifted_pseudo_edge,none,True,15,-4.319788470148709,17.34652360493298,20260827
time_shifted_pseudo_edge,none,True,16,-8.873999749397308,17.34652360493298,20260827
time_shifted_pseudo_edge,none,True,17,3.0781471221422154,17.34652360493298,20260827
time_shifted_pseudo_edge,none,True,18,-7.184478216364715,17.34652360493298,20260827
time_shifted_pseudo_edge,none,True,19,-0.5818404063608726,17.34652360493298,20260827
time_shifted_pseudo_edge,none,True,20,0.614327408688392,17.34652360493298,20260827
time_shifted_pseudo_edge,none,True,21,-0.8274013858344783,17.34652360493298,20260827
time_shifted_pseudo_edge,none,True,22,-7.895713249337566,17.34652360493298,20260827
time_shifted_pseudo_edge,none,True,23,-3.606739265168545,17.34652360493298,20260827
time_shifted_pseudo_edge,none,True,24,6.673690576884099,17.34652360493298,20260827
time_shifted_pseudo_edge,none,True,25,7.100452027529661,17.34652360493298,20260827
time_shifted_pseudo_edge,none,True,26,1.7476001439565931,17.34652360493298,20260827
time_shifted_pseudo_edge,none,True,27,-1.3213339128634716,17.34652360493298,20260827
time_shifted_pseudo_edge,none,True,28,-1.3461437404834788,17.34652360493298,20260827
time_shifted_pseudo_edge,none,True,29,4.4058713682347515,17.34652360493298,20260827
time_shifted_pseudo_edge,none,True,30,0.5288845863822008,17.34652360493298,20260827
time_shifted_pseudo_edge,none,True,31,1.6052562085014,17.34652360493298,20260827
time_shifted_pseudo_edge,none,True,32,-4.018733626603761,17.34652360493298,20260827
time_shifted_pseudo_edge,none,True,33,-2.883510174024267,17.34652360493298,20260827
time_shifted_pseudo_edge,none,True,34,-2.45301463929465,17.34652360493298,20260827
time_shifted_pseudo_edge,none,True,35,-0.48319791220660413,17.34652360493298,20260827
time_shifted_pseudo_edge,none,True,36,1.901160122492487,17.34652360493298,20260827
time_shifted_pseudo_edge,none,True,37,6.872041336591112,17.34652360493298,20260827
time_shifted_pseudo_edge,none,True,38,-2.0317468235447524,17.34652360493298,20260827
time_shifted_pseudo_edge,none,True,39,-3.6787146947158225,17.34652360493298,20260827
time_shifted_pseudo_edge,none,True,40,1.391205758209226,17.34652360493298,20260827
time_shifted_pseudo_edge,none,True,41,-4.096562580097894,17.34652360493298,20260827
time_shifted_pseudo_edge,none,True,42,6.63720746965749,17.34652360493298,20260827
time_shifted_pseudo_edge,none,True,43,13.215504881263538,17.34652360493298,20260827
time_shifted_pseudo_edge,none,True,44,7.589089578290109,17.34652360493298,20260827
time_shifted_pseudo_edge,none,True,45,-4.5276906446267455,17.34652360493298,20260827
time_shifted_pseudo_edge,none,True,46,0.2598797739610296,17.34652360493298,20260827
time_shifted_pseudo_edge,none,True,47,-7.964251552250231,17.34652360493298,20260827
time_shifted_pseudo_edge,none,True,48,0.6455613147488759,17.34652360493298,20260827
time_shifted_pseudo_edge,none,True,49,2.8552691444633718,17.34652360493298,20260827
time_shifted_pseudo_edge,none,True,50,1.629057349713654,17.34652360493298,20260827
time_shifted_pseudo_edge,none,True,51,-10.076575665015348,17.34652360493298,20260827
time_shifted_pseudo_edge,none,True,52,-7.068701552310166,17.34652360493298,20260827
time_shifted_pseudo_edge,none,True,53,5.688001801908063,17.34652360493298,20260827
time_shifted_pseudo_edge,none,True,54,0.520570854612642,17.34652360493298,20260827
time_shifted_pseudo_edge,none,True,55,3.4506315026393257,17.34652360493298,20260827
time_shifted_pseudo_edge,none,True,56,-1.24010188450972,17.34652360493298,20260827
time_shifted_pseudo_edge,none,True,57,-1.0070506048070964,17.34652360493298,20260827
time_shifted_pseudo_edge,none,True,58,-7.876865513942806,17.34652360493298,20260827
time_shifted_pseudo_edge,none,True,59,-0.9332177949122966,17.34652360493298,20260827
time_shifted_pseudo_edge,none,True,60,4.23680295016284,17.34652360493298,20260827
time_shifted_pseudo_edge,none,True,61,-2.434396438722616,17.34652360493298,20260827
time_shifted_pseudo_edge,none,True,62,0.8594245595004768,17.34652360493298,20260827
time_shifted_pseudo_edge,none,True,63,0.3019764896514002,17.34652360493298,20260827
time_shifted_pseudo_edge,none,True,64,-1.7903574711198496,17.34652360493298,20260827
time_shifted_pseudo_edge,none,True,65,-2.4837470751260082,17.34652360493298,20260827
time_shifted_pseudo_edge,none,True,66,-1.0881306430322768,17.34652360493298,20260827
time_shifted_pseudo_edge,none,True,67,-6.065623191701349,17.34652360493298,20260827
time_shifted_pseudo_edge,none,True,68,0.5065026684969046,17.34652360493298,20260827
time_shifted_pseudo_edge,none,True,69,7.465320964316565,17.34652360493298,20260827
time_shifted_pseudo_edge,none,True,70,-8.409018187649258,17.34652360493298,20260827
time_shifted_pseudo_edge,none,True,71,0.599561224685423,17.34652360493298,20260827
time_shifted_pseudo_edge,none,True,72,2.2639792696889365,17.34652360493298,20260827
time_shifted_pseudo_edge,none,True,73,-4.217953671446331,17.34652360493298,20260827
time_shifted_pseudo_edge,none,True,74,-1.9806901672436892,17.34652360493298,20260827
time_shifted_pseudo_edge,none,True,75,3.7070682355943068,17.34652360493298,20260827
time_shifted_pseudo_edge,none,True,76,2.1803903662730493,17.34652360493298,20260827
time_shifted_pseudo_edge,none,True,77,-2.502838869664687,17.34652360493298,20260827
time_shifted_pseudo_edge,none,True,78,-10.583864446164998,17.34652360493298,20260827
time_shifted_pseudo_edge,none,True,79,3.8073073811924174,17.34652360493298,20260827
time_shifted_pseudo_edge,none,True,80,0.3168820268572153,17.34652360493298,20260827
time_shifted_pseudo_edge,none,True,81,-5.645345807062007,17.34652360493298,20260827
time_shifted_pseudo_edge,none,True,82,6.7502652723265815,17.34652360493298,20260827
time_shifted_pseudo_edge,none,True,83,-8.393402286821024,17.34652360493298,20260827
time_shifted_pseudo_edge,none,True,84,-0.1298721596492291,17.34652360493298,20260827
time_shifted_pseudo_edge,none,True,85,4.682137154470762,17.34652360493298,20260827
time_shifted_pseudo_edge,none,True,86,-9.20088008584257,17.34652360493298,20260827
time_shifted_pseudo_edge,none,True,87,0.8500030084497047,17.34652360493298,20260827
time_shifted_pseudo_edge,none,True,88,-1.9128344110610607,17.34652360493298,20260827
time_shifted_pseudo_edge,none,True,89,5.3828836386351435,17.34652360493298,20260827
time_shifted_pseudo_edge,none,True,90,9.008008577355291,17.34652360493298,20260827
time_shifted_pseudo_edge,none,True,91,-2.1181324953898533,17.34652360493298,20260827
time_shifted_pseudo_edge,none,True,92,-3.105752953768314,17.34652360493298,20260827
time_shifted_pseudo_edge,none,True,93,-1.3025804593553816,17.34652360493298,20260827
time_shifted_pseudo_edge,none,True,94,0.10145939004580899,17.34652360493298,20260827
time_shifted_pseudo_edge,none,True,95,1.794449294257408,17.34652360493298,20260827
time_shifted_pseudo_edge,none,True,96,-5.7818089956090875,17.34652360493298,20260827
time_shifted_pseudo_edge,none,True,97,3.7663674288237803,17.34652360493298,20260827
time_shifted_pseudo_edge,none,True,98,4.288891542451268,17.34652360493298,20260827
time_shifted_pseudo_edge,none,True,99,1.3786421519054501,17.34652360493298,20260827
time_shifted_pseudo_edge,none,True,100,4.5078741651795555,17.34652360493298,20260827
time_shifted_pseudo_edge,none,True,101,0.07239461589165162,17.34652360493298,20260827
time_shifted_pseudo_edge,none,True,102,4.168186673700696,17.34652360493298,20260827
time_shifted_pseudo_edge,none,True,103,-0.441093651323769,17.34652360493298,20260827
time_shifted_pseudo_edge,none,True,104,-4.575532043547139,17.34652360493298,20260827
time_shifted_pseudo_edge,none,True,105,2.1303062404380118,17.34652360493298,20260827
time_shifted_pseudo_edge,none,True,106,-0.2947762197790715,17.34652360493298,20260827
time_shifted_pseudo_edge,none,True,107,5.982572105943025,17.34652360493298,20260827
time_shifted_pseudo_edge,none,True,108,5.826583673871251,17.34652360493298,20260827
time_shifted_pseudo_edge,none,True,109,-6.067823432876271,17.34652360493298,20260827
time_shifted_pseudo_edge,none,True,110,-0.4359124956273125,17.34652360493298,20260827
time_shifted_pseudo_edge,none,True,111,-9.698200469062938,17.34652360493298,20260827
time_shifted_pseudo_edge,none,True,112,0.5200538602609381,17.34652360493298,20260827
time_shifted_pseudo_edge,none,True,113,5.748898323227219,17.34652360493298,20260827
time_shifted_pseudo_edge,none,True,114,1.2773480382365061,17.34652360493298,20260827
time_shifted_pseudo_edge,none,True,115,1.4503908608833553,17.34652360493298,20260827
time_shifted_pseudo_edge,none,True,116,0.1075772223339954,17.34652360493298,20260827
time_shifted_pseudo_edge,none,True,117,-5.301871697477935,17.34652360493298,20260827
time_shifted_pseudo_edge,none,True,118,1.094379171941693,17.34652360493298,20260827
time_shifted_pseudo_edge,none,True,119,10.237075400497494,17.34652360493298,20260827
time_shifted_pseudo_edge,none,True,120,-2.428397928694643,17.34652360493298,20260827
time_shifted_pseudo_edge,none,True,121,11.806705343859273,17.34652360493298,20260827
time_shifted_pseudo_edge,none,True,122,-4.779795083810238,17.34652360493298,20260827
time_shifted_pseudo_edge,none,True,123,-5.7998991803992945,17.34652360493298,20260827
time_shifted_pseudo_edge,none,True,124,3.5263806798860244,17.34652360493298,20260827
time_shifted_pseudo_edge,none,True,125,2.574995399788987,17.34652360493298,20260827
time_shifted_pseudo_edge,none,True,126,6.505685410287445,17.34652360493298,20260827
time_shifted_pseudo_edge,none,True,127,7.380918851628385,17.34652360493298,20260827
time_shifted_pseudo_edge,none,True,128,-0.43614827022306535,17.34652360493298,20260827
time_shifted_pseudo_edge,none,True,129,0.8044469146953973,17.34652360493298,20260827
time_shifted_pseudo_edge,none,True,130,-0.3267932230745117,17.34652360493298,20260827
time_shifted_pseudo_edge,none,True,131,8.250460870823444,17.34652360493298,20260827
time_shifted_pseudo_edge,none,True,132,4.831644246642761,17.34652360493298,20260827
time_shifted_pseudo_edge,none,True,133,3.3341205366742233,17.34652360493298,20260827
time_shifted_pseudo_edge,none,True,134,-0.9116723542506542,17.34652360493298,20260827
time_shifted_pseudo_edge,none,True,135,-0.6530751616493258,17.34652360493298,20260827
time_shifted_pseudo_edge,none,True,136,0.032136580502651856,17.34652360493298,20260827
time_shifted_pseudo_edge,none,True,137,-4.007531294185809,17.34652360493298,20260827
time_shifted_pseudo_edge,none,True,138,1.711108516948283,17.34652360493298,20260827
time_shifted_pseudo_edge,none,True,139,0.6242262919973525,17.34652360493298,20260827
time_shifted_pseudo_edge,none,True,140,-3.614233145267256,17.34652360493298,20260827
time_shifted_pseudo_edge,none,True,141,0.8020670407091337,17.34652360493298,20260827
time_shifted_pseudo_edge,none,True,142,3.971093670778932,17.34652360493298,20260827
time_shifted_pseudo_edge,none,True,143,-1.0698955964411268,17.34652360493298,20260827
time_shifted_pseudo_edge,none,True,144,-4.447159739669958,17.34652360493298,20260827
time_shifted_pseudo_edge,none,True,145,-1.181221478104694,17.34652360493298,20260827
time_shifted_pseudo_edge,none,True,146,1.6035477416975001,17.34652360493298,20260827
time_shifted_pseudo_edge,none,True,147,0.5801998667288583,17.34652360493298,20260827
time_shifted_pseudo_edge,none,True,148,-0.892943846395887,17.34652360493298,20260827
time_shifted_pseudo_edge,none,True,149,-2.8325610399000927,17.34652360493298,20260827
time_shifted_pseudo_edge,none,True,150,-8.774947044910585,17.34652360493298,20260827
time_shifted_pseudo_edge,none,True,151,9.917662252939671,17.34652360493298,20260827
time_shifted_pseudo_edge,none,True,152,8.023130869800452,17.34652360493298,20260827
time_shifted_pseudo_edge,none,True,153,1.6609276541944256,17.34652360493298,20260827
time_shifted_pseudo_edge,none,True,154,7.707433595636158,17.34652360493298,20260827
time_shifted_pseudo_edge,none,True,155,-2.863182201342859,17.34652360493298,20260827
time_shifted_pseudo_edge,none,True,156,-2.3857352935659875,17.34652360493298,20260827
time_shifted_pseudo_edge,none,True,157,-0.3665298748235106,17.34652360493298,20260827
time_shifted_pseudo_edge,none,True,158,0.030380236756094203,17.34652360493298,20260827
time_shifted_pseudo_edge,none,True,159,-5.05815807119039,17.34652360493298,20260827
time_shifted_pseudo_edge,none,True,160,-0.8857748572103837,17.34652360493298,20260827
time_shifted_pseudo_edge,none,True,161,11.955240157364132,17.34652360493298,20260827
time_shifted_pseudo_edge,none,True,162,8.649011031496169,17.34652360493298,20260827
time_shifted_pseudo_edge,none,True,163,-4.807132414620885,17.34652360493298,20260827
time_shifted_pseudo_edge,none,True,164,-3.2367594023754482,17.34652360493298,20260827
time_shifted_pseudo_edge,none,True,165,-1.913540313708635,17.34652360493298,20260827
time_shifted_pseudo_edge,none,True,166,4.572155157843713,17.34652360493298,20260827
time_shifted_pseudo_edge,none,True,167,-1.635759783283862,17.34652360493298,20260827
time_shifted_pseudo_edge,none,True,168,0.19759575430875675,17.34652360493298,20260827
time_shifted_pseudo_edge,none,True,169,1.482793813501031,17.34652360493298,20260827
time_shifted_pseudo_edge,none,True,170,-2.5418576295753534,17.34652360493298,20260827
time_shifted_pseudo_edge,none,True,171,1.1862139535137932,17.34652360493298,20260827
time_shifted_pseudo_edge,none,True,172,-5.401371627071884,17.34652360493298,20260827
time_shifted_pseudo_edge,none,True,173,-1.5339593210626088,17.34652360493298,20260827
time_shifted_pseudo_edge,none,True,174,-2.10864994969153,17.34652360493298,20260827
time_shifted_pseudo_edge,none,True,175,-3.3510535658901706,17.34652360493298,20260827
time_shifted_pseudo_edge,none,True,176,-1.6705803227403195,17.34652360493298,20260827
time_shifted_pseudo_edge,none,True,177,-6.052071877522914,17.34652360493298,20260827
time_shifted_pseudo_edge,none,True,178,2.3587378746237264,17.34652360493298,20260827
time_shifted_pseudo_edge,none,True,179,0.1785500866282284,17.34652360493298,20260827
time_shifted_pseudo_edge,none,True,180,6.725511725985017,17.34652360493298,20260827
time_shifted_pseudo_edge,none,True,181,3.816328444964606,17.34652360493298,20260827
time_shifted_pseudo_edge,none,True,182,-0.18773902453394098,17.34652360493298,20260827
time_shifted_pseudo_edge,none,True,183,-2.2470665517354367,17.34652360493298,20260827
time_shifted_pseudo_edge,none,True,184,-1.1137630420961837,17.34652360493298,20260827
time_shifted_pseudo_edge,none,True,185,1.1886272918143406,17.34652360493298,20260827
time_shifted_pseudo_edge,none,True,186,2.215305767617402,17.34652360493298,20260827
time_shifted_pseudo_edge,none,True,187,-3.9487473223347065,17.34652360493298,20260827
time_shifted_pseudo_edge,none,True,188,2.227285908238895,17.34652360493298,20260827
time_shifted_pseudo_edge,none,True,189,-2.197995278060475,17.34652360493298,20260827
time_shifted_pseudo_edge,none,True,190,-0.5035923930688518,17.34652360493298,20260827
time_shifted_pseudo_edge,none,True,191,5.578912150399253,17.34652360493298,20260827
time_shifted_pseudo_edge,none,True,192,-4.103932988836786,17.34652360493298,20260827
time_shifted_pseudo_edge,none,True,193,-4.284764963962991,17.34652360493298,20260827
time_shifted_pseudo_edge,none,True,194,-0.7625588017043409,17.34652360493298,20260827
time_shifted_pseudo_edge,none,True,195,3.0266108099616558,17.34652360493298,20260827
time_shifted_pseudo_edge,none,True,196,11.02067894543538,17.34652360493298,20260827
time_shifted_pseudo_edge,none,True,197,-3.471377117584329,17.34652360493298,20260827
time_shifted_pseudo_edge,none,True,198,10.762219954283635,17.34652360493298,20260827
time_shifted_pseudo_edge,none,True,199,-2.780507472505433,17.34652360493298,20260827
time_shifted_pseudo_edge,none,True,200,-10.103718692973148,17.34652360493298,20260827
time_shifted_pseudo_edge,none,True,201,6.482230752267004,17.34652360493298,20260827
time_shifted_pseudo_edge,none,True,202,-10.289656602201166,17.34652360493298,20260827
time_shifted_pseudo_edge,none,True,203,2.3089937641415994,17.34652360493298,20260827
time_shifted_pseudo_edge,none,True,204,-4.049101346321505,17.34652360493298,20260827
time_shifted_pseudo_edge,none,True,205,6.082200064258582,17.34652360493298,20260827
time_shifted_pseudo_edge,none,True,206,-3.511246041440027,17.34652360493298,20260827
time_shifted_pseudo_edge,none,True,207,8.392631050495071,17.34652360493298,20260827
time_shifted_pseudo_edge,none,True,208,-2.8367220878452235,17.34652360493298,20260827
time_shifted_pseudo_edge,none,True,209,0.6284985428461209,17.34652360493298,20260827
time_shifted_pseudo_edge,none,True,210,4.135731516186846,17.34652360493298,20260827
time_shifted_pseudo_edge,none,True,211,-1.855968361703879,17.34652360493298,20260827
time_shifted_pseudo_edge,none,True,212,7.390602898314971,17.34652360493298,20260827
time_shifted_pseudo_edge,none,True,213,7.936449508381788,17.34652360493298,20260827
time_shifted_pseudo_edge,none,True,214,4.75810381644824,17.34652360493298,20260827
time_shifted_pseudo_edge,none,True,215,-0.33202260191313954,17.34652360493298,20260827
time_shifted_pseudo_edge,none,True,216,-5.309328281708783,17.34652360493298,20260827
time_shifted_pseudo_edge,none,True,217,-5.024089690264558,17.34652360493298,20260827
time_shifted_pseudo_edge,none,True,218,-3.852213224517096,17.34652360493298,20260827
time_shifted_pseudo_edge,none,True,219,4.818472119923956,17.34652360493298,20260827
time_shifted_pseudo_edge,none,True,220,-9.345496992706652,17.34652360493298,20260827
time_shifted_pseudo_edge,none,True,221,-1.810070037688466,17.34652360493298,20260827
time_shifted_pseudo_edge,none,True,222,-12.236709677707099,17.34652360493298,20260827
time_shifted_pseudo_edge,none,True,223,-3.370686945832558,17.34652360493298,20260827
time_shifted_pseudo_edge,none,True,224,1.5468995835154196,17.34652360493298,20260827
time_shifted_pseudo_edge,none,True,225,4.27340396455233,17.34652360493298,20260827
time_shifted_pseudo_edge,none,True,226,6.5865625635622465,17.34652360493298,20260827
time_shifted_pseudo_edge,none,True,227,-5.826684828337427,17.34652360493298,20260827
time_shifted_pseudo_edge,none,True,228,-5.565330416918143,17.34652360493298,20260827
time_shifted_pseudo_edge,none,True,229,1.94372593721663,17.34652360493298,20260827
time_shifted_pseudo_edge,none,True,230,-5.389403935876205,17.34652360493298,20260827
time_shifted_pseudo_edge,none,True,231,-3.0108320966286426,17.34652360493298,20260827
time_shifted_pseudo_edge,none,True,232,1.752483385509975,17.34652360493298,20260827
time_shifted_pseudo_edge,none,True,233,-6.757014654400819,17.34652360493298,20260827
time_shifted_pseudo_edge,none,True,234,-4.546136117179784,17.34652360493298,20260827
time_shifted_pseudo_edge,none,True,235,-4.214622892972805,17.34652360493298,20260827
time_shifted_pseudo_edge,none,True,236,-4.691667905546662,17.34652360493298,20260827
time_shifted_pseudo_edge,none,True,237,-3.717741992129744,17.34652360493298,20260827
time_shifted_pseudo_edge,none,True,238,1.6237595769815987,17.34652360493298,20260827
time_shifted_pseudo_edge,none,True,239,-6.200839002989365,17.34652360493298,20260827
time_shifted_pseudo_edge,none,True,240,-4.9651317035078995,17.34652360493298,20260827
time_shifted_pseudo_edge,none,True,241,2.5740623977550148,17.34652360493298,20260827
time_shifted_pseudo_edge,none,True,242,-1.8629097159846446,17.34652360493298,20260827
time_shifted_pseudo_edge,none,True,243,-6.589500026309324,17.34652360493298,20260827
time_shifted_pseudo_edge,none,True,244,-2.6926116500692205,17.34652360493298,20260827
time_shifted_pseudo_edge,none,True,245,-1.555546358487762,17.34652360493298,20260827
time_shifted_pseudo_edge,none,True,246,-3.2551830899190644,17.34652360493298,20260827
time_shifted_pseudo_edge,none,True,247,-1.9897562352218616,17.34652360493298,20260827
time_shifted_pseudo_edge,none,True,248,9.215982550616108,17.34652360493298,20260827
time_shifted_pseudo_edge,none,True,249,3.5121917476599087,17.34652360493298,20260827
time_shifted_pseudo_edge,none,True,250,-0.40786957978586424,17.34652360493298,20260827
time_shifted_pseudo_edge,none,True,251,5.8492463700192205,17.34652360493298,20260827
time_shifted_pseudo_edge,none,True,252,-0.8007093778899244,17.34652360493298,20260827
time_shifted_pseudo_edge,none,True,253,-3.7961055393046417,17.34652360493298,20260827
time_shifted_pseudo_edge,none,True,254,-6.300695826380967,17.34652360493298,20260827
time_shifted_pseudo_edge,none,True,255,2.084908895127265,17.34652360493298,20260827
time_shifted_pseudo_edge,none,True,256,2.3331250432503743,17.34652360493298,20260827
time_shifted_pseudo_edge,none,True,257,11.18179755438148,17.34652360493298,20260827
time_shifted_pseudo_edge,none,True,258,4.001234037163663,17.34652360493298,20260827
time_shifted_pseudo_edge,none,True,259,9.178179811003195,17.34652360493298,20260827
time_shifted_pseudo_edge,none,True,260,-4.214742394465258,17.34652360493298,20260827
time_shifted_pseudo_edge,none,True,261,-2.05795565256333,17.34652360493298,20260827
time_shifted_pseudo_edge,none,True,262,1.349594255699573,17.34652360493298,20260827
time_shifted_pseudo_edge,none,True,263,5.417799917168751,17.34652360493298,20260827
time_shifted_pseudo_edge,none,True,264,-0.9952452582280227,17.34652360493298,20260827
time_shifted_pseudo_edge,none,True,265,-4.1302023191583945,17.34652360493298,20260827
time_shifted_pseudo_edge,none,True,266,-2.7356920896183317,17.34652360493298,20260827
time_shifted_pseudo_edge,none,True,267,-3.0767762118173296,17.34652360493298,20260827
time_shifted_pseudo_edge,none,True,268,-0.8715768722591009,17.34652360493298,20260827
time_shifted_pseudo_edge,none,True,269,3.2646699847241694,17.34652360493298,20260827
time_shifted_pseudo_edge,none,True,270,-3.5332783539024866,17.34652360493298,20260827
time_shifted_pseudo_edge,none,True,271,-6.813399485754057,17.34652360493298,20260827
time_shifted_pseudo_edge,none,True,272,-0.1401305316170837,17.34652360493298,20260827
time_shifted_pseudo_edge,none,True,273,-4.715066287047842,17.34652360493298,20260827
time_shifted_pseudo_edge,none,True,274,4.754293785979283,17.34652360493298,20260827
time_shifted_pseudo_edge,none,True,275,-1.8668151791914107,17.34652360493298,20260827
time_shifted_pseudo_edge,none,True,276,-0.8136346032260813,17.34652360493298,20260827
time_shifted_pseudo_edge,none,True,277,-1.494656963188091,17.34652360493298,20260827
time_shifted_pseudo_edge,none,True,278,-2.8073897832200565,17.34652360493298,20260827
time_shifted_pseudo_edge,none,True,279,3.5092060778191283,17.34652360493298,20260827
time_shifted_pseudo_edge,none,True,280,1.8651428037234217,17.34652360493298,20260827
time_shifted_pseudo_edge,none,True,281,-3.4572914496362737,17.34652360493298,20260827
time_shifted_pseudo_edge,none,True,282,-5.390333478125926,17.34652360493298,20260827
time_shifted_pseudo_edge,none,True,283,-4.008542198792493,17.34652360493298,20260827
time_shifted_pseudo_edge,none,True,284,5.862823406996877,17.34652360493298,20260827
time_shifted_pseudo_edge,none,True,285,-0.7784727490856476,17.34652360493298,20260827
time_shifted_pseudo_edge,none,True,286,-3.615452863975025,17.34652360493298,20260827
time_shifted_pseudo_edge,none,True,287,8.141399606152287,17.34652360493298,20260827
time_shifted_pseudo_edge,none,True,288,-5.63274304304646,17.34652360493298,20260827
time_shifted_pseudo_edge,none,True,289,2.2913072953142026,17.34652360493298,20260827
time_shifted_pseudo_edge,none,True,290,8.437101160413157,17.34652360493298,20260827
time_shifted_pseudo_edge,none,True,291,-1.6151332123496553,17.34652360493298,20260827
time_shifted_pseudo_edge,none,True,292,-2.598145206335636,17.34652360493298,20260827
time_shifted_pseudo_edge,none,True,293,1.2147056263476408,17.34652360493298,20260827
time_shifted_pseudo_edge,none,True,294,-0.8070499957633389,17.34652360493298,20260827
time_shifted_pseudo_edge,none,True,295,-4.942489790255711,17.34652360493298,20260827
time_shifted_pseudo_edge,none,True,296,-3.0572756696505348,17.34652360493298,20260827
time_shifted_pseudo_edge,none,True,297,2.301257892825943,17.34652360493298,20260827
time_shifted_pseudo_edge,none,True,298,3.59563366985097,17.34652360493298,20260827
time_shifted_pseudo_edge,none,True,299,-3.2084382625489396,17.34652360493298,20260827
time_shifted_pseudo_edge,none,True,300,2.3998241174779267,17.34652360493298,20260827
time_shifted_pseudo_edge,none,True,301,1.4749014459140617,17.34652360493298,20260827
time_shifted_pseudo_edge,none,True,302,-1.8811367991093335,17.34652360493298,20260827
time_shifted_pseudo_edge,none,True,303,1.3807881133300717,17.34652360493298,20260827
time_shifted_pseudo_edge,none,True,304,5.540064854547225,17.34652360493298,20260827
time_shifted_pseudo_edge,none,True,305,8.956465141432256,17.34652360493298,20260827
time_shifted_pseudo_edge,none,True,306,0.0828276267397455,17.34652360493298,20260827
time_shifted_pseudo_edge,none,True,307,-5.1889314473995976,17.34652360493298,20260827
time_shifted_pseudo_edge,none,True,308,16.116273119206053,17.34652360493298,20260827
time_shifted_pseudo_edge,none,True,309,5.181754707127885,17.34652360493298,20260827
time_shifted_pseudo_edge,none,True,310,5.1665879104044565,17.34652360493298,20260827
time_shifted_pseudo_edge,none,True,311,4.115867400172407,17.34652360493298,20260827
time_shifted_pseudo_edge,none,True,312,-5.821384653131362,17.34652360493298,20260827
time_shifted_pseudo_edge,none,True,313,0.5476809711358552,17.34652360493298,20260827
time_shifted_pseudo_edge,none,True,314,-0.8592565541111206,17.34652360493298,20260827
time_shifted_pseudo_edge,none,True,315,-2.1420941614587243,17.34652360493298,20260827
time_shifted_pseudo_edge,none,True,316,-1.1908192819845316,17.34652360493298,20260827
time_shifted_pseudo_edge,none,True,317,-2.5145241878704323,17.34652360493298,20260827
time_shifted_pseudo_edge,none,True,318,2.2981424389629685,17.34652360493298,20260827
time_shifted_pseudo_edge,none,True,319,-5.745720092915085,17.34652360493298,20260827
time_shifted_pseudo_edge,none,True,320,-6.133289000075191,17.34652360493298,20260827
time_shifted_pseudo_edge,none,True,321,0.5428973874043965,17.34652360493298,20260827
time_shifted_pseudo_edge,none,True,322,0.7633160564051751,17.34652360493298,20260827
time_shifted_pseudo_edge,none,True,323,-1.9368931395821243,17.34652360493298,20260827
time_shifted_pseudo_edge,none,True,324,0.18933950415263667,17.34652360493298,20260827
time_shifted_pseudo_edge,none,True,325,0.8087794815209685,17.34652360493298,20260827
time_shifted_pseudo_edge,none,True,326,-4.411242508903435,17.34652360493298,20260827
time_shifted_pseudo_edge,none,True,327,-2.019548672870534,17.34652360493298,20260827
time_shifted_pseudo_edge,none,True,328,-5.070548604607385,17.34652360493298,20260827
time_shifted_pseudo_edge,none,True,329,-0.07317813857117547,17.34652360493298,20260827
time_shifted_pseudo_edge,none,True,330,2.939284352491135,17.34652360493298,20260827
time_shifted_pseudo_edge,none,True,331,-4.892562123035211,17.34652360493298,20260827
time_shifted_pseudo_edge,none,True,332,-4.954512650458389,17.34652360493298,20260827
time_shifted_pseudo_edge,none,True,333,-5.27114547799221,17.34652360493298,20260827
time_shifted_pseudo_edge,none,True,334,-8.45139247455123,17.34652360493298,20260827
time_shifted_pseudo_edge,none,True,335,2.0082293183278574,17.34652360493298,20260827
time_shifted_pseudo_edge,none,True,336,3.820805103886012,17.34652360493298,20260827
time_shifted_pseudo_edge,none,True,337,1.4305215045223918,17.34652360493298,20260827
time_shifted_pseudo_edge,none,True,338,-1.7156361215030016,17.34652360493298,20260827
time_shifted_pseudo_edge,none,True,339,-3.2006167443680353,17.34652360493298,20260827
time_shifted_pseudo_edge,none,True,340,6.4916530531480445,17.34652360493298,20260827
time_shifted_pseudo_edge,none,True,341,-2.2540305352922556,17.34652360493298,20260827
time_shifted_pseudo_edge,none,True,342,-0.3432487999454057,17.34652360493298,20260827
time_shifted_pseudo_edge,none,True,343,-8.800005038747468,17.34652360493298,20260827
time_shifted_pseudo_edge,none,True,344,2.3585269244580873,17.34652360493298,20260827
time_shifted_pseudo_edge,none,True,345,9.956869887613855,17.34652360493298,20260827
time_shifted_pseudo_edge,none,True,346,5.537336479203163,17.34652360493298,20260827
time_shifted_pseudo_edge,none,True,347,4.693584620581161,17.34652360493298,20260827
time_shifted_pseudo_edge,none,True,348,-1.4426809439967607,17.34652360493298,20260827
time_shifted_pseudo_edge,none,True,349,-4.93323538457643,17.34652360493298,20260827
time_shifted_pseudo_edge,none,True,350,3.9045076598394477,17.34652360493298,20260827
time_shifted_pseudo_edge,none,True,351,-1.1976980995493498,17.34652360493298,20260827
time_shifted_pseudo_edge,none,True,352,10.25278587545229,17.34652360493298,20260827
time_shifted_pseudo_edge,none,True,353,-10.38093665260493,17.34652360493298,20260827
time_shifted_pseudo_edge,none,True,354,6.023316115628059,17.34652360493298,20260827
time_shifted_pseudo_edge,none,True,355,5.293490984898963,17.34652360493298,20260827
time_shifted_pseudo_edge,none,True,356,-0.9032333616688192,17.34652360493298,20260827
time_shifted_pseudo_edge,none,True,357,-0.4401018039415082,17.34652360493298,20260827
time_shifted_pseudo_edge,none,True,358,1.8574861470129367,17.34652360493298,20260827
time_shifted_pseudo_edge,none,True,359,10.354024244367691,17.34652360493298,20260827
time_shifted_pseudo_edge,none,True,360,-6.894233667941735,17.34652360493298,20260827
time_shifted_pseudo_edge,none,True,361,8.533529612761159,17.34652360493298,20260827
time_shifted_pseudo_edge,none,True,362,-0.013132785586049743,17.34652360493298,20260827
time_shifted_pseudo_edge,none,True,363,2.2307729713174385,17.34652360493298,20260827
time_shifted_pseudo_edge,none,True,364,-2.8286048907227417,17.34652360493298,20260827
time_shifted_pseudo_edge,none,True,365,-2.289946928585303,17.34652360493298,20260827
time_shifted_pseudo_edge,none,True,366,-9.586159086594664,17.34652360493298,20260827
time_shifted_pseudo_edge,none,True,367,-1.4937873078130028,17.34652360493298,20260827
time_shifted_pseudo_edge,none,True,368,6.769567749579688,17.34652360493298,20260827
time_shifted_pseudo_edge,none,True,369,1.2062353542806852,17.34652360493298,20260827
time_shifted_pseudo_edge,none,True,370,1.435370213931724,17.34652360493298,20260827
time_shifted_pseudo_edge,none,True,371,-3.992038553065211,17.34652360493298,20260827
time_shifted_pseudo_edge,none,True,372,4.38619628141671,17.34652360493298,20260827
time_shifted_pseudo_edge,none,True,373,7.149931109102297,17.34652360493298,20260827
time_shifted_pseudo_edge,none,True,374,-9.525339749027127,17.34652360493298,20260827
time_shifted_pseudo_edge,none,True,375,-6.401872323563464,17.34652360493298,20260827
time_shifted_pseudo_edge,none,True,376,0.4152242302642447,17.34652360493298,20260827
time_shifted_pseudo_edge,none,True,377,-2.8926943059078183,17.34652360493298,20260827
time_shifted_pseudo_edge,none,True,378,1.760346787294266,17.34652360493298,20260827
time_shifted_pseudo_edge,none,True,379,-6.310935862423146,17.34652360493298,20260827
time_shifted_pseudo_edge,none,True,380,5.298793240642218,17.34652360493298,20260827
time_shifted_pseudo_edge,none,True,381,8.397125944997933,17.34652360493298,20260827
time_shifted_pseudo_edge,none,True,382,5.1830886159171445,17.34652360493298,20260827
time_shifted_pseudo_edge,none,True,383,-4.124108803846414,17.34652360493298,20260827
time_shifted_pseudo_edge,none,True,384,0.2622228234407475,17.34652360493298,20260827
time_shifted_pseudo_edge,none,True,385,4.065340871778333,17.34652360493298,20260827
time_shifted_pseudo_edge,none,True,386,-6.441475445787724,17.34652360493298,20260827
time_shifted_pseudo_edge,none,True,387,3.936241510662942,17.34652360493298,20260827
time_shifted_pseudo_edge,none,True,388,-2.425554222194955,17.34652360493298,20260827
time_shifted_pseudo_edge,none,True,389,-1.1332357353352482,17.34652360493298,20260827
time_shifted_pseudo_edge,none,True,390,1.9376922823993719,17.34652360493298,20260827
time_shifted_pseudo_edge,none,True,391,-1.2622487335534598,17.34652360493298,20260827
time_shifted_pseudo_edge,none,True,392,-7.982581052505503,17.34652360493298,20260827
time_shifted_pseudo_edge,none,True,393,-1.1408352105959214,17.34652360493298,20260827
time_shifted_pseudo_edge,none,True,394,-6.003408246920591,17.34652360493298,20260827
time_shifted_pseudo_edge,none,True,395,-1.2731055190345066,17.34652360493298,20260827
time_shifted_pseudo_edge,none,True,396,4.916290438989182,17.34652360493298,20260827
time_shifted_pseudo_edge,none,True,397,-8.919330135792045,17.34652360493298,20260827
time_shifted_pseudo_edge,none,True,398,-1.8767096285772038,17.34652360493298,20260827
time_shifted_pseudo_edge,none,True,399,-7.371861541568826,17.34652360493298,20260827
time_shifted_pseudo_edge,none,True,400,7.81421542841171,17.34652360493298,20260827
time_shifted_pseudo_edge,none,True,401,4.855368318376516,17.34652360493298,20260827
time_shifted_pseudo_edge,none,True,402,5.634322647556188,17.34652360493298,20260827
time_shifted_pseudo_edge,none,True,403,6.1095429031384105,17.34652360493298,20260827
time_shifted_pseudo_edge,none,True,404,-3.6842590572863645,17.34652360493298,20260827
time_shifted_pseudo_edge,none,True,405,0.03181189653778871,17.34652360493298,20260827
time_shifted_pseudo_edge,none,True,406,1.083725430131357,17.34652360493298,20260827
time_shifted_pseudo_edge,none,True,407,-1.8147193695272141,17.34652360493298,20260827
time_shifted_pseudo_edge,none,True,408,-7.202906114951792,17.34652360493298,20260827
time_shifted_pseudo_edge,none,True,409,-1.826608454041505,17.34652360493298,20260827
time_shifted_pseudo_edge,none,True,410,5.012180694528896,17.34652360493298,20260827
time_shifted_pseudo_edge,none,True,411,-1.0579845606685347,17.34652360493298,20260827
time_shifted_pseudo_edge,none,True,412,-7.024771994334082,17.34652360493298,20260827
time_shifted_pseudo_edge,none,True,413,4.375383799425323,17.34652360493298,20260827
time_shifted_pseudo_edge,none,True,414,-2.844867612382338,17.34652360493298,20260827
time_shifted_pseudo_edge,none,True,415,1.76357070043597,17.34652360493298,20260827
time_shifted_pseudo_edge,none,True,416,8.00543192179294,17.34652360493298,20260827
time_shifted_pseudo_edge,none,True,417,5.367648235934833,17.34652360493298,20260827
time_shifted_pseudo_edge,none,True,418,-0.318820107156293,17.34652360493298,20260827
time_shifted_pseudo_edge,none,True,419,-5.703551633408,17.34652360493298,20260827
time_shifted_pseudo_edge,none,True,420,-5.715774412359629,17.34652360493298,20260827
time_shifted_pseudo_edge,none,True,421,-13.65270195404282,17.34652360493298,20260827
time_shifted_pseudo_edge,none,True,422,-5.749616529580861,17.34652360493298,20260827
time_shifted_pseudo_edge,none,True,423,-4.04541238668722,17.34652360493298,20260827
time_shifted_pseudo_edge,none,True,424,8.16036894743513,17.34652360493298,20260827
time_shifted_pseudo_edge,none,True,425,-3.951002153266,17.34652360493298,20260827
time_shifted_pseudo_edge,none,True,426,-3.677723113201397,17.34652360493298,20260827
time_shifted_pseudo_edge,none,True,427,1.1235539957309488,17.34652360493298,20260827
time_shifted_pseudo_edge,none,True,428,5.865044665596338,17.34652360493298,20260827
time_shifted_pseudo_edge,none,True,429,-2.2514950455431118,17.34652360493298,20260827
time_shifted_pseudo_edge,none,True,430,-0.5959699987696367,17.34652360493298,20260827
time_shifted_pseudo_edge,none,True,431,-5.192399039221253,17.34652360493298,20260827
time_shifted_pseudo_edge,none,True,432,8.120286476276574,17.34652360493298,20260827
time_shifted_pseudo_edge,none,True,433,-3.9780158434265926,17.34652360493298,20260827
time_shifted_pseudo_edge,none,True,434,-8.562694388132304,17.34652360493298,20260827
time_shifted_pseudo_edge,none,True,435,3.944339605442029,17.34652360493298,20260827
time_shifted_pseudo_edge,none,True,436,0.7727509601855053,17.34652360493298,20260827
time_shifted_pseudo_edge,none,True,437,-3.9534147022986854,17.34652360493298,20260827
time_shifted_pseudo_edge,none,True,438,2.8386931444695187,17.34652360493298,20260827
time_shifted_pseudo_edge,none,True,439,-3.153252213172049,17.34652360493298,20260827
time_shifted_pseudo_edge,none,True,440,-2.2424234687561637,17.34652360493298,20260827
time_shifted_pseudo_edge,none,True,441,8.220469125329787,17.34652360493298,20260827
time_shifted_pseudo_edge,none,True,442,4.5776810785965,17.34652360493298,20260827
time_shifted_pseudo_edge,none,True,443,0.9663293093472975,17.34652360493298,20260827
time_shifted_pseudo_edge,none,True,444,3.3335457526174164,17.34652360493298,20260827
time_shifted_pseudo_edge,none,True,445,-0.4014298218287594,17.34652360493298,20260827
time_shifted_pseudo_edge,none,True,446,0.9262886569569942,17.34652360493298,20260827
time_shifted_pseudo_edge,none,True,447,2.3437054629262484,17.34652360493298,20260827
time_shifted_pseudo_edge,none,True,448,7.649518250586633,17.34652360493298,20260827
time_shifted_pseudo_edge,none,True,449,-5.988400029406428,17.34652360493298,20260827
time_shifted_pseudo_edge,none,True,450,-4.859395273637075,17.34652360493298,20260827
time_shifted_pseudo_edge,none,True,451,1.2322496236829068,17.34652360493298,20260827
time_shifted_pseudo_edge,none,True,452,-9.759134654665658,17.34652360493298,20260827
time_shifted_pseudo_edge,none,True,453,0.8494052534535425,17.34652360493298,20260827
time_shifted_pseudo_edge,none,True,454,-4.943940995541958,17.34652360493298,20260827
time_shifted_pseudo_edge,none,True,455,0.3132914244883763,17.34652360493298,20260827
time_shifted_pseudo_edge,none,True,456,-3.1906170998818033,17.34652360493298,20260827
time_shifted_pseudo_edge,none,True,457,3.172976043736617,17.34652360493298,20260827
time_shifted_pseudo_edge,none,True,458,-4.230379636164433,17.34652360493298,20260827
time_shifted_pseudo_edge,none,True,459,-1.8235656377775336,17.34652360493298,20260827
time_shifted_pseudo_edge,none,True,460,-3.3324728834181,17.34652360493298,20260827
time_shifted_pseudo_edge,none,True,461,3.103000290803324,17.34652360493298,20260827
time_shifted_pseudo_edge,none,True,462,3.0151825304872464,17.34652360493298,20260827
time_shifted_pseudo_edge,none,True,463,2.8834858760208957,17.34652360493298,20260827
time_shifted_pseudo_edge,none,True,464,4.3063358685617965,17.34652360493298,20260827
time_shifted_pseudo_edge,none,True,465,-5.463039108621778,17.34652360493298,20260827
time_shifted_pseudo_edge,none,True,466,-5.066894624200753,17.34652360493298,20260827
time_shifted_pseudo_edge,none,True,467,-1.1275609834379345,17.34652360493298,20260827
time_shifted_pseudo_edge,none,True,468,-1.9385346975862083,17.34652360493298,20260827
time_shifted_pseudo_edge,none,True,469,2.7817299547615635,17.34652360493298,20260827
time_shifted_pseudo_edge,none,True,470,-2.3397446281973777,17.34652360493298,20260827
time_shifted_pseudo_edge,none,True,471,-2.4530978083003245,17.34652360493298,20260827
time_shifted_pseudo_edge,none,True,472,-0.018888881700216107,17.34652360493298,20260827
time_shifted_pseudo_edge,none,True,473,-10.270258862705015,17.34652360493298,20260827
time_shifted_pseudo_edge,none,True,474,3.3686786293804323,17.34652360493298,20260827
time_shifted_pseudo_edge,none,True,475,-5.166871725551244,17.34652360493298,20260827
time_shifted_pseudo_edge,none,True,476,-2.305268361388711,17.34652360493298,20260827
time_shifted_pseudo_edge,none,True,477,-2.0507299329083803,17.34652360493298,20260827
time_shifted_pseudo_edge,none,True,478,7.272086793557531,17.34652360493298,20260827
time_shifted_pseudo_edge,none,True,479,-3.106834096411677,17.34652360493298,20260827
time_shifted_pseudo_edge,none,True,480,-2.526697526395803,17.34652360493298,20260827
time_shifted_pseudo_edge,none,True,481,-2.4871512940697813,17.34652360493298,20260827
time_shifted_pseudo_edge,none,True,482,-4.267338531345991,17.34652360493298,20260827
time_shifted_pseudo_edge,none,True,483,2.3921486027217846,17.34652360493298,20260827
time_shifted_pseudo_edge,none,True,484,0.38686294305530944,17.34652360493298,20260827
time_shifted_pseudo_edge,none,True,485,-6.721324597841558,17.34652360493298,20260827
time_shifted_pseudo_edge,none,True,486,-5.519200305141593,17.34652360493298,20260827
time_shifted_pseudo_edge,none,True,487,-1.953584158738026,17.34652360493298,20260827
time_shifted_pseudo_edge,none,True,488,-0.650337365252166,17.34652360493298,20260827
time_shifted_pseudo_edge,none,True,489,-0.21183417790698345,17.34652360493298,20260827
time_shifted_pseudo_edge,none,True,490,-5.717431055374689,17.34652360493298,20260827
time_shifted_pseudo_edge,none,True,491,-0.18665443967226908,17.34652360493298,20260827
time_shifted_pseudo_edge,none,True,492,7.870007325172024,17.34652360493298,20260827
time_shifted_pseudo_edge,none,True,493,6.059978778474118,17.34652360493298,20260827
time_shifted_pseudo_edge,none,True,494,-4.430499920288587,17.34652360493298,20260827
time_shifted_pseudo_edge,none,True,495,-0.9605755872770075,17.34652360493298,20260827
time_shifted_pseudo_edge,none,True,496,1.35393533377549,17.34652360493298,20260827
time_shifted_pseudo_edge,none,True,497,-3.206957242417543,17.34652360493298,20260827
time_shifted_pseudo_edge,none,True,498,2.0625550941508792,17.34652360493298,20260827
time_shifted_pseudo_edge,none,True,499,4.724561311187694,17.34652360493298,20260827
time_shifted_pseudo_edge,none,True,500,-0.9608326172915942,17.34652360493298,20260827
time_shifted_pseudo_edge,none,True,501,-1.763111103558825,17.34652360493298,20260827
time_shifted_pseudo_edge,none,True,502,-0.9473362126330671,17.34652360493298,20260827
time_shifted_pseudo_edge,none,True,503,-1.9841311153902184,17.34652360493298,20260827
time_shifted_pseudo_edge,none,True,504,0.2216062182378018,17.34652360493298,20260827
time_shifted_pseudo_edge,none,True,505,-1.2474331157465273,17.34652360493298,20260827
time_shifted_pseudo_edge,none,True,506,-2.9301952138397,17.34652360493298,20260827
time_shifted_pseudo_edge,none,True,507,1.3532049024950323,17.34652360493298,20260827
time_shifted_pseudo_edge,none,True,508,-1.1363369861831607,17.34652360493298,20260827
time_shifted_pseudo_edge,none,True,509,0.5029043176123706,17.34652360493298,20260827
time_shifted_pseudo_edge,none,True,510,0.8328553644829567,17.34652360493298,20260827
time_shifted_pseudo_edge,none,True,511,-5.710158758217214,17.34652360493298,20260827
time_shifted_pseudo_edge,none,True,512,2.753365763943736,17.34652360493298,20260827
time_shifted_pseudo_edge,none,True,513,5.218827498624982,17.34652360493298,20260827
time_shifted_pseudo_edge,none,True,514,-1.5747607530412977,17.34652360493298,20260827
time_shifted_pseudo_edge,none,True,515,9.948371277615221,17.34652360493298,20260827
time_shifted_pseudo_edge,none,True,516,-1.8013235904518512,17.34652360493298,20260827
time_shifted_pseudo_edge,none,True,517,12.887701518178678,17.34652360493298,20260827
time_shifted_pseudo_edge,none,True,518,11.093541470823846,17.34652360493298,20260827
time_shifted_pseudo_edge,none,True,519,-1.6730401006796507,17.34652360493298,20260827
time_shifted_pseudo_edge,none,True,520,-2.5740749114914783,17.34652360493298,20260827
time_shifted_pseudo_edge,none,True,521,-6.893248934481595,17.34652360493298,20260827
time_shifted_pseudo_edge,none,True,522,3.501763598152632,17.34652360493298,20260827
time_shifted_pseudo_edge,none,True,523,-4.077705142807653,17.34652360493298,20260827
time_shifted_pseudo_edge,none,True,524,2.3361887664456784,17.34652360493298,20260827
time_shifted_pseudo_edge,none,True,525,-3.215626434762576,17.34652360493298,20260827
time_shifted_pseudo_edge,none,True,526,9.301294664941068,17.34652360493298,20260827
time_shifted_pseudo_edge,none,True,527,0.7041883067689594,17.34652360493298,20260827
time_shifted_pseudo_edge,none,True,528,3.3285596162756477,17.34652360493298,20260827
time_shifted_pseudo_edge,none,True,529,2.6372631139081997,17.34652360493298,20260827
time_shifted_pseudo_edge,none,True,530,1.5546322536266306,17.34652360493298,20260827
time_shifted_pseudo_edge,none,True,531,-1.7895174382752905,17.34652360493298,20260827
time_shifted_pseudo_edge,none,True,532,-6.241995199684755,17.34652360493298,20260827
time_shifted_pseudo_edge,none,True,533,5.463341738670744,17.34652360493298,20260827
time_shifted_pseudo_edge,none,True,534,6.392513059804491,17.34652360493298,20260827
time_shifted_pseudo_edge,none,True,535,3.8880629985480435,17.34652360493298,20260827
time_shifted_pseudo_edge,none,True,536,1.0951060162359223,17.34652360493298,20260827
time_shifted_pseudo_edge,none,True,537,3.710444480582405,17.34652360493298,20260827
time_shifted_pseudo_edge,none,True,538,5.450342888472861,17.34652360493298,20260827
time_shifted_pseudo_edge,none,True,539,-1.9769678937902848,17.34652360493298,20260827
time_shifted_pseudo_edge,none,True,540,0.23623511194624897,17.34652360493298,20260827
time_shifted_pseudo_edge,none,True,541,2.048752508922715,17.34652360493298,20260827
time_shifted_pseudo_edge,none,True,542,-5.470494087844276,17.34652360493298,20260827
time_shifted_pseudo_edge,none,True,543,-9.957392781485693,17.34652360493298,20260827
time_shifted_pseudo_edge,none,True,544,-1.5205857864062742,17.34652360493298,20260827
time_shifted_pseudo_edge,none,True,545,2.386615069716435,17.34652360493298,20260827
time_shifted_pseudo_edge,none,True,546,6.999538113917707,17.34652360493298,20260827
time_shifted_pseudo_edge,none,True,547,-3.6365261222957974,17.34652360493298,20260827
time_shifted_pseudo_edge,none,True,548,-6.193387117747092,17.34652360493298,20260827
time_shifted_pseudo_edge,none,True,549,-0.13544547710692445,17.34652360493298,20260827
time_shifted_pseudo_edge,none,True,550,-3.2378151532207364,17.34652360493298,20260827
time_shifted_pseudo_edge,none,True,551,0.564667682563414,17.34652360493298,20260827
time_shifted_pseudo_edge,none,True,552,1.7615865996729683,17.34652360493298,20260827
time_shifted_pseudo_edge,none,True,553,4.540551413510008,17.34652360493298,20260827
time_shifted_pseudo_edge,none,True,554,-0.5585136172942169,17.34652360493298,20260827
time_shifted_pseudo_edge,none,True,555,1.9632322966007647,17.34652360493298,20260827
time_shifted_pseudo_edge,none,True,556,-2.6782693929585455,17.34652360493298,20260827
time_shifted_pseudo_edge,none,True,557,-0.5624715166536863,17.34652360493298,20260827
time_shifted_pseudo_edge,none,True,558,6.2049389681817235,17.34652360493298,20260827
time_shifted_pseudo_edge,none,True,559,4.343315797079668,17.34652360493298,20260827
time_shifted_pseudo_edge,none,True,560,4.273552772814675,17.34652360493298,20260827
time_shifted_pseudo_edge,none,True,561,-3.7585816983041145,17.34652360493298,20260827
time_shifted_pseudo_edge,none,True,562,-1.3557014541920853,17.34652360493298,20260827
time_shifted_pseudo_edge,none,True,563,3.361829566111606,17.34652360493298,20260827
time_shifted_pseudo_edge,none,True,564,10.49330138860418,17.34652360493298,20260827
time_shifted_pseudo_edge,none,True,565,12.152016949213024,17.34652360493298,20260827
time_shifted_pseudo_edge,none,True,566,6.397959602237322,17.34652360493298,20260827
time_shifted_pseudo_edge,none,True,567,5.614211219584522,17.34652360493298,20260827
time_shifted_pseudo_edge,none,True,568,6.282970768939657,17.34652360493298,20260827
time_shifted_pseudo_edge,none,True,569,9.216978677369637,17.34652360493298,20260827
time_shifted_pseudo_edge,none,True,570,-7.023668191441956,17.34652360493298,20260827
time_shifted_pseudo_edge,none,True,571,-0.95467264395592,17.34652360493298,20260827
time_shifted_pseudo_edge,none,True,572,-4.913536866195017,17.34652360493298,20260827
time_shifted_pseudo_edge,none,True,573,-5.90053288309929,17.34652360493298,20260827
time_shifted_pseudo_edge,none,True,574,-2.5181345396470567,17.34652360493298,20260827
time_shifted_pseudo_edge,none,True,575,-0.869269904926782,17.34652360493298,20260827
time_shifted_pseudo_edge,none,True,576,8.688705351184431,17.34652360493298,20260827
time_shifted_pseudo_edge,none,True,577,-0.07381995670841593,17.34652360493298,20260827
time_shifted_pseudo_edge,none,True,578,-4.041782410170834,17.34652360493298,20260827
time_shifted_pseudo_edge,none,True,579,4.144890133791801,17.34652360493298,20260827
time_shifted_pseudo_edge,none,True,580,-4.960636225176166,17.34652360493298,20260827
time_shifted_pseudo_edge,none,True,581,0.3994148503213989,17.34652360493298,20260827
time_shifted_pseudo_edge,none,True,582,-9.665239064363302,17.34652360493298,20260827
time_shifted_pseudo_edge,none,True,583,-10.599279335301935,17.34652360493298,20260827
time_shifted_pseudo_edge,none,True,584,-5.056233573277073,17.34652360493298,20260827
time_shifted_pseudo_edge,none,True,585,-3.3956014574293167,17.34652360493298,20260827
time_shifted_pseudo_edge,none,True,586,1.8850007020496842,17.34652360493298,20260827
time_shifted_pseudo_edge,none,True,587,2.2907490846080436,17.34652360493298,20260827
time_shifted_pseudo_edge,none,True,588,-1.3122716748757126,17.34652360493298,20260827
time_shifted_pseudo_edge,none,True,589,-1.3651793754740644,17.34652360493298,20260827
time_shifted_pseudo_edge,none,True,590,5.472864207748071,17.34652360493298,20260827
time_shifted_pseudo_edge,none,True,591,-9.325517519704762,17.34652360493298,20260827
time_shifted_pseudo_edge,none,True,592,-3.513606571798104,17.34652360493298,20260827
time_shifted_pseudo_edge,none,True,593,1.550633076562181,17.34652360493298,20260827
time_shifted_pseudo_edge,none,True,594,6.0077419849678115,17.34652360493298,20260827
time_shifted_pseudo_edge,none,True,595,-0.985902443334446,17.34652360493298,20260827
time_shifted_pseudo_edge,none,True,596,2.656127655613838,17.34652360493298,20260827
time_shifted_pseudo_edge,none,True,597,-4.180793069216058,17.34652360493298,20260827
time_shifted_pseudo_edge,none,True,598,-7.2096606045112495,17.34652360493298,20260827
time_shifted_pseudo_edge,none,True,599,-1.3114734126886178,17.34652360493298,20260827
time_shifted_pseudo_edge,none,True,600,-0.8709339527781536,17.34652360493298,20260827
time_shifted_pseudo_edge,none,True,601,-4.23780996525451,17.34652360493298,20260827
time_shifted_pseudo_edge,none,True,602,-5.492432724105423,17.34652360493298,20260827
time_shifted_pseudo_edge,none,True,603,0.22220654739729942,17.34652360493298,20260827
time_shifted_pseudo_edge,none,True,604,-7.261634970889477,17.34652360493298,20260827
time_shifted_pseudo_edge,none,True,605,-3.2890205958114906,17.34652360493298,20260827
time_shifted_pseudo_edge,none,True,606,8.272294897318691,17.34652360493298,20260827
time_shifted_pseudo_edge,none,True,607,5.147896729173023,17.34652360493298,20260827
time_shifted_pseudo_edge,none,True,608,4.990383236658731,17.34652360493298,20260827
time_shifted_pseudo_edge,none,True,609,2.6537628151633723,17.34652360493298,20260827
time_shifted_pseudo_edge,none,True,610,-2.9701805120837035,17.34652360493298,20260827
time_shifted_pseudo_edge,none,True,611,1.8926388699364378,17.34652360493298,20260827
time_shifted_pseudo_edge,none,True,612,-9.855662419774283,17.34652360493298,20260827
time_shifted_pseudo_edge,none,True,613,-2.7152205618490983,17.34652360493298,20260827
time_shifted_pseudo_edge,none,True,614,3.233060388345817,17.34652360493298,20260827
time_shifted_pseudo_edge,none,True,615,-4.083789268424918,17.34652360493298,20260827
time_shifted_pseudo_edge,none,True,616,3.8692663510559866,17.34652360493298,20260827
time_shifted_pseudo_edge,none,True,617,-3.9353905005167555,17.34652360493298,20260827
time_shifted_pseudo_edge,none,True,618,-4.132697535305624,17.34652360493298,20260827
time_shifted_pseudo_edge,none,True,619,-8.087024989834505,17.34652360493298,20260827
time_shifted_pseudo_edge,none,True,620,-4.333262215859865,17.34652360493298,20260827
time_shifted_pseudo_edge,none,True,621,-6.023377440944955,17.34652360493298,20260827
time_shifted_pseudo_edge,none,True,622,-1.3927005275518163,17.34652360493298,20260827
time_shifted_pseudo_edge,none,True,623,-0.3949115606500893,17.34652360493298,20260827
time_shifted_pseudo_edge,none,True,624,0.6681340259565323,17.34652360493298,20260827
time_shifted_pseudo_edge,none,True,625,-1.0836495291158597,17.34652360493298,20260827
time_shifted_pseudo_edge,none,True,626,-4.793740289918455,17.34652360493298,20260827
time_shifted_pseudo_edge,none,True,627,0.679101766944135,17.34652360493298,20260827
time_shifted_pseudo_edge,none,True,628,2.824581484326222,17.34652360493298,20260827
time_shifted_pseudo_edge,none,True,629,-5.93130604159207,17.34652360493298,20260827
time_shifted_pseudo_edge,none,True,630,1.876401554216776,17.34652360493298,20260827
time_shifted_pseudo_edge,none,True,631,-6.341141707904535,17.34652360493298,20260827
time_shifted_pseudo_edge,none,True,632,3.7242977790500413,17.34652360493298,20260827
time_shifted_pseudo_edge,none,True,633,-5.469808978799608,17.34652360493298,20260827
time_shifted_pseudo_edge,none,True,634,3.5001704691377546,17.34652360493298,20260827
time_shifted_pseudo_edge,none,True,635,5.792874212927745,17.34652360493298,20260827
time_shifted_pseudo_edge,none,True,636,-1.4254971984446414,17.34652360493298,20260827
time_shifted_pseudo_edge,none,True,637,3.488656617473233,17.34652360493298,20260827
time_shifted_pseudo_edge,none,True,638,-2.9304435868146244,17.34652360493298,20260827
time_shifted_pseudo_edge,none,True,639,2.523207995632264,17.34652360493298,20260827
time_shifted_pseudo_edge,none,True,640,8.097399504778602,17.34652360493298,20260827
time_shifted_pseudo_edge,none,True,641,-3.96687260154307,17.34652360493298,20260827
time_shifted_pseudo_edge,none,True,642,4.064344707594382,17.34652360493298,20260827
time_shifted_pseudo_edge,none,True,643,2.4034958736808902,17.34652360493298,20260827
time_shifted_pseudo_edge,none,True,644,-3.764136345740658,17.34652360493298,20260827
time_shifted_pseudo_edge,none,True,645,1.7458733308351342,17.34652360493298,20260827
time_shifted_pseudo_edge,none,True,646,-6.238119307187957,17.34652360493298,20260827
time_shifted_pseudo_edge,none,True,647,9.199989794517958,17.34652360493298,20260827
time_shifted_pseudo_edge,none,True,648,6.668202983602018,17.34652360493298,20260827
time_shifted_pseudo_edge,none,True,649,4.760703541117788,17.34652360493298,20260827
time_shifted_pseudo_edge,none,True,650,-2.269091410326779,17.34652360493298,20260827
time_shifted_pseudo_edge,none,True,651,-2.1952019524514332,17.34652360493298,20260827
time_shifted_pseudo_edge,none,True,652,1.6909875426573924,17.34652360493298,20260827
time_shifted_pseudo_edge,none,True,653,-6.229355953571555,17.34652360493298,20260827
time_shifted_pseudo_edge,none,True,654,-1.8622398231623987,17.34652360493298,20260827
time_shifted_pseudo_edge,none,True,655,0.591678458616356,17.34652360493298,20260827
time_shifted_pseudo_edge,none,True,656,0.3216716154219187,17.34652360493298,20260827
time_shifted_pseudo_edge,none,True,657,6.469291074199483,17.34652360493298,20260827
time_shifted_pseudo_edge,none,True,658,-2.1219511559773245,17.34652360493298,20260827
time_shifted_pseudo_edge,none,True,659,-0.04695047271115624,17.34652360493298,20260827
time_shifted_pseudo_edge,none,True,660,7.010624816095247,17.34652360493298,20260827
time_shifted_pseudo_edge,none,True,661,3.708895823084304,17.34652360493298,20260827
time_shifted_pseudo_edge,none,True,662,-3.7107401667639013,17.34652360493298,20260827
time_shifted_pseudo_edge,none,True,663,-6.67044254254357,17.34652360493298,20260827
time_shifted_pseudo_edge,none,True,664,-1.3824320604677438,17.34652360493298,20260827
time_shifted_pseudo_edge,none,True,665,3.110270345583231,17.34652360493298,20260827
time_shifted_pseudo_edge,none,True,666,-4.107671878719304,17.34652360493298,20260827
time_shifted_pseudo_edge,none,True,667,4.826816898984962,17.34652360493298,20260827
time_shifted_pseudo_edge,none,True,668,10.201399502996047,17.34652360493298,20260827
time_shifted_pseudo_edge,none,True,669,4.866358786985021,17.34652360493298,20260827
time_shifted_pseudo_edge,none,True,670,-2.7903595217401893,17.34652360493298,20260827
time_shifted_pseudo_edge,none,True,671,-7.300299842165149,17.34652360493298,20260827
time_shifted_pseudo_edge,none,True,672,-8.188506730616847,17.34652360493298,20260827
time_shifted_pseudo_edge,none,True,673,2.106790914825583,17.34652360493298,20260827
time_shifted_pseudo_edge,none,True,674,9.530318706479557,17.34652360493298,20260827
time_shifted_pseudo_edge,none,True,675,-1.2763035386531503,17.34652360493298,20260827
time_shifted_pseudo_edge,none,True,676,-4.614594571511009,17.34652360493298,20260827
time_shifted_pseudo_edge,none,True,677,-5.864344283939938,17.34652360493298,20260827
time_shifted_pseudo_edge,none,True,678,1.1718952844534727,17.34652360493298,20260827
time_shifted_pseudo_edge,none,True,679,5.705873072645843,17.34652360493298,20260827
time_shifted_pseudo_edge,none,True,680,8.864776281288473,17.34652360493298,20260827
time_shifted_pseudo_edge,none,True,681,-0.26396440178040614,17.34652360493298,20260827
time_shifted_pseudo_edge,none,True,682,-2.9493521406257504,17.34652360493298,20260827
time_shifted_pseudo_edge,none,True,683,-8.788751012023958,17.34652360493298,20260827
time_shifted_pseudo_edge,none,True,684,-1.1300806950180435,17.34652360493298,20260827
time_shifted_pseudo_edge,none,True,685,2.411761678419707,17.34652360493298,20260827
time_shifted_pseudo_edge,none,True,686,-4.0831228145479255,17.34652360493298,20260827
time_shifted_pseudo_edge,none,True,687,6.511427945964689,17.34652360493298,20260827
time_shifted_pseudo_edge,none,True,688,-4.4203688505871215,17.34652360493298,20260827
time_shifted_pseudo_edge,none,True,689,-8.128307446334135,17.34652360493298,20260827
time_shifted_pseudo_edge,none,True,690,-3.6755402200317184,17.34652360493298,20260827
time_shifted_pseudo_edge,none,True,691,-4.662532805313237,17.34652360493298,20260827
time_shifted_pseudo_edge,none,True,692,-5.787512774020929,17.34652360493298,20260827
time_shifted_pseudo_edge,none,True,693,-7.3605132796441834,17.34652360493298,20260827
time_shifted_pseudo_edge,none,True,694,2.5270075870698574,17.34652360493298,20260827
time_shifted_pseudo_edge,none,True,695,2.136064700855953,17.34652360493298,20260827
time_shifted_pseudo_edge,none,True,696,2.3303045788377648,17.34652360493298,20260827
time_shifted_pseudo_edge,none,True,697,-1.373994444309361,17.34652360493298,20260827
time_shifted_pseudo_edge,none,True,698,2.3403264670275488,17.34652360493298,20260827
time_shifted_pseudo_edge,none,True,699,-0.8352454614298748,17.34652360493298,20260827
time_shifted_pseudo_edge,none,True,700,1.1500121709722821,17.34652360493298,20260827
time_shifted_pseudo_edge,none,True,701,-3.0304625082546868,17.34652360493298,20260827
time_shifted_pseudo_edge,none,True,702,-3.553445387494883,17.34652360493298,20260827
time_shifted_pseudo_edge,none,True,703,-3.956305759266431,17.34652360493298,20260827
time_shifted_pseudo_edge,none,True,704,-1.2077329995227724,17.34652360493298,20260827
time_shifted_pseudo_edge,none,True,705,-1.6971577204187058,17.34652360493298,20260827
time_shifted_pseudo_edge,none,True,706,-6.761927091712846,17.34652360493298,20260827
time_shifted_pseudo_edge,none,True,707,3.9654032513277593,17.34652360493298,20260827
time_shifted_pseudo_edge,none,True,708,-6.437514214644436,17.34652360493298,20260827
time_shifted_pseudo_edge,none,True,709,-3.209321524209807,17.34652360493298,20260827
time_shifted_pseudo_edge,none,True,710,-6.69514664545844,17.34652360493298,20260827
time_shifted_pseudo_edge,none,True,711,-0.3301709807799294,17.34652360493298,20260827
time_shifted_pseudo_edge,none,True,712,-3.4082191701472433,17.34652360493298,20260827
time_shifted_pseudo_edge,none,True,713,-1.1059890357351523,17.34652360493298,20260827
time_shifted_pseudo_edge,none,True,714,0.8803043494288361,17.34652360493298,20260827
time_shifted_pseudo_edge,none,True,715,8.534132828414052,17.34652360493298,20260827
time_shifted_pseudo_edge,none,True,716,0.04610160303858862,17.34652360493298,20260827
time_shifted_pseudo_edge,none,True,717,0.5161207672623447,17.34652360493298,20260827
time_shifted_pseudo_edge,none,True,718,9.150627724573535,17.34652360493298,20260827
time_shifted_pseudo_edge,none,True,719,-8.93535796327798,17.34652360493298,20260827
time_shifted_pseudo_edge,none,True,720,-2.5195952104547876,17.34652360493298,20260827
time_shifted_pseudo_edge,none,True,721,-4.900681111402239,17.34652360493298,20260827
time_shifted_pseudo_edge,none,True,722,8.77209633127824,17.34652360493298,20260827
time_shifted_pseudo_edge,none,True,723,-14.816797911658913,17.34652360493298,20260827
time_shifted_pseudo_edge,none,True,724,7.055274827178993,17.34652360493298,20260827
time_shifted_pseudo_edge,none,True,725,-4.314217862545354,17.34652360493298,20260827
time_shifted_pseudo_edge,none,True,726,0.8210733250671475,17.34652360493298,20260827
time_shifted_pseudo_edge,none,True,727,-12.256635654154051,17.34652360493298,20260827
time_shifted_pseudo_edge,none,True,728,-1.55820880116498,17.34652360493298,20260827
time_shifted_pseudo_edge,none,True,729,4.557221765685236,17.34652360493298,20260827
time_shifted_pseudo_edge,none,True,730,7.444381688097412,17.34652360493298,20260827
time_shifted_pseudo_edge,none,True,731,-9.937319036340647,17.34652360493298,20260827
time_shifted_pseudo_edge,none,True,732,-2.513028680989346,17.34652360493298,20260827
time_shifted_pseudo_edge,none,True,733,-3.316683792509202,17.34652360493298,20260827
time_shifted_pseudo_edge,none,True,734,-2.58880721779175,17.34652360493298,20260827
time_shifted_pseudo_edge,none,True,735,-3.686188527842741,17.34652360493298,20260827
time_shifted_pseudo_edge,none,True,736,-7.218092320763618,17.34652360493298,20260827
time_shifted_pseudo_edge,none,True,737,3.006881351300024,17.34652360493298,20260827
time_shifted_pseudo_edge,none,True,738,-9.81809801775943,17.34652360493298,20260827
time_shifted_pseudo_edge,none,True,739,5.264210179989828,17.34652360493298,20260827
time_shifted_pseudo_edge,none,True,740,-5.178259981394726,17.34652360493298,20260827
time_shifted_pseudo_edge,none,True,741,7.585280389986587,17.34652360493298,20260827
time_shifted_pseudo_edge,none,True,742,-5.468472065214413,17.34652360493298,20260827
time_shifted_pseudo_edge,none,True,743,2.702780933600918,17.34652360493298,20260827
time_shifted_pseudo_edge,none,True,744,-0.9937634085855896,17.34652360493298,20260827
time_shifted_pseudo_edge,none,True,745,3.5730574744321237,17.34652360493298,20260827
time_shifted_pseudo_edge,none,True,746,2.9961726710472387,17.34652360493298,20260827
time_shifted_pseudo_edge,none,True,747,-11.334718376822712,17.34652360493298,20260827
time_shifted_pseudo_edge,none,True,748,-0.5629932852072884,17.34652360493298,20260827
time_shifted_pseudo_edge,none,True,749,-0.6832166377661087,17.34652360493298,20260827
time_shifted_pseudo_edge,none,True,750,-0.1190299730688143,17.34652360493298,20260827
time_shifted_pseudo_edge,none,True,751,-3.7883717004901536,17.34652360493298,20260827
time_shifted_pseudo_edge,none,True,752,0.08992469106178225,17.34652360493298,20260827
time_shifted_pseudo_edge,none,True,753,-6.239692982310616,17.34652360493298,20260827
time_shifted_pseudo_edge,none,True,754,0.97179791925986,17.34652360493298,20260827
time_shifted_pseudo_edge,none,True,755,6.85093508329839,17.34652360493298,20260827
time_shifted_pseudo_edge,none,True,756,4.356333260111079,17.34652360493298,20260827
time_shifted_pseudo_edge,none,True,757,2.3229545235103193,17.34652360493298,20260827
time_shifted_pseudo_edge,none,True,758,-3.5554110772045115,17.34652360493298,20260827
time_shifted_pseudo_edge,none,True,759,5.038777637403862,17.34652360493298,20260827
time_shifted_pseudo_edge,none,True,760,1.824116036135711,17.34652360493298,20260827
time_shifted_pseudo_edge,none,True,761,3.1610655140320763,17.34652360493298,20260827
time_shifted_pseudo_edge,none,True,762,2.1637757124868444,17.34652360493298,20260827
time_shifted_pseudo_edge,none,True,763,4.394578665375028,17.34652360493298,20260827
time_shifted_pseudo_edge,none,True,764,-5.208868149551896,17.34652360493298,20260827
time_shifted_pseudo_edge,none,True,765,5.548330466012256,17.34652360493298,20260827
time_shifted_pseudo_edge,none,True,766,-1.0977357903773257,17.34652360493298,20260827
time_shifted_pseudo_edge,none,True,767,-2.9147893498549733,17.34652360493298,20260827
time_shifted_pseudo_edge,none,True,768,-1.5827462274749646,17.34652360493298,20260827
time_shifted_pseudo_edge,none,True,769,-4.884040122076808,17.34652360493298,20260827
time_shifted_pseudo_edge,none,True,770,-1.0170593800198096,17.34652360493298,20260827
time_shifted_pseudo_edge,none,True,771,3.9859919739645857,17.34652360493298,20260827
time_shifted_pseudo_edge,none,True,772,0.17345502502804425,17.34652360493298,20260827
time_shifted_pseudo_edge,none,True,773,-2.4940597750252236,17.34652360493298,20260827
time_shifted_pseudo_edge,none,True,774,-6.981327883723018,17.34652360493298,20260827
time_shifted_pseudo_edge,none,True,775,-1.80386436257361,17.34652360493298,20260827
time_shifted_pseudo_edge,none,True,776,3.2339710486999635,17.34652360493298,20260827
time_shifted_pseudo_edge,none,True,777,9.11794772117615,17.34652360493298,20260827
time_shifted_pseudo_edge,none,True,778,5.211736454541603,17.34652360493298,20260827
time_shifted_pseudo_edge,none,True,779,5.0501118599098875,17.34652360493298,20260827
time_shifted_pseudo_edge,none,True,780,6.38227756117576,17.34652360493298,20260827
time_shifted_pseudo_edge,none,True,781,-0.2695784356474821,17.34652360493298,20260827
time_shifted_pseudo_edge,none,True,782,-4.689336815950755,17.34652360493298,20260827
time_shifted_pseudo_edge,none,True,783,-2.7721582434626026,17.34652360493298,20260827
time_shifted_pseudo_edge,none,True,784,6.290281649638098,17.34652360493298,20260827
time_shifted_pseudo_edge,none,True,785,-7.30334489040876,17.34652360493298,20260827
time_shifted_pseudo_edge,none,True,786,-5.347931681904918,17.34652360493298,20260827
time_shifted_pseudo_edge,none,True,787,9.303739441299177,17.34652360493298,20260827
time_shifted_pseudo_edge,none,True,788,0.7521731717445306,17.34652360493298,20260827
time_shifted_pseudo_edge,none,True,789,-4.887512293679799,17.34652360493298,20260827
time_shifted_pseudo_edge,none,True,790,4.675175668147596,17.34652360493298,20260827
time_shifted_pseudo_edge,none,True,791,1.060165067584897,17.34652360493298,20260827
time_shifted_pseudo_edge,none,True,792,-0.11404986318667948,17.34652360493298,20260827
time_shifted_pseudo_edge,none,True,793,-5.348636334154618,17.34652360493298,20260827
time_shifted_pseudo_edge,none,True,794,-0.45083348121810923,17.34652360493298,20260827
time_shifted_pseudo_edge,none,True,795,7.918627788604109,17.34652360493298,20260827
time_shifted_pseudo_edge,none,True,796,4.043146081587267,17.34652360493298,20260827
time_shifted_pseudo_edge,none,True,797,5.94704451290741,17.34652360493298,20260827
time_shifted_pseudo_edge,none,True,798,-2.7565840872333887,17.34652360493298,20260827
time_shifted_pseudo_edge,none,True,799,4.860863610899716,17.34652360493298,20260827
time_shifted_pseudo_edge,none,True,800,-0.7625255979537159,17.34652360493298,20260827
time_shifted_pseudo_edge,none,True,801,-3.410388613194612,17.34652360493298,20260827
time_shifted_pseudo_edge,none,True,802,0.79434978404004,17.34652360493298,20260827
time_shifted_pseudo_edge,none,True,803,-1.9513315274142282,17.34652360493298,20260827
time_shifted_pseudo_edge,none,True,804,10.117843732515249,17.34652360493298,20260827
time_shifted_pseudo_edge,none,True,805,-8.660386613921503,17.34652360493298,20260827
time_shifted_pseudo_edge,none,True,806,-5.451213052064094,17.34652360493298,20260827
time_shifted_pseudo_edge,none,True,807,-5.8998664276621735,17.34652360493298,20260827
time_shifted_pseudo_edge,none,True,808,-3.553466651914187,17.34652360493298,20260827
time_shifted_pseudo_edge,none,True,809,0.6464604299650607,17.34652360493298,20260827
time_shifted_pseudo_edge,none,True,810,0.22013678987030083,17.34652360493298,20260827
time_shifted_pseudo_edge,none,True,811,11.314598428491001,17.34652360493298,20260827
time_shifted_pseudo_edge,none,True,812,1.1035358191378262,17.34652360493298,20260827
time_shifted_pseudo_edge,none,True,813,-2.712777367835335,17.34652360493298,20260827
time_shifted_pseudo_edge,none,True,814,4.750922495981769,17.34652360493298,20260827
time_shifted_pseudo_edge,none,True,815,1.2451958764195532,17.34652360493298,20260827
time_shifted_pseudo_edge,none,True,816,2.115534276765827,17.34652360493298,20260827
time_shifted_pseudo_edge,none,True,817,2.9165995906636732,17.34652360493298,20260827
time_shifted_pseudo_edge,none,True,818,-4.216763939437876,17.34652360493298,20260827
time_shifted_pseudo_edge,none,True,819,0.1964208422638878,17.34652360493298,20260827
time_shifted_pseudo_edge,none,True,820,-3.2337839572742206,17.34652360493298,20260827
time_shifted_pseudo_edge,none,True,821,0.21431319452577088,17.34652360493298,20260827
time_shifted_pseudo_edge,none,True,822,12.72452590170683,17.34652360493298,20260827
time_shifted_pseudo_edge,none,True,823,1.4133891292594645,17.34652360493298,20260827
time_shifted_pseudo_edge,none,True,824,1.7122855546145468,17.34652360493298,20260827
time_shifted_pseudo_edge,none,True,825,-2.039450135964479,17.34652360493298,20260827
time_shifted_pseudo_edge,none,True,826,-3.247765627448379,17.34652360493298,20260827
time_shifted_pseudo_edge,none,True,827,4.293115256369232,17.34652360493298,20260827
time_shifted_pseudo_edge,none,True,828,-3.9143721555026247,17.34652360493298,20260827
time_shifted_pseudo_edge,none,True,829,-0.21196042071055318,17.34652360493298,20260827
time_shifted_pseudo_edge,none,True,830,-1.342185404400502,17.34652360493298,20260827
time_shifted_pseudo_edge,none,True,831,-0.3314471884576988,17.34652360493298,20260827
time_shifted_pseudo_edge,none,True,832,-2.2020850722122614,17.34652360493298,20260827
time_shifted_pseudo_edge,none,True,833,-6.732348518629749,17.34652360493298,20260827
time_shifted_pseudo_edge,none,True,834,9.016753779296973,17.34652360493298,20260827
time_shifted_pseudo_edge,none,True,835,3.9950594540158777,17.34652360493298,20260827
time_shifted_pseudo_edge,none,True,836,3.614608730855757,17.34652360493298,20260827
time_shifted_pseudo_edge,none,True,837,-5.3116801273137835,17.34652360493298,20260827
time_shifted_pseudo_edge,none,True,838,-1.8970829140493477,17.34652360493298,20260827
time_shifted_pseudo_edge,none,True,839,-7.802136519818102,17.34652360493298,20260827
time_shifted_pseudo_edge,none,True,840,3.712061628417946,17.34652360493298,20260827
time_shifted_pseudo_edge,none,True,841,-9.017161693701265,17.34652360493298,20260827
time_shifted_pseudo_edge,none,True,842,1.5681242480907738,17.34652360493298,20260827
time_shifted_pseudo_edge,none,True,843,-12.74774350545085,17.34652360493298,20260827
time_shifted_pseudo_edge,none,True,844,1.2764792192968801,17.34652360493298,20260827
time_shifted_pseudo_edge,none,True,845,-7.228817293857884,17.34652360493298,20260827
time_shifted_pseudo_edge,none,True,846,-4.081632822091824,17.34652360493298,20260827
time_shifted_pseudo_edge,none,True,847,-0.37372815033162726,17.34652360493298,20260827
time_shifted_pseudo_edge,none,True,848,4.113349719007096,17.34652360493298,20260827
time_shifted_pseudo_edge,none,True,849,4.580926882727891,17.34652360493298,20260827
time_shifted_pseudo_edge,none,True,850,-0.20621564805871706,17.34652360493298,20260827
time_shifted_pseudo_edge,none,True,851,2.2753774220009717,17.34652360493298,20260827
time_shifted_pseudo_edge,none,True,852,0.9297070223955034,17.34652360493298,20260827
time_shifted_pseudo_edge,none,True,853,8.802371959220324,17.34652360493298,20260827
time_shifted_pseudo_edge,none,True,854,3.7160038479352098,17.34652360493298,20260827
time_shifted_pseudo_edge,none,True,855,3.682001904148191,17.34652360493298,20260827
time_shifted_pseudo_edge,none,True,856,-3.0305060425484154,17.34652360493298,20260827
time_shifted_pseudo_edge,none,True,857,-8.807135475251911,17.34652360493298,20260827
time_shifted_pseudo_edge,none,True,858,-3.7783696954786588,17.34652360493298,20260827
time_shifted_pseudo_edge,none,True,859,-3.9889390620894782,17.34652360493298,20260827
time_shifted_pseudo_edge,none,True,860,-5.238955026297296,17.34652360493298,20260827
time_shifted_pseudo_edge,none,True,861,-6.833139941742274,17.34652360493298,20260827
time_shifted_pseudo_edge,none,True,862,1.3031490743270744,17.34652360493298,20260827
time_shifted_pseudo_edge,none,True,863,1.6261179665482146,17.34652360493298,20260827
time_shifted_pseudo_edge,none,True,864,-3.466049027315327,17.34652360493298,20260827
time_shifted_pseudo_edge,none,True,865,-4.798965193002608,17.34652360493298,20260827
time_shifted_pseudo_edge,none,True,866,6.087122350028076,17.34652360493298,20260827
time_shifted_pseudo_edge,none,True,867,8.021945690388717,17.34652360493298,20260827
time_shifted_pseudo_edge,none,True,868,-6.696022554878176,17.34652360493298,20260827
time_shifted_pseudo_edge,none,True,869,-0.4894956738483811,17.34652360493298,20260827
time_shifted_pseudo_edge,none,True,870,1.1341857318830795,17.34652360493298,20260827
time_shifted_pseudo_edge,none,True,871,3.738331551135586,17.34652360493298,20260827
time_shifted_pseudo_edge,none,True,872,-1.8917319883679389,17.34652360493298,20260827
time_shifted_pseudo_edge,none,True,873,0.27989637250132965,17.34652360493298,20260827
time_shifted_pseudo_edge,none,True,874,-6.471566112836843,17.34652360493298,20260827
time_shifted_pseudo_edge,none,True,875,-10.264856127057364,17.34652360493298,20260827
time_shifted_pseudo_edge,none,True,876,-0.22338113104386664,17.34652360493298,20260827
time_shifted_pseudo_edge,none,True,877,0.0910337249934241,17.34652360493298,20260827
time_shifted_pseudo_edge,none,True,878,0.17716203907704928,17.34652360493298,20260827
time_shifted_pseudo_edge,none,True,879,-2.857224111761889,17.34652360493298,20260827
time_shifted_pseudo_edge,none,True,880,-5.644474070157204,17.34652360493298,20260827
time_shifted_pseudo_edge,none,True,881,7.202187705942517,17.34652360493298,20260827
time_shifted_pseudo_edge,none,True,882,0.7904971449239165,17.34652360493298,20260827
time_shifted_pseudo_edge,none,True,883,3.737056814860214,17.34652360493298,20260827
time_shifted_pseudo_edge,none,True,884,0.5193648024970449,17.34652360493298,20260827
time_shifted_pseudo_edge,none,True,885,0.16209728631936265,17.34652360493298,20260827
time_shifted_pseudo_edge,none,True,886,9.47675093249107,17.34652360493298,20260827
time_shifted_pseudo_edge,none,True,887,8.510037005045266,17.34652360493298,20260827
time_shifted_pseudo_edge,none,True,888,-9.281433345862949,17.34652360493298,20260827
time_shifted_pseudo_edge,none,True,889,0.8994506034387423,17.34652360493298,20260827
time_shifted_pseudo_edge,none,True,890,6.924888532206159,17.34652360493298,20260827
time_shifted_pseudo_edge,none,True,891,-4.293151683571364,17.34652360493298,20260827
time_shifted_pseudo_edge,none,True,892,-5.787461569795411,17.34652360493298,20260827
time_shifted_pseudo_edge,none,True,893,3.2041106146621035,17.34652360493298,20260827
time_shifted_pseudo_edge,none,True,894,5.862362911642805,17.34652360493298,20260827
time_shifted_pseudo_edge,none,True,895,-1.5275122626233988,17.34652360493298,20260827
time_shifted_pseudo_edge,none,True,896,-4.072203370802818,17.34652360493298,20260827
time_shifted_pseudo_edge,none,True,897,1.7832367518994399,17.34652360493298,20260827
time_shifted_pseudo_edge,none,True,898,-1.7665918055120584,17.34652360493298,20260827
time_shifted_pseudo_edge,none,True,899,-8.555807676176372,17.34652360493298,20260827
time_shifted_pseudo_edge,none,True,900,-4.798142589916467,17.34652360493298,20260827
time_shifted_pseudo_edge,none,True,901,-0.29830607419120386,17.34652360493298,20260827
time_shifted_pseudo_edge,none,True,902,5.234409852376083,17.34652360493298,20260827
time_shifted_pseudo_edge,none,True,903,-4.1538263172693535,17.34652360493298,20260827
time_shifted_pseudo_edge,none,True,904,1.1687398951577115,17.34652360493298,20260827
time_shifted_pseudo_edge,none,True,905,5.926528452539726,17.34652360493298,20260827
time_shifted_pseudo_edge,none,True,906,-5.744479556752616,17.34652360493298,20260827
time_shifted_pseudo_edge,none,True,907,-2.0446891006716044,17.34652360493298,20260827
time_shifted_pseudo_edge,none,True,908,-2.481199474128069,17.34652360493298,20260827
time_shifted_pseudo_edge,none,True,909,-3.997118388648635,17.34652360493298,20260827
time_shifted_pseudo_edge,none,True,910,2.4660559830869215,17.34652360493298,20260827
time_shifted_pseudo_edge,none,True,911,-5.336685013062172,17.34652360493298,20260827
time_shifted_pseudo_edge,none,True,912,-1.3618504637453166,17.34652360493298,20260827
time_shifted_pseudo_edge,none,True,913,7.743159249108489,17.34652360493298,20260827
time_shifted_pseudo_edge,none,True,914,2.190425745216858,17.34652360493298,20260827
time_shifted_pseudo_edge,none,True,915,-1.7630929015649541,17.34652360493298,20260827
time_shifted_pseudo_edge,none,True,916,4.095796270722564,17.34652360493298,20260827
time_shifted_pseudo_edge,none,True,917,3.3010131998469117,17.34652360493298,20260827
time_shifted_pseudo_edge,none,True,918,3.528518502728158,17.34652360493298,20260827
time_shifted_pseudo_edge,none,True,919,5.711350235747772,17.34652360493298,20260827
time_shifted_pseudo_edge,none,True,920,-1.7166849178521109,17.34652360493298,20260827
time_shifted_pseudo_edge,none,True,921,-0.46692880874976467,17.34652360493298,20260827
time_shifted_pseudo_edge,none,True,922,-3.890775259727893,17.34652360493298,20260827
time_shifted_pseudo_edge,none,True,923,2.570690118952228,17.34652360493298,20260827
time_shifted_pseudo_edge,none,True,924,-3.295000132270825,17.34652360493298,20260827
time_shifted_pseudo_edge,none,True,925,-1.86479054967093,17.34652360493298,20260827
time_shifted_pseudo_edge,none,True,926,1.3381466564611542,17.34652360493298,20260827
time_shifted_pseudo_edge,none,True,927,-3.917921857843594,17.34652360493298,20260827
time_shifted_pseudo_edge,none,True,928,-6.381898632595746,17.34652360493298,20260827
time_shifted_pseudo_edge,none,True,929,5.08312193588931,17.34652360493298,20260827
time_shifted_pseudo_edge,none,True,930,-2.470509760139598,17.34652360493298,20260827
time_shifted_pseudo_edge,none,True,931,-6.52637759804221,17.34652360493298,20260827
time_shifted_pseudo_edge,none,True,932,-11.746321117898088,17.34652360493298,20260827
time_shifted_pseudo_edge,none,True,933,-3.447343774247561,17.34652360493298,20260827
time_shifted_pseudo_edge,none,True,934,-1.208991500697176,17.34652360493298,20260827
time_shifted_pseudo_edge,none,True,935,1.4633945176681806,17.34652360493298,20260827
time_shifted_pseudo_edge,none,True,936,-10.666971514212248,17.34652360493298,20260827
time_shifted_pseudo_edge,none,True,937,5.281664216531339,17.34652360493298,20260827
time_shifted_pseudo_edge,none,True,938,-7.380150789068801,17.34652360493298,20260827
time_shifted_pseudo_edge,none,True,939,1.5795516112042318,17.34652360493298,20260827
time_shifted_pseudo_edge,none,True,940,0.19525579206059573,17.34652360493298,20260827
time_shifted_pseudo_edge,none,True,941,-3.764941864713516,17.34652360493298,20260827
time_shifted_pseudo_edge,none,True,942,-3.7927594897858463,17.34652360493298,20260827
time_shifted_pseudo_edge,none,True,943,-5.715634444045738,17.34652360493298,20260827
time_shifted_pseudo_edge,none,True,944,7.831721255129051,17.34652360493298,20260827
time_shifted_pseudo_edge,none,True,945,-5.585977923340843,17.34652360493298,20260827
time_shifted_pseudo_edge,none,True,946,0.5619168622854506,17.34652360493298,20260827
time_shifted_pseudo_edge,none,True,947,-3.819331337134209,17.34652360493298,20260827
time_shifted_pseudo_edge,none,True,948,-2.5334487323737878,17.34652360493298,20260827
time_shifted_pseudo_edge,none,True,949,-2.8026676383886597,17.34652360493298,20260827
time_shifted_pseudo_edge,none,True,950,-6.470354182529062,17.34652360493298,20260827
time_shifted_pseudo_edge,none,True,951,1.0332588508920917,17.34652360493298,20260827
time_shifted_pseudo_edge,none,True,952,3.2403694770414027,17.34652360493298,20260827
time_shifted_pseudo_edge,none,True,953,-1.8593884385273045,17.34652360493298,20260827
time_shifted_pseudo_edge,none,True,954,6.505688009416528,17.34652360493298,20260827
time_shifted_pseudo_edge,none,True,955,0.8338923349268027,17.34652360493298,20260827
time_shifted_pseudo_edge,none,True,956,-0.10167948238442119,17.34652360493298,20260827
time_shifted_pseudo_edge,none,True,957,4.063385288067546,17.34652360493298,20260827
time_shifted_pseudo_edge,none,True,958,2.556440082534321,17.34652360493298,20260827
time_shifted_pseudo_edge,none,True,959,-3.139427887893905,17.34652360493298,20260827
time_shifted_pseudo_edge,none,True,960,3.9124773029342705,17.34652360493298,20260827
time_shifted_pseudo_edge,none,True,961,8.21667421653245,17.34652360493298,20260827
time_shifted_pseudo_edge,none,True,962,-0.7837556469787883,17.34652360493298,20260827
time_shifted_pseudo_edge,none,True,963,4.089588029668663,17.34652360493298,20260827
time_shifted_pseudo_edge,none,True,964,5.198444905160661,17.34652360493298,20260827
time_shifted_pseudo_edge,none,True,965,-2.8311444951979134,17.34652360493298,20260827
time_shifted_pseudo_edge,none,True,966,-2.744698360045296,17.34652360493298,20260827
time_shifted_pseudo_edge,none,True,967,3.4118507638558655,17.34652360493298,20260827
time_shifted_pseudo_edge,none,True,968,2.5072986687864587,17.34652360493298,20260827
time_shifted_pseudo_edge,none,True,969,3.309539444647451,17.34652360493298,20260827
time_shifted_pseudo_edge,none,True,970,-3.122316940299287,17.34652360493298,20260827
time_shifted_pseudo_edge,none,True,971,-2.2348421226337525,17.34652360493298,20260827
time_shifted_pseudo_edge,none,True,972,6.100991138164324,17.34652360493298,20260827
time_shifted_pseudo_edge,none,True,973,-1.842861771458296,17.34652360493298,20260827
time_shifted_pseudo_edge,none,True,974,-0.6601500476797886,17.34652360493298,20260827
time_shifted_pseudo_edge,none,True,975,-8.65445319485912,17.34652360493298,20260827
time_shifted_pseudo_edge,none,True,976,5.88235051235073,17.34652360493298,20260827
time_shifted_pseudo_edge,none,True,977,3.8969538810977435,17.34652360493298,20260827
time_shifted_pseudo_edge,none,True,978,1.6697327841251788,17.34652360493298,20260827
time_shifted_pseudo_edge,none,True,979,1.226256000668454,17.34652360493298,20260827
time_shifted_pseudo_edge,none,True,980,1.531642902764514,17.34652360493298,20260827
time_shifted_pseudo_edge,none,True,981,-5.5524416286277445,17.34652360493298,20260827
time_shifted_pseudo_edge,none,True,982,-5.726315815379953,17.34652360493298,20260827
time_shifted_pseudo_edge,none,True,983,6.2287214112285705,17.34652360493298,20260827
time_shifted_pseudo_edge,none,True,984,4.406811563658672,17.34652360493298,20260827
time_shifted_pseudo_edge,none,True,985,0.03098993850019406,17.34652360493298,20260827
time_shifted_pseudo_edge,none,True,986,-0.02055861269303289,17.34652360493298,20260827
time_shifted_pseudo_edge,none,True,987,-0.37738832444595266,17.34652360493298,20260827
time_shifted_pseudo_edge,none,True,988,-2.996954569059233,17.34652360493298,20260827
time_shifted_pseudo_edge,none,True,989,3.7688796755100626,17.34652360493298,20260827
time_shifted_pseudo_edge,none,True,990,-2.775142421601466,17.34652360493298,20260827
time_shifted_pseudo_edge,none,True,991,7.690985449113301,17.34652360493298,20260827
time_shifted_pseudo_edge,none,True,992,-6.4435520286271295,17.34652360493298,20260827
time_shifted_pseudo_edge,none,True,993,-5.880894982307579,17.34652360493298,20260827
time_shifted_pseudo_edge,none,True,994,3.098262174201161,17.34652360493298,20260827
time_shifted_pseudo_edge,none,True,995,-0.16540727347481424,17.34652360493298,20260827
time_shifted_pseudo_edge,none,True,996,3.9164220041554767,17.34652360493298,20260827
time_shifted_pseudo_edge,none,True,997,-0.5026082901615698,17.34652360493298,20260827
time_shifted_pseudo_edge,none,True,998,-2.628450930590061,17.34652360493298,20260827
time_shifted_pseudo_edge,none,True,999,0.536102231325132,17.34652360493298,20260827
time_shifted_pseudo_edge,none,True,1000,-5.714928438242108,17.34652360493298,20260827
time_shifted_pseudo_edge,none,True,1001,-2.591286246310844,17.34652360493298,20260827
time_shifted_pseudo_edge,none,True,1002,0.44149563512342094,17.34652360493298,20260827
time_shifted_pseudo_edge,none,True,1003,0.2916266379263438,17.34652360493298,20260827
time_shifted_pseudo_edge,none,True,1004,0.2695810536673339,17.34652360493298,20260827
time_shifted_pseudo_edge,none,True,1005,0.8827164395588798,17.34652360493298,20260827
time_shifted_pseudo_edge,none,True,1006,-1.862766453390278,17.34652360493298,20260827
time_shifted_pseudo_edge,none,True,1007,-6.034779746106504,17.34652360493298,20260827
time_shifted_pseudo_edge,none,True,1008,1.0717717012083832,17.34652360493298,20260827
time_shifted_pseudo_edge,none,True,1009,5.064099175910481,17.34652360493298,20260827
time_shifted_pseudo_edge,none,True,1010,-2.2427986458487,17.34652360493298,20260827
time_shifted_pseudo_edge,none,True,1011,-4.0732113364100035,17.34652360493298,20260827
time_shifted_pseudo_edge,none,True,1012,-2.8955378215612457,17.34652360493298,20260827
time_shifted_pseudo_edge,none,True,1013,-5.544784194428741,17.34652360493298,20260827
time_shifted_pseudo_edge,none,True,1014,4.74655233891041,17.34652360493298,20260827
time_shifted_pseudo_edge,none,True,1015,0.08478718981737435,17.34652360493298,20260827
time_shifted_pseudo_edge,none,True,1016,2.280976156876672,17.34652360493298,20260827
time_shifted_pseudo_edge,none,True,1017,-3.8888630931445416,17.34652360493298,20260827
time_shifted_pseudo_edge,none,True,1018,-3.1160616910703256,17.34652360493298,20260827
time_shifted_pseudo_edge,none,True,1019,-1.9153901987065447,17.34652360493298,20260827
time_shifted_pseudo_edge,none,True,1020,-5.021366368677283,17.34652360493298,20260827
time_shifted_pseudo_edge,none,True,1021,1.9641521053805584,17.34652360493298,20260827
time_shifted_pseudo_edge,none,True,1022,-3.216635946009389,17.34652360493298,20260827
time_shifted_pseudo_edge,none,True,1023,0.6545907953340504,17.34652360493298,20260827
time_shifted_pseudo_edge,none,True,1024,-0.39453808028154524,17.34652360493298,20260827
time_shifted_pseudo_edge,none,True,1025,18.734511605666743,17.34652360493298,20260827
time_shifted_pseudo_edge,none,True,1026,7.7844799105282485,17.34652360493298,20260827
time_shifted_pseudo_edge,none,True,1027,1.4391089898787373,17.34652360493298,20260827
time_shifted_pseudo_edge,none,True,1028,-7.652756981015457,17.34652360493298,20260827
time_shifted_pseudo_edge,none,True,1029,-2.771801850690433,17.34652360493298,20260827
time_shifted_pseudo_edge,none,True,1030,-2.4329963096045204,17.34652360493298,20260827
time_shifted_pseudo_edge,none,True,1031,-2.9466629449663593,17.34652360493298,20260827
time_shifted_pseudo_edge,none,True,1032,3.0025298730756247,17.34652360493298,20260827
time_shifted_pseudo_edge,none,True,1033,1.3265205050026856,17.34652360493298,20260827
time_shifted_pseudo_edge,none,True,1034,7.773472098669157,17.34652360493298,20260827
time_shifted_pseudo_edge,none,True,1035,1.0842163929296202,17.34652360493298,20260827
time_shifted_pseudo_edge,none,True,1036,5.777397827915539,17.34652360493298,20260827
time_shifted_pseudo_edge,none,True,1037,-2.0221164546727506,17.34652360493298,20260827
time_shifted_pseudo_edge,none,True,1038,-3.3544767019415036,17.34652360493298,20260827
time_shifted_pseudo_edge,none,True,1039,-3.9045915280944032,17.34652360493298,20260827
time_shifted_pseudo_edge,none,True,1040,-5.190104759629233,17.34652360493298,20260827
time_shifted_pseudo_edge,none,True,1041,14.020860586279948,17.34652360493298,20260827
time_shifted_pseudo_edge,none,True,1042,2.4973191642071764,17.34652360493298,20260827
time_shifted_pseudo_edge,none,True,1043,1.4262520658817703,17.34652360493298,20260827
time_shifted_pseudo_edge,none,True,1044,9.1938927226749,17.34652360493298,20260827
time_shifted_pseudo_edge,none,True,1045,4.115104720142201,17.34652360493298,20260827
time_shifted_pseudo_edge,none,True,1046,-0.09666381903193405,17.34652360493298,20260827
time_shifted_pseudo_edge,none,True,1047,-0.9430529542541876,17.34652360493298,20260827
time_shifted_pseudo_edge,none,True,1048,5.939082926421143,17.34652360493298,20260827
time_shifted_pseudo_edge,none,True,1049,-6.026549085656483,17.34652360493298,20260827
time_shifted_pseudo_edge,none,True,1050,-2.0408254595084263,17.34652360493298,20260827
time_shifted_pseudo_edge,none,True,1051,7.615038420171907,17.34652360493298,20260827
time_shifted_pseudo_edge,none,True,1052,-6.869943615727866,17.34652360493298,20260827
time_shifted_pseudo_edge,none,True,1053,-4.933527875347952,17.34652360493298,20260827
time_shifted_pseudo_edge,none,True,1054,2.503181868116099,17.34652360493298,20260827
time_shifted_pseudo_edge,none,True,1055,-1.4135774515505126,17.34652360493298,20260827
time_shifted_pseudo_edge,none,True,1056,2.7973685193380082,17.34652360493298,20260827
time_shifted_pseudo_edge,none,True,1057,1.8758538424562397,17.34652360493298,20260827
time_shifted_pseudo_edge,none,True,1058,-7.437767736341584,17.34652360493298,20260827
time_shifted_pseudo_edge,none,True,1059,-1.1913628969394128,17.34652360493298,20260827
time_shifted_pseudo_edge,none,True,1060,-1.3378952636427754,17.34652360493298,20260827
time_shifted_pseudo_edge,none,True,1061,-0.8008313232879979,17.34652360493298,20260827
time_shifted_pseudo_edge,none,True,1062,15.40215626607947,17.34652360493298,20260827
time_shifted_pseudo_edge,none,True,1063,-1.4496268327699224,17.34652360493298,20260827
time_shifted_pseudo_edge,none,True,1064,5.297896804201463,17.34652360493298,20260827
time_shifted_pseudo_edge,none,True,1065,-2.449761925614504,17.34652360493298,20260827
time_shifted_pseudo_edge,none,True,1066,1.5359047902798375,17.34652360493298,20260827
time_shifted_pseudo_edge,none,True,1067,-0.034853329264818315,17.34652360493298,20260827
time_shifted_pseudo_edge,none,True,1068,-3.536376310344961,17.34652360493298,20260827
time_shifted_pseudo_edge,none,True,1069,-14.705479793705866,17.34652360493298,20260827
time_shifted_pseudo_edge,none,True,1070,1.9863481088438977,17.34652360493298,20260827
time_shifted_pseudo_edge,none,True,1071,2.144108458729766,17.34652360493298,20260827
time_shifted_pseudo_edge,none,True,1072,1.973097900233642,17.34652360493298,20260827
time_shifted_pseudo_edge,none,True,1073,-1.031719083275835,17.34652360493298,20260827
time_shifted_pseudo_edge,none,True,1074,2.5006665935049135,17.34652360493298,20260827
time_shifted_pseudo_edge,none,True,1075,-7.772781882723913,17.34652360493298,20260827
time_shifted_pseudo_edge,none,True,1076,-2.925077282871336,17.34652360493298,20260827
time_shifted_pseudo_edge,none,True,1077,1.9027384987137124,17.34652360493298,20260827
time_shifted_pseudo_edge,none,True,1078,6.79819163584015,17.34652360493298,20260827
time_shifted_pseudo_edge,none,True,1079,-1.9333329323786723,17.34652360493298,20260827
time_shifted_pseudo_edge,none,True,1080,-5.870524627424241,17.34652360493298,20260827
time_shifted_pseudo_edge,none,True,1081,5.884068081910346,17.34652360493298,20260827
time_shifted_pseudo_edge,none,True,1082,1.271137947073246,17.34652360493298,20260827
time_shifted_pseudo_edge,none,True,1083,0.05731248804083366,17.34652360493298,20260827
time_shifted_pseudo_edge,none,True,1084,-7.043522038389457,17.34652360493298,20260827
time_shifted_pseudo_edge,none,True,1085,6.354827490708835,17.34652360493298,20260827
time_shifted_pseudo_edge,none,True,1086,-6.371586663220224,17.34652360493298,20260827
time_shifted_pseudo_edge,none,True,1087,-9.848593307388384,17.34652360493298,20260827
time_shifted_pseudo_edge,none,True,1088,5.1761430214083415,17.34652360493298,20260827
time_shifted_pseudo_edge,none,True,1089,-13.881708491471992,17.34652360493298,20260827
time_shifted_pseudo_edge,none,True,1090,0.7351695590666711,17.34652360493298,20260827
time_shifted_pseudo_edge,none,True,1091,-7.716093518540279,17.34652360493298,20260827
time_shifted_pseudo_edge,none,True,1092,-0.39250333003305266,17.34652360493298,20260827
time_shifted_pseudo_edge,none,True,1093,3.6358822274472105,17.34652360493298,20260827
time_shifted_pseudo_edge,none,True,1094,-8.700749899416339,17.34652360493298,20260827
time_shifted_pseudo_edge,none,True,1095,10.152514059414711,17.34652360493298,20260827
time_shifted_pseudo_edge,none,True,1096,1.5275038793910598,17.34652360493298,20260827
time_shifted_pseudo_edge,none,True,1097,1.9207432672531357,17.34652360493298,20260827
time_shifted_pseudo_edge,none,True,1098,5.529481725849211,17.34652360493298,20260827
time_shifted_pseudo_edge,none,True,1099,-0.740076840061221,17.34652360493298,20260827
time_shifted_pseudo_edge,none,True,1100,-3.6521594958743844,17.34652360493298,20260827
time_shifted_pseudo_edge,none,True,1101,-2.9797902927817157,17.34652360493298,20260827
time_shifted_pseudo_edge,none,True,1102,1.9506855472729605,17.34652360493298,20260827
time_shifted_pseudo_edge,none,True,1103,4.5285650056936,17.34652360493298,20260827
time_shifted_pseudo_edge,none,True,1104,-0.28393094001529634,17.34652360493298,20260827
time_shifted_pseudo_edge,none,True,1105,-5.106126503510406,17.34652360493298,20260827
time_shifted_pseudo_edge,none,True,1106,11.958140039122156,17.34652360493298,20260827
time_shifted_pseudo_edge,none,True,1107,-2.1083741319157023,17.34652360493298,20260827
time_shifted_pseudo_edge,none,True,1108,-3.6633530629861633,17.34652360493298,20260827
time_shifted_pseudo_edge,none,True,1109,-6.3140955641425665,17.34652360493298,20260827
time_shifted_pseudo_edge,none,True,1110,4.946315896117796,17.34652360493298,20260827
time_shifted_pseudo_edge,none,True,1111,0.6226188545433189,17.34652360493298,20260827
time_shifted_pseudo_edge,none,True,1112,-1.7502336881991458,17.34652360493298,20260827
time_shifted_pseudo_edge,none,True,1113,1.592059956018021,17.34652360493298,20260827
time_shifted_pseudo_edge,none,True,1114,-0.490029091028915,17.34652360493298,20260827
time_shifted_pseudo_edge,none,True,1115,-5.151642580820572,17.34652360493298,20260827
time_shifted_pseudo_edge,none,True,1116,2.950492778071321,17.34652360493298,20260827
time_shifted_pseudo_edge,none,True,1117,2.5203119317960936,17.34652360493298,20260827
time_shifted_pseudo_edge,none,True,1118,-10.520667814600182,17.34652360493298,20260827
time_shifted_pseudo_edge,none,True,1119,-2.6679402887365717,17.34652360493298,20260827
time_shifted_pseudo_edge,none,True,1120,6.6169691863623,17.34652360493298,20260827
time_shifted_pseudo_edge,none,True,1121,4.532188227690787,17.34652360493298,20260827
time_shifted_pseudo_edge,none,True,1122,5.045740143127856,17.34652360493298,20260827
time_shifted_pseudo_edge,none,True,1123,-2.7588250081496035,17.34652360493298,20260827
time_shifted_pseudo_edge,none,True,1124,-3.7957732666087494,17.34652360493298,20260827
time_shifted_pseudo_edge,none,True,1125,3.3808048831467414,17.34652360493298,20260827
time_shifted_pseudo_edge,none,True,1126,-5.038415598154963,17.34652360493298,20260827
time_shifted_pseudo_edge,none,True,1127,6.581796680444136,17.34652360493298,20260827
time_shifted_pseudo_edge,none,True,1128,-5.160962942907821,17.34652360493298,20260827
time_shifted_pseudo_edge,none,True,1129,2.867357005041589,17.34652360493298,20260827
time_shifted_pseudo_edge,none,True,1130,-0.0027761644730528792,17.34652360493298,20260827
time_shifted_pseudo_edge,none,True,1131,-0.47044499891066277,17.34652360493298,20260827
time_shifted_pseudo_edge,none,True,1132,6.0116699669705405,17.34652360493298,20260827
time_shifted_pseudo_edge,none,True,1133,-0.4595212314623116,17.34652360493298,20260827
time_shifted_pseudo_edge,none,True,1134,-7.6804561875540855,17.34652360493298,20260827
time_shifted_pseudo_edge,none,True,1135,-3.6719261330445896,17.34652360493298,20260827
time_shifted_pseudo_edge,none,True,1136,-3.6448254819416244,17.34652360493298,20260827
time_shifted_pseudo_edge,none,True,1137,-2.7569411679976623,17.34652360493298,20260827
time_shifted_pseudo_edge,none,True,1138,-0.10199361755599656,17.34652360493298,20260827
time_shifted_pseudo_edge,none,True,1139,-2.215150483233305,17.34652360493298,20260827
time_shifted_pseudo_edge,none,True,1140,-1.0980555017676699,17.34652360493298,20260827
time_shifted_pseudo_edge,none,True,1141,-3.969246407167589,17.34652360493298,20260827
time_shifted_pseudo_edge,none,True,1142,-7.170313889908256,17.34652360493298,20260827
time_shifted_pseudo_edge,none,True,1143,0.9152628064810597,17.34652360493298,20260827
time_shifted_pseudo_edge,none,True,1144,-4.617668450725825,17.34652360493298,20260827
time_shifted_pseudo_edge,none,True,1145,1.7763249341475245,17.34652360493298,20260827
time_shifted_pseudo_edge,none,True,1146,-2.8994841841786725,17.34652360493298,20260827
time_shifted_pseudo_edge,none,True,1147,4.060712435992417,17.34652360493298,20260827
time_shifted_pseudo_edge,none,True,1148,-4.267608091548261,17.34652360493298,20260827
time_shifted_pseudo_edge,none,True,1149,5.998077048132293,17.34652360493298,20260827
time_shifted_pseudo_edge,none,True,1150,-7.126016588818489,17.34652360493298,20260827
time_shifted_pseudo_edge,none,True,1151,-8.813758791090978,17.34652360493298,20260827
time_shifted_pseudo_edge,none,True,1152,0.8323562357380058,17.34652360493298,20260827
time_shifted_pseudo_edge,none,True,1153,0.49987365873767947,17.34652360493298,20260827
time_shifted_pseudo_edge,none,True,1154,7.18765227175285,17.34652360493298,20260827
time_shifted_pseudo_edge,none,True,1155,4.486472344582472,17.34652360493298,20260827
time_shifted_pseudo_edge,none,True,1156,5.185212500201961,17.34652360493298,20260827
time_shifted_pseudo_edge,none,True,1157,2.4101470191779955,17.34652360493298,20260827
time_shifted_pseudo_edge,none,True,1158,7.5678471637947204,17.34652360493298,20260827
time_shifted_pseudo_edge,none,True,1159,-3.0607979666620406,17.34652360493298,20260827
time_shifted_pseudo_edge,none,True,1160,-7.692048075689997,17.34652360493298,20260827
time_shifted_pseudo_edge,none,True,1161,-8.262538614690044,17.34652360493298,20260827
time_shifted_pseudo_edge,none,True,1162,-2.7498771330142464,17.34652360493298,20260827
time_shifted_pseudo_edge,none,True,1163,-1.2217481487418103,17.34652360493298,20260827
time_shifted_pseudo_edge,none,True,1164,2.4541355877702222,17.34652360493298,20260827
time_shifted_pseudo_edge,none,True,1165,2.0183511359957085,17.34652360493298,20260827
time_shifted_pseudo_edge,none,True,1166,-1.3691528820696828,17.34652360493298,20260827
time_shifted_pseudo_edge,none,True,1167,3.358782518890625,17.34652360493298,20260827
time_shifted_pseudo_edge,none,True,1168,2.7289654370773078,17.34652360493298,20260827
time_shifted_pseudo_edge,none,True,1169,4.541954664359237,17.34652360493298,20260827
time_shifted_pseudo_edge,none,True,1170,11.977850423147482,17.34652360493298,20260827
time_shifted_pseudo_edge,none,True,1171,4.925377831939052,17.34652360493298,20260827
time_shifted_pseudo_edge,none,True,1172,3.5894884207068616,17.34652360493298,20260827
time_shifted_pseudo_edge,none,True,1173,3.340596869303684,17.34652360493298,20260827
time_shifted_pseudo_edge,none,True,1174,2.5836810867167554,17.34652360493298,20260827
time_shifted_pseudo_edge,none,True,1175,0.32336707255968533,17.34652360493298,20260827
time_shifted_pseudo_edge,none,True,1176,0.31486269620342716,17.34652360493298,20260827
time_shifted_pseudo_edge,none,True,1177,-7.0678279433841915,17.34652360493298,20260827
time_shifted_pseudo_edge,none,True,1178,1.5074282634475553,17.34652360493298,20260827
time_shifted_pseudo_edge,none,True,1179,-1.5563120107201083,17.34652360493298,20260827
time_shifted_pseudo_edge,none,True,1180,0.6434501175285656,17.34652360493298,20260827
time_shifted_pseudo_edge,none,True,1181,-1.9681666483028153,17.34652360493298,20260827
time_shifted_pseudo_edge,none,True,1182,-1.9337287569153256,17.34652360493298,20260827
time_shifted_pseudo_edge,none,True,1183,-3.415552031560419,17.34652360493298,20260827
time_shifted_pseudo_edge,none,True,1184,-10.565536099112528,17.34652360493298,20260827
time_shifted_pseudo_edge,none,True,1185,2.35167946001319,17.34652360493298,20260827
time_shifted_pseudo_edge,none,True,1186,7.59482733794139,17.34652360493298,20260827
time_shifted_pseudo_edge,none,True,1187,-1.4049837127676224,17.34652360493298,20260827
time_shifted_pseudo_edge,none,True,1188,7.318681575393004,17.34652360493298,20260827
time_shifted_pseudo_edge,none,True,1189,5.605551688123403,17.34652360493298,20260827
time_shifted_pseudo_edge,none,True,1190,-0.7368503490062182,17.34652360493298,20260827
time_shifted_pseudo_edge,none,True,1191,4.711841720649328,17.34652360493298,20260827
time_shifted_pseudo_edge,none,True,1192,2.1952542952754293,17.34652360493298,20260827
time_shifted_pseudo_edge,none,True,1193,-5.309202228946744,17.34652360493298,20260827
time_shifted_pseudo_edge,none,True,1194,-0.5465606963077901,17.34652360493298,20260827
time_shifted_pseudo_edge,none,True,1195,7.50915697123182,17.34652360493298,20260827
time_shifted_pseudo_edge,none,True,1196,0.877342058616571,17.34652360493298,20260827
time_shifted_pseudo_edge,none,True,1197,-0.587603732806279,17.34652360493298,20260827
time_shifted_pseudo_edge,none,True,1198,11.024084944218917,17.34652360493298,20260827
time_shifted_pseudo_edge,none,True,1199,0.6243779231980348,17.34652360493298,20260827
time_shifted_pseudo_edge,none,True,1200,-3.466041404158825,17.34652360493298,20260827
time_shifted_pseudo_edge,none,True,1201,0.30600176920564826,17.34652360493298,20260827
time_shifted_pseudo_edge,none,True,1202,-2.7071910299973165,17.34652360493298,20260827
time_shifted_pseudo_edge,none,True,1203,4.379924268932471,17.34652360493298,20260827
time_shifted_pseudo_edge,none,True,1204,-0.4104412081544391,17.34652360493298,20260827
time_shifted_pseudo_edge,none,True,1205,0.6993878455704903,17.34652360493298,20260827
time_shifted_pseudo_edge,none,True,1206,3.8481447979265906,17.34652360493298,20260827
time_shifted_pseudo_edge,none,True,1207,-7.561069872917443,17.34652360493298,20260827
time_shifted_pseudo_edge,none,True,1208,-2.0572640941768374,17.34652360493298,20260827
time_shifted_pseudo_edge,none,True,1209,0.717505028822304,17.34652360493298,20260827
time_shifted_pseudo_edge,none,True,1210,3.924829736759441,17.34652360493298,20260827
time_shifted_pseudo_edge,none,True,1211,-3.4969670065355967,17.34652360493298,20260827
time_shifted_pseudo_edge,none,True,1212,2.114440130001004,17.34652360493298,20260827
time_shifted_pseudo_edge,none,True,1213,4.8349425828494,17.34652360493298,20260827
time_shifted_pseudo_edge,none,True,1214,4.419081424374954,17.34652360493298,20260827
time_shifted_pseudo_edge,none,True,1215,2.9257691581241474,17.34652360493298,20260827
time_shifted_pseudo_edge,none,True,1216,4.81821933277686,17.34652360493298,20260827
time_shifted_pseudo_edge,none,True,1217,-1.9337963126136832,17.34652360493298,20260827
time_shifted_pseudo_edge,none,True,1218,-2.1388190092865482,17.34652360493298,20260827
time_shifted_pseudo_edge,none,True,1219,0.3020460500815454,17.34652360493298,20260827
time_shifted_pseudo_edge,none,True,1220,0.024684974251310596,17.34652360493298,20260827
time_shifted_pseudo_edge,none,True,1221,-5.413116860189909,17.34652360493298,20260827
time_shifted_pseudo_edge,none,True,1222,-0.7900722265635094,17.34652360493298,20260827
time_shifted_pseudo_edge,none,True,1223,-6.321143382607381,17.34652360493298,20260827
time_shifted_pseudo_edge,none,True,1224,-1.5852325929248914,17.34652360493298,20260827
time_shifted_pseudo_edge,none,True,1225,11.005555477536324,17.34652360493298,20260827
time_shifted_pseudo_edge,none,True,1226,-5.984435040301387,17.34652360493298,20260827
time_shifted_pseudo_edge,none,True,1227,-7.918989907722194,17.34652360493298,20260827
time_shifted_pseudo_edge,none,True,1228,-6.314843552846597,17.34652360493298,20260827
time_shifted_pseudo_edge,none,True,1229,2.5130693084996913,17.34652360493298,20260827
time_shifted_pseudo_edge,none,True,1230,-2.82250449092179,17.34652360493298,20260827
time_shifted_pseudo_edge,none,True,1231,-4.136043298962071,17.34652360493298,20260827
time_shifted_pseudo_edge,none,True,1232,3.1134498246189923,17.34652360493298,20260827
time_shifted_pseudo_edge,none,True,1233,-0.6950439151658646,17.34652360493298,20260827
time_shifted_pseudo_edge,none,True,1234,2.1516433896077025,17.34652360493298,20260827
time_shifted_pseudo_edge,none,True,1235,-0.6827945555385609,17.34652360493298,20260827
time_shifted_pseudo_edge,none,True,1236,1.3264112879724734,17.34652360493298,20260827
time_shifted_pseudo_edge,none,True,1237,4.422207828519998,17.34652360493298,20260827
time_shifted_pseudo_edge,none,True,1238,-2.5578672788145256,17.34652360493298,20260827
time_shifted_pseudo_edge,none,True,1239,5.478009008177403,17.34652360493298,20260827
time_shifted_pseudo_edge,none,True,1240,-1.4096822527763342,17.34652360493298,20260827
time_shifted_pseudo_edge,none,True,1241,0.9479102887863864,17.34652360493298,20260827
time_shifted_pseudo_edge,none,True,1242,1.999675538929434,17.34652360493298,20260827
time_shifted_pseudo_edge,none,True,1243,3.4623898325191598,17.34652360493298,20260827
time_shifted_pseudo_edge,none,True,1244,1.907596501306736,17.34652360493298,20260827
time_shifted_pseudo_edge,none,True,1245,-0.6294893466740282,17.34652360493298,20260827
time_shifted_pseudo_edge,none,True,1246,-11.370675631416006,17.34652360493298,20260827
time_shifted_pseudo_edge,none,True,1247,5.533584079133483,17.34652360493298,20260827
time_shifted_pseudo_edge,none,True,1248,-2.4172033153522943,17.34652360493298,20260827
time_shifted_pseudo_edge,none,True,1249,2.405761473410665,17.34652360493298,20260827
time_shifted_pseudo_edge,none,True,1250,-3.143595786358773,17.34652360493298,20260827
time_shifted_pseudo_edge,none,True,1251,0.13377417476497266,17.34652360493298,20260827
time_shifted_pseudo_edge,none,True,1252,2.5550411537188595,17.34652360493298,20260827
time_shifted_pseudo_edge,none,True,1253,2.806246751295703,17.34652360493298,20260827
time_shifted_pseudo_edge,none,True,1254,-2.6746545414081355,17.34652360493298,20260827
time_shifted_pseudo_edge,none,True,1255,-4.768934042959023,17.34652360493298,20260827
time_shifted_pseudo_edge,none,True,1256,2.9681171675525846,17.34652360493298,20260827
time_shifted_pseudo_edge,none,True,1257,1.2338329515633046,17.34652360493298,20260827
time_shifted_pseudo_edge,none,True,1258,-10.29846816722833,17.34652360493298,20260827
time_shifted_pseudo_edge,none,True,1259,1.628087027144666,17.34652360493298,20260827
time_shifted_pseudo_edge,none,True,1260,-4.283023259194303,17.34652360493298,20260827
time_shifted_pseudo_edge,none,True,1261,0.9144293568590431,17.34652360493298,20260827
time_shifted_pseudo_edge,none,True,1262,12.172750427388902,17.34652360493298,20260827
time_shifted_pseudo_edge,none,True,1263,-0.5968466588716619,17.34652360493298,20260827
time_shifted_pseudo_edge,none,True,1264,-5.939784538832008,17.34652360493298,20260827
time_shifted_pseudo_edge,none,True,1265,-0.6922583932418596,17.34652360493298,20260827
time_shifted_pseudo_edge,none,True,1266,-8.308303701890024,17.34652360493298,20260827
time_shifted_pseudo_edge,none,True,1267,0.029026944659231266,17.34652360493298,20260827
time_shifted_pseudo_edge,none,True,1268,4.528700569390738,17.34652360493298,20260827
time_shifted_pseudo_edge,none,True,1269,12.738171076031673,17.34652360493298,20260827
time_shifted_pseudo_edge,none,True,1270,4.0654172106722415,17.34652360493298,20260827
time_shifted_pseudo_edge,none,True,1271,-6.286428229708729,17.34652360493298,20260827
time_shifted_pseudo_edge,none,True,1272,-6.738485010813027,17.34652360493298,20260827
time_shifted_pseudo_edge,none,True,1273,-4.250353034635965,17.34652360493298,20260827
time_shifted_pseudo_edge,none,True,1274,0.5398378802880525,17.34652360493298,20260827
time_shifted_pseudo_edge,none,True,1275,-1.0115093631311811,17.34652360493298,20260827
time_shifted_pseudo_edge,none,True,1276,-1.0990459389682794,17.34652360493298,20260827
time_shifted_pseudo_edge,none,True,1277,5.638765253828656,17.34652360493298,20260827
time_shifted_pseudo_edge,none,True,1278,-7.245689124866911,17.34652360493298,20260827
time_shifted_pseudo_edge,none,True,1279,4.23781607149264,17.34652360493298,20260827
time_shifted_pseudo_edge,none,True,1280,-5.823362881569393,17.34652360493298,20260827
time_shifted_pseudo_edge,none,True,1281,-2.3445030706795005,17.34652360493298,20260827
time_shifted_pseudo_edge,none,True,1282,-4.52094029534573,17.34652360493298,20260827
time_shifted_pseudo_edge,none,True,1283,-2.5395900596598557,17.34652360493298,20260827
time_shifted_pseudo_edge,none,True,1284,0.3243851347173188,17.34652360493298,20260827
time_shifted_pseudo_edge,none,True,1285,6.913485258251651,17.34652360493298,20260827
time_shifted_pseudo_edge,none,True,1286,-2.383850966692814,17.34652360493298,20260827
time_shifted_pseudo_edge,none,True,1287,-0.8453492454010061,17.34652360493298,20260827
time_shifted_pseudo_edge,none,True,1288,-1.0536194798263656,17.34652360493298,20260827
time_shifted_pseudo_edge,none,True,1289,0.25206881261799774,17.34652360493298,20260827
time_shifted_pseudo_edge,none,True,1290,-7.424574997987529,17.34652360493298,20260827
time_shifted_pseudo_edge,none,True,1291,1.645536747420115,17.34652360493298,20260827
time_shifted_pseudo_edge,none,True,1292,-2.9453362499806297,17.34652360493298,20260827
time_shifted_pseudo_edge,none,True,1293,7.161194717130878,17.34652360493298,20260827
time_shifted_pseudo_edge,none,True,1294,0.7224509368694919,17.34652360493298,20260827
time_shifted_pseudo_edge,none,True,1295,6.550958513072967,17.34652360493298,20260827
time_shifted_pseudo_edge,none,True,1296,-10.271634690284356,17.34652360493298,20260827
time_shifted_pseudo_edge,none,True,1297,1.572068519251606,17.34652360493298,20260827
time_shifted_pseudo_edge,none,True,1298,4.156990284997605,17.34652360493298,20260827
time_shifted_pseudo_edge,none,True,1299,-5.286214800113212,17.34652360493298,20260827
time_shifted_pseudo_edge,none,True,1300,-6.189490772638221,17.34652360493298,20260827
time_shifted_pseudo_edge,none,True,1301,-3.1338994342153668,17.34652360493298,20260827
time_shifted_pseudo_edge,none,True,1302,6.103851267081897,17.34652360493298,20260827
time_shifted_pseudo_edge,none,True,1303,6.77710533372063,17.34652360493298,20260827
time_shifted_pseudo_edge,none,True,1304,1.2724119202301578,17.34652360493298,20260827
time_shifted_pseudo_edge,none,True,1305,-1.3501681759312676,17.34652360493298,20260827
time_shifted_pseudo_edge,none,True,1306,-0.44026084569852914,17.34652360493298,20260827
time_shifted_pseudo_edge,none,True,1307,-1.6848390033481815,17.34652360493298,20260827
time_shifted_pseudo_edge,none,True,1308,2.399431357859869,17.34652360493298,20260827
time_shifted_pseudo_edge,none,True,1309,-11.486239856605344,17.34652360493298,20260827
time_shifted_pseudo_edge,none,True,1310,-1.8778911044988984,17.34652360493298,20260827
time_shifted_pseudo_edge,none,True,1311,0.5540123519888257,17.34652360493298,20260827
time_shifted_pseudo_edge,none,True,1312,-0.38546143761763185,17.34652360493298,20260827
time_shifted_pseudo_edge,none,True,1313,-4.597182864186645,17.34652360493298,20260827
time_shifted_pseudo_edge,none,True,1314,1.4632552667471337,17.34652360493298,20260827
time_shifted_pseudo_edge,none,True,1315,-0.9798400936718509,17.34652360493298,20260827
time_shifted_pseudo_edge,none,True,1316,0.7032429151193307,17.34652360493298,20260827
time_shifted_pseudo_edge,none,True,1317,2.916717840670978,17.34652360493298,20260827
time_shifted_pseudo_edge,none,True,1318,-1.0800832852995064,17.34652360493298,20260827
time_shifted_pseudo_edge,none,True,1319,-1.3994932646824645,17.34652360493298,20260827
time_shifted_pseudo_edge,none,True,1320,-1.2487963151293247,17.34652360493298,20260827
time_shifted_pseudo_edge,none,True,1321,0.626159666800505,17.34652360493298,20260827
time_shifted_pseudo_edge,none,True,1322,3.5268301462169216,17.34652360493298,20260827
time_shifted_pseudo_edge,none,True,1323,-0.7573410051413505,17.34652360493298,20260827
time_shifted_pseudo_edge,none,True,1324,7.012823445336128,17.34652360493298,20260827
time_shifted_pseudo_edge,none,True,1325,-0.8917514901849978,17.34652360493298,20260827
time_shifted_pseudo_edge,none,True,1326,5.530895226879105,17.34652360493298,20260827
time_shifted_pseudo_edge,none,True,1327,5.245031966559973,17.34652360493298,20260827
time_shifted_pseudo_edge,none,True,1328,-2.1780332432536142,17.34652360493298,20260827
time_shifted_pseudo_edge,none,True,1329,-3.5365130988699214,17.34652360493298,20260827
time_shifted_pseudo_edge,none,True,1330,-3.9273488968543493,17.34652360493298,20260827
time_shifted_pseudo_edge,none,True,1331,1.7307393478252986,17.34652360493298,20260827
time_shifted_pseudo_edge,none,True,1332,9.472636903816856,17.34652360493298,20260827
time_shifted_pseudo_edge,none,True,1333,-3.3569478210738537,17.34652360493298,20260827
time_shifted_pseudo_edge,none,True,1334,3.0912430604275185,17.34652360493298,20260827
time_shifted_pseudo_edge,none,True,1335,-9.876939087059306,17.34652360493298,20260827
time_shifted_pseudo_edge,none,True,1336,-0.827713915072798,17.34652360493298,20260827
time_shifted_pseudo_edge,none,True,1337,-5.405825189570453,17.34652360493298,20260827
time_shifted_pseudo_edge,none,True,1338,-4.708250316291959,17.34652360493298,20260827
time_shifted_pseudo_edge,none,True,1339,-1.8168175353116058,17.34652360493298,20260827
time_shifted_pseudo_edge,none,True,1340,-5.4149514272160175,17.34652360493298,20260827
time_shifted_pseudo_edge,none,True,1341,-10.900107736493421,17.34652360493298,20260827
time_shifted_pseudo_edge,none,True,1342,3.763446907101644,17.34652360493298,20260827
time_shifted_pseudo_edge,none,True,1343,1.810392731474918,17.34652360493298,20260827
time_shifted_pseudo_edge,none,True,1344,-0.3097729519733907,17.34652360493298,20260827
time_shifted_pseudo_edge,none,True,1345,-0.2891234728964371,17.34652360493298,20260827
time_shifted_pseudo_edge,none,True,1346,3.830166685782084,17.34652360493298,20260827
time_shifted_pseudo_edge,none,True,1347,2.871745837843372,17.34652360493298,20260827
time_shifted_pseudo_edge,none,True,1348,-2.2665840012839693,17.34652360493298,20260827
time_shifted_pseudo_edge,none,True,1349,-2.9690160678030013,17.34652360493298,20260827
time_shifted_pseudo_edge,none,True,1350,3.275074437280413,17.34652360493298,20260827
time_shifted_pseudo_edge,none,True,1351,-1.5474367943499827,17.34652360493298,20260827
time_shifted_pseudo_edge,none,True,1352,10.507152373859615,17.34652360493298,20260827
time_shifted_pseudo_edge,none,True,1353,-4.557101224587804,17.34652360493298,20260827
time_shifted_pseudo_edge,none,True,1354,-1.1091289011819823,17.34652360493298,20260827
time_shifted_pseudo_edge,none,True,1355,1.1810707215135403,17.34652360493298,20260827
time_shifted_pseudo_edge,none,True,1356,3.64291177013102,17.34652360493298,20260827
time_shifted_pseudo_edge,none,True,1357,5.008781138656386,17.34652360493298,20260827
time_shifted_pseudo_edge,none,True,1358,3.981937050962066,17.34652360493298,20260827
time_shifted_pseudo_edge,none,True,1359,-5.766261424009614,17.34652360493298,20260827
time_shifted_pseudo_edge,none,True,1360,-4.955699813845229,17.34652360493298,20260827
time_shifted_pseudo_edge,none,True,1361,-1.1186892539943003,17.34652360493298,20260827
time_shifted_pseudo_edge,none,True,1362,-3.5274629589216207,17.34652360493298,20260827
time_shifted_pseudo_edge,none,True,1363,3.5649098738139506,17.34652360493298,20260827
time_shifted_pseudo_edge,none,True,1364,4.590585899843073,17.34652360493298,20260827
time_shifted_pseudo_edge,none,True,1365,-0.19089266808291108,17.34652360493298,20260827
time_shifted_pseudo_edge,none,True,1366,3.18479344303,17.34652360493298,20260827
time_shifted_pseudo_edge,none,True,1367,-2.505839877600634,17.34652360493298,20260827
time_shifted_pseudo_edge,none,True,1368,-0.3478177280275955,17.34652360493298,20260827
time_shifted_pseudo_edge,none,True,1369,5.891075689303272,17.34652360493298,20260827
time_shifted_pseudo_edge,none,True,1370,3.4843493270046375,17.34652360493298,20260827
time_shifted_pseudo_edge,none,True,1371,8.667361547235929,17.34652360493298,20260827
time_shifted_pseudo_edge,none,True,1372,1.042043736724209,17.34652360493298,20260827
time_shifted_pseudo_edge,none,True,1373,11.441909395852235,17.34652360493298,20260827
time_shifted_pseudo_edge,none,True,1374,-0.7019906215595249,17.34652360493298,20260827
time_shifted_pseudo_edge,none,True,1375,4.287246281002302,17.34652360493298,20260827
time_shifted_pseudo_edge,none,True,1376,0.46729333688123253,17.34652360493298,20260827
time_shifted_pseudo_edge,none,True,1377,-2.9580281395845724,17.34652360493298,20260827
time_shifted_pseudo_edge,none,True,1378,-9.576535689571378,17.34652360493298,20260827
time_shifted_pseudo_edge,none,True,1379,1.4390042999005517,17.34652360493298,20260827
time_shifted_pseudo_edge,none,True,1380,-6.179980708369239,17.34652360493298,20260827
time_shifted_pseudo_edge,none,True,1381,2.014623898589564,17.34652360493298,20260827
time_shifted_pseudo_edge,none,True,1382,-2.26587677495454,17.34652360493298,20260827
time_shifted_pseudo_edge,none,True,1383,0.389059888431785,17.34652360493298,20260827
time_shifted_pseudo_edge,none,True,1384,4.388121338550619,17.34652360493298,20260827
time_shifted_pseudo_edge,none,True,1385,9.366581269258443,17.34652360493298,20260827
time_shifted_pseudo_edge,none,True,1386,-12.73620638031808,17.34652360493298,20260827
time_shifted_pseudo_edge,none,True,1387,-2.7292847505816233,17.34652360493298,20260827
time_shifted_pseudo_edge,none,True,1388,1.459244438980614,17.34652360493298,20260827
time_shifted_pseudo_edge,none,True,1389,5.48125603834033,17.34652360493298,20260827
time_shifted_pseudo_edge,none,True,1390,-8.550416160228504,17.34652360493298,20260827
time_shifted_pseudo_edge,none,True,1391,5.585867292980964,17.34652360493298,20260827
time_shifted_pseudo_edge,none,True,1392,-5.4064557820757155,17.34652360493298,20260827
time_shifted_pseudo_edge,none,True,1393,6.460900705783504,17.34652360493298,20260827
time_shifted_pseudo_edge,none,True,1394,5.427074859500102,17.34652360493298,20260827
time_shifted_pseudo_edge,none,True,1395,0.7762586536166318,17.34652360493298,20260827
time_shifted_pseudo_edge,none,True,1396,-2.969792075450661,17.34652360493298,20260827
time_shifted_pseudo_edge,none,True,1397,9.399833773030718,17.34652360493298,20260827
time_shifted_pseudo_edge,none,True,1398,-0.3117079790733841,17.34652360493298,20260827
time_shifted_pseudo_edge,none,True,1399,-0.7349721432739622,17.34652360493298,20260827
time_shifted_pseudo_edge,none,True,1400,9.789141463474046,17.34652360493298,20260827
time_shifted_pseudo_edge,none,True,1401,5.900404494345865,17.34652360493298,20260827
time_shifted_pseudo_edge,none,True,1402,-7.726838874106276,17.34652360493298,20260827
time_shifted_pseudo_edge,none,True,1403,6.056907353972695,17.34652360493298,20260827
time_shifted_pseudo_edge,none,True,1404,2.6726329886045233,17.34652360493298,20260827
time_shifted_pseudo_edge,none,True,1405,-5.536821974821867,17.34652360493298,20260827
time_shifted_pseudo_edge,none,True,1406,-7.2775710682432,17.34652360493298,20260827
time_shifted_pseudo_edge,none,True,1407,6.528138703041515,17.34652360493298,20260827
time_shifted_pseudo_edge,none,True,1408,1.5443652189032007,17.34652360493298,20260827
time_shifted_pseudo_edge,none,True,1409,3.9470128762276078,17.34652360493298,20260827
time_shifted_pseudo_edge,none,True,1410,8.701200152147095,17.34652360493298,20260827
time_shifted_pseudo_edge,none,True,1411,-14.449248116076378,17.34652360493298,20260827
time_shifted_pseudo_edge,none,True,1412,5.795927585247855,17.34652360493298,20260827
time_shifted_pseudo_edge,none,True,1413,-6.336800863134077,17.34652360493298,20260827
time_shifted_pseudo_edge,none,True,1414,5.546510072926605,17.34652360493298,20260827
time_shifted_pseudo_edge,none,True,1415,1.2694958713883364,17.34652360493298,20260827
time_shifted_pseudo_edge,none,True,1416,0.5557917529038543,17.34652360493298,20260827
time_shifted_pseudo_edge,none,True,1417,7.339438005684336,17.34652360493298,20260827
time_shifted_pseudo_edge,none,True,1418,-3.6980771150591756,17.34652360493298,20260827
time_shifted_pseudo_edge,none,True,1419,7.925403938436077,17.34652360493298,20260827
time_shifted_pseudo_edge,none,True,1420,3.283570508430253,17.34652360493298,20260827
time_shifted_pseudo_edge,none,True,1421,-6.610320385374003,17.34652360493298,20260827
time_shifted_pseudo_edge,none,True,1422,1.5350080475006798,17.34652360493298,20260827
time_shifted_pseudo_edge,none,True,1423,-7.188029291478982,17.34652360493298,20260827
time_shifted_pseudo_edge,none,True,1424,-0.5991875467408598,17.34652360493298,20260827
time_shifted_pseudo_edge,none,True,1425,-3.083521263211371,17.34652360493298,20260827
time_shifted_pseudo_edge,none,True,1426,6.091442485429969,17.34652360493298,20260827
time_shifted_pseudo_edge,none,True,1427,-2.2472775740592024,17.34652360493298,20260827
time_shifted_pseudo_edge,none,True,1428,0.5186823115064167,17.34652360493298,20260827
time_shifted_pseudo_edge,none,True,1429,-5.243356111545229,17.34652360493298,20260827
time_shifted_pseudo_edge,none,True,1430,-1.3730202678810841,17.34652360493298,20260827
time_shifted_pseudo_edge,none,True,1431,3.4221897722870813,17.34652360493298,20260827
time_shifted_pseudo_edge,none,True,1432,9.703261536620795,17.34652360493298,20260827
time_shifted_pseudo_edge,none,True,1433,-2.7637239522011905,17.34652360493298,20260827
time_shifted_pseudo_edge,none,True,1434,6.120788937501031,17.34652360493298,20260827
time_shifted_pseudo_edge,none,True,1435,-8.45946337002423,17.34652360493298,20260827
time_shifted_pseudo_edge,none,True,1436,-3.091641631833611,17.34652360493298,20260827
time_shifted_pseudo_edge,none,True,1437,4.227534701374378,17.34652360493298,20260827
time_shifted_pseudo_edge,none,True,1438,1.209658608245416,17.34652360493298,20260827
time_shifted_pseudo_edge,none,True,1439,8.858563385466207,17.34652360493298,20260827
time_shifted_pseudo_edge,none,True,1440,4.294922712373236,17.34652360493298,20260827
time_shifted_pseudo_edge,none,True,1441,10.078739483584567,17.34652360493298,20260827
time_shifted_pseudo_edge,none,True,1442,1.1155062478582372,17.34652360493298,20260827
time_shifted_pseudo_edge,none,True,1443,-5.536064741582557,17.34652360493298,20260827
time_shifted_pseudo_edge,none,True,1444,-2.2755745882703473,17.34652360493298,20260827
time_shifted_pseudo_edge,none,True,1445,6.349794673609879,17.34652360493298,20260827
time_shifted_pseudo_edge,none,True,1446,-6.715871462660081,17.34652360493298,20260827
time_shifted_pseudo_edge,none,True,1447,8.25104778949602,17.34652360493298,20260827
time_shifted_pseudo_edge,none,True,1448,-0.3133011483759028,17.34652360493298,20260827
time_shifted_pseudo_edge,none,True,1449,2.0389082368101934,17.34652360493298,20260827
time_shifted_pseudo_edge,none,True,1450,-8.986877468613395,17.34652360493298,20260827
time_shifted_pseudo_edge,none,True,1451,-4.409027585020939,17.34652360493298,20260827
time_shifted_pseudo_edge,none,True,1452,-3.64817976582864,17.34652360493298,20260827
time_shifted_pseudo_edge,none,True,1453,0.42591413938915895,17.34652360493298,20260827
time_shifted_pseudo_edge,none,True,1454,-8.788945880612676,17.34652360493298,20260827
time_shifted_pseudo_edge,none,True,1455,8.170736015709554,17.34652360493298,20260827
time_shifted_pseudo_edge,none,True,1456,-0.7552974186722919,17.34652360493298,20260827
time_shifted_pseudo_edge,none,True,1457,-1.6101601621541062,17.34652360493298,20260827
time_shifted_pseudo_edge,none,True,1458,1.0267208827665852,17.34652360493298,20260827
time_shifted_pseudo_edge,none,True,1459,-1.1279067020169384,17.34652360493298,20260827
time_shifted_pseudo_edge,none,True,1460,-5.81158135008601,17.34652360493298,20260827
time_shifted_pseudo_edge,none,True,1461,9.389912470799649,17.34652360493298,20260827
time_shifted_pseudo_edge,none,True,1462,-9.951962436579862,17.34652360493298,20260827
time_shifted_pseudo_edge,none,True,1463,3.2819442818474966,17.34652360493298,20260827
time_shifted_pseudo_edge,none,True,1464,-13.529188508075842,17.34652360493298,20260827
time_shifted_pseudo_edge,none,True,1465,2.774063055189482,17.34652360493298,20260827
time_shifted_pseudo_edge,none,True,1466,3.1997014524526177,17.34652360493298,20260827
time_shifted_pseudo_edge,none,True,1467,5.493237377969909,17.34652360493298,20260827
time_shifted_pseudo_edge,none,True,1468,6.584336975608654,17.34652360493298,20260827
time_shifted_pseudo_edge,none,True,1469,12.566164091439058,17.34652360493298,20260827
time_shifted_pseudo_edge,none,True,1470,3.21369809852503,17.34652360493298,20260827
time_shifted_pseudo_edge,none,True,1471,3.354904934978465,17.34652360493298,20260827
time_shifted_pseudo_edge,none,True,1472,7.287343369674638,17.34652360493298,20260827
time_shifted_pseudo_edge,none,True,1473,-8.434267947082358,17.34652360493298,20260827
time_shifted_pseudo_edge,none,True,1474,-0.42808669759511364,17.34652360493298,20260827
time_shifted_pseudo_edge,none,True,1475,-2.153980553214945,17.34652360493298,20260827
time_shifted_pseudo_edge,none,True,1476,-2.11571103695233,17.34652360493298,20260827
time_shifted_pseudo_edge,none,True,1477,2.3067466831894587,17.34652360493298,20260827
time_shifted_pseudo_edge,none,True,1478,3.1154838385305093,17.34652360493298,20260827
time_shifted_pseudo_edge,none,True,1479,10.878567788621094,17.34652360493298,20260827
time_shifted_pseudo_edge,none,True,1480,7.57643940877183,17.34652360493298,20260827
time_shifted_pseudo_edge,none,True,1481,-0.8653958470415146,17.34652360493298,20260827
time_shifted_pseudo_edge,none,True,1482,4.183100377321107,17.34652360493298,20260827
time_shifted_pseudo_edge,none,True,1483,-1.9383889761428943,17.34652360493298,20260827
time_shifted_pseudo_edge,none,True,1484,2.9504417097816615,17.34652360493298,20260827
time_shifted_pseudo_edge,none,True,1485,-3.601912395474834,17.34652360493298,20260827
time_shifted_pseudo_edge,none,True,1486,0.633708325463141,17.34652360493298,20260827
time_shifted_pseudo_edge,none,True,1487,1.7282993638327755,17.34652360493298,20260827
time_shifted_pseudo_edge,none,True,1488,-2.408585158053667,17.34652360493298,20260827
time_shifted_pseudo_edge,none,True,1489,-3.1270277042460557,17.34652360493298,20260827
time_shifted_pseudo_edge,none,True,1490,-0.9482478854227683,17.34652360493298,20260827
time_shifted_pseudo_edge,none,True,1491,-1.906257649740252,17.34652360493298,20260827
time_shifted_pseudo_edge,none,True,1492,5.889658631521122,17.34652360493298,20260827
time_shifted_pseudo_edge,none,True,1493,-1.843738950808153,17.34652360493298,20260827
time_shifted_pseudo_edge,none,True,1494,-1.1915017349017736,17.34652360493298,20260827
time_shifted_pseudo_edge,none,True,1495,3.978654977685668,17.34652360493298,20260827
time_shifted_pseudo_edge,none,True,1496,-4.781914475091169,17.34652360493298,20260827
time_shifted_pseudo_edge,none,True,1497,-1.5254164796343475,17.34652360493298,20260827
time_shifted_pseudo_edge,none,True,1498,4.274446553037939,17.34652360493298,20260827
time_shifted_pseudo_edge,none,True,1499,-0.6950796309330739,17.34652360493298,20260827
time_shifted_pseudo_edge,none,True,1500,6.030483368329881,17.34652360493298,20260827
time_shifted_pseudo_edge,none,True,1501,-5.649042430206943,17.34652360493298,20260827
time_shifted_pseudo_edge,none,True,1502,10.836581398917275,17.34652360493298,20260827
time_shifted_pseudo_edge,none,True,1503,-10.71035854451404,17.34652360493298,20260827
time_shifted_pseudo_edge,none,True,1504,-0.8834841161691627,17.34652360493298,20260827
time_shifted_pseudo_edge,none,True,1505,-6.4198561017665785,17.34652360493298,20260827
time_shifted_pseudo_edge,none,True,1506,2.7266480742059818,17.34652360493298,20260827
time_shifted_pseudo_edge,none,True,1507,-4.676886919368138,17.34652360493298,20260827
time_shifted_pseudo_edge,none,True,1508,5.2937317172368665,17.34652360493298,20260827
time_shifted_pseudo_edge,none,True,1509,-7.921517366563252,17.34652360493298,20260827
time_shifted_pseudo_edge,none,True,1510,5.471134296361528,17.34652360493298,20260827
time_shifted_pseudo_edge,none,True,1511,2.9454751325276605,17.34652360493298,20260827
time_shifted_pseudo_edge,none,True,1512,7.045188301923392,17.34652360493298,20260827
time_shifted_pseudo_edge,none,True,1513,-1.1633696717706663,17.34652360493298,20260827
time_shifted_pseudo_edge,none,True,1514,-7.654786819923548,17.34652360493298,20260827
time_shifted_pseudo_edge,none,True,1515,-6.18534462599453,17.34652360493298,20260827
time_shifted_pseudo_edge,none,True,1516,5.424317492556992,17.34652360493298,20260827
time_shifted_pseudo_edge,none,True,1517,-8.692534847917138,17.34652360493298,20260827
time_shifted_pseudo_edge,none,True,1518,-0.1251736780161536,17.34652360493298,20260827
time_shifted_pseudo_edge,none,True,1519,-0.4581763900473061,17.34652360493298,20260827
time_shifted_pseudo_edge,none,True,1520,2.2122324991782243,17.34652360493298,20260827
time_shifted_pseudo_edge,none,True,1521,-2.5868639937193327,17.34652360493298,20260827
time_shifted_pseudo_edge,none,True,1522,2.490040197090143,17.34652360493298,20260827
time_shifted_pseudo_edge,none,True,1523,-7.487596854204565,17.34652360493298,20260827
time_shifted_pseudo_edge,none,True,1524,-1.4047431803188049,17.34652360493298,20260827
time_shifted_pseudo_edge,none,True,1525,-7.542254305173627,17.34652360493298,20260827
time_shifted_pseudo_edge,none,True,1526,-2.4881738521004517,17.34652360493298,20260827
time_shifted_pseudo_edge,none,True,1527,1.2353568046201393,17.34652360493298,20260827
time_shifted_pseudo_edge,none,True,1528,-2.460269077050029,17.34652360493298,20260827
time_shifted_pseudo_edge,none,True,1529,5.546623892195326,17.34652360493298,20260827
time_shifted_pseudo_edge,none,True,1530,-5.001731923228181,17.34652360493298,20260827
time_shifted_pseudo_edge,none,True,1531,-3.480868326892339,17.34652360493298,20260827
time_shifted_pseudo_edge,none,True,1532,3.046817556133229,17.34652360493298,20260827
time_shifted_pseudo_edge,none,True,1533,-1.4884448461084723,17.34652360493298,20260827
time_shifted_pseudo_edge,none,True,1534,1.0236819174197447,17.34652360493298,20260827
time_shifted_pseudo_edge,none,True,1535,-8.37569516794016,17.34652360493298,20260827
time_shifted_pseudo_edge,none,True,1536,1.4031526177534408,17.34652360493298,20260827
time_shifted_pseudo_edge,none,True,1537,9.997237720249142,17.34652360493298,20260827
time_shifted_pseudo_edge,none,True,1538,-2.372870444893751,17.34652360493298,20260827
time_shifted_pseudo_edge,none,True,1539,2.0229325730577967,17.34652360493298,20260827
time_shifted_pseudo_edge,none,True,1540,-3.742982749774292,17.34652360493298,20260827
time_shifted_pseudo_edge,none,True,1541,5.057176057423534,17.34652360493298,20260827
time_shifted_pseudo_edge,none,True,1542,1.9842810933508883,17.34652360493298,20260827
time_shifted_pseudo_edge,none,True,1543,-5.72799379425559,17.34652360493298,20260827
time_shifted_pseudo_edge,none,True,1544,14.431483612180788,17.34652360493298,20260827
time_shifted_pseudo_edge,none,True,1545,-7.905283269530655,17.34652360493298,20260827
time_shifted_pseudo_edge,none,True,1546,-2.9752362596517345,17.34652360493298,20260827
time_shifted_pseudo_edge,none,True,1547,3.8248489467619384,17.34652360493298,20260827
time_shifted_pseudo_edge,none,True,1548,3.402931617072638,17.34652360493298,20260827
time_shifted_pseudo_edge,none,True,1549,2.3562183741910143,17.34652360493298,20260827
time_shifted_pseudo_edge,none,True,1550,5.478128326215248,17.34652360493298,20260827
time_shifted_pseudo_edge,none,True,1551,4.713482642321702,17.34652360493298,20260827
time_shifted_pseudo_edge,none,True,1552,0.663807530872339,17.34652360493298,20260827
time_shifted_pseudo_edge,none,True,1553,-6.453088570382663,17.34652360493298,20260827
time_shifted_pseudo_edge,none,True,1554,-0.48924899731352045,17.34652360493298,20260827
time_shifted_pseudo_edge,none,True,1555,10.761626204675185,17.34652360493298,20260827
time_shifted_pseudo_edge,none,True,1556,3.1102026297408982,17.34652360493298,20260827
time_shifted_pseudo_edge,none,True,1557,-6.807552757510189,17.34652360493298,20260827
time_shifted_pseudo_edge,none,True,1558,-2.2096219946591042,17.34652360493298,20260827
time_shifted_pseudo_edge,none,True,1559,0.10847482097281774,17.34652360493298,20260827
time_shifted_pseudo_edge,none,True,1560,-4.3320667418106416,17.34652360493298,20260827
time_shifted_pseudo_edge,none,True,1561,2.5125552105435314,17.34652360493298,20260827
time_shifted_pseudo_edge,none,True,1562,-6.810997220008498,17.34652360493298,20260827
time_shifted_pseudo_edge,none,True,1563,5.699247886822805,17.34652360493298,20260827
time_shifted_pseudo_edge,none,True,1564,-6.846387517567673,17.34652360493298,20260827
time_shifted_pseudo_edge,none,True,1565,4.8394373399198045,17.34652360493298,20260827
time_shifted_pseudo_edge,none,True,1566,0.7049971307203855,17.34652360493298,20260827
time_shifted_pseudo_edge,none,True,1567,-2.4081044486652816,17.34652360493298,20260827
time_shifted_pseudo_edge,none,True,1568,-0.7459148852417499,17.34652360493298,20260827
time_shifted_pseudo_edge,none,True,1569,-1.2752438656460443,17.34652360493298,20260827
time_shifted_pseudo_edge,none,True,1570,0.7169805622477455,17.34652360493298,20260827
time_shifted_pseudo_edge,none,True,1571,-3.5730068402706086,17.34652360493298,20260827
time_shifted_pseudo_edge,none,True,1572,4.559355766478509,17.34652360493298,20260827
time_shifted_pseudo_edge,none,True,1573,-2.763079289961446,17.34652360493298,20260827
time_shifted_pseudo_edge,none,True,1574,-4.102485490460422,17.34652360493298,20260827
time_shifted_pseudo_edge,none,True,1575,3.467178283078313,17.34652360493298,20260827
time_shifted_pseudo_edge,none,True,1576,-5.054502788970161,17.34652360493298,20260827
time_shifted_pseudo_edge,none,True,1577,9.980569987648725,17.34652360493298,20260827
time_shifted_pseudo_edge,none,True,1578,3.027621651665011,17.34652360493298,20260827
time_shifted_pseudo_edge,none,True,1579,-6.838183635879271,17.34652360493298,20260827
time_shifted_pseudo_edge,none,True,1580,3.8201781405230686,17.34652360493298,20260827
time_shifted_pseudo_edge,none,True,1581,8.770447152376706,17.34652360493298,20260827
time_shifted_pseudo_edge,none,True,1582,-2.7109384410215753,17.34652360493298,20260827
time_shifted_pseudo_edge,none,True,1583,4.9416000877538995,17.34652360493298,20260827
time_shifted_pseudo_edge,none,True,1584,0.9953985573957819,17.34652360493298,20260827
time_shifted_pseudo_edge,none,True,1585,0.2407422199400642,17.34652360493298,20260827
time_shifted_pseudo_edge,none,True,1586,-2.9772481749032726,17.34652360493298,20260827
time_shifted_pseudo_edge,none,True,1587,1.8490119380974896,17.34652360493298,20260827
time_shifted_pseudo_edge,none,True,1588,2.878422723286212,17.34652360493298,20260827
time_shifted_pseudo_edge,none,True,1589,7.364086884364474,17.34652360493298,20260827
time_shifted_pseudo_edge,none,True,1590,-0.6272964734634981,17.34652360493298,20260827
time_shifted_pseudo_edge,none,True,1591,1.5188816211404177,17.34652360493298,20260827
time_shifted_pseudo_edge,none,True,1592,5.3194303224849415,17.34652360493298,20260827
time_shifted_pseudo_edge,none,True,1593,-0.6719582917614944,17.34652360493298,20260827
time_shifted_pseudo_edge,none,True,1594,-0.0920302596111497,17.34652360493298,20260827
time_shifted_pseudo_edge,none,True,1595,-1.000095139297979,17.34652360493298,20260827
time_shifted_pseudo_edge,none,True,1596,2.7873667955088823,17.34652360493298,20260827
time_shifted_pseudo_edge,none,True,1597,-2.733219552625473,17.34652360493298,20260827
time_shifted_pseudo_edge,none,True,1598,-5.1335714259844085,17.34652360493298,20260827
time_shifted_pseudo_edge,none,True,1599,-5.283035594159797,17.34652360493298,20260827
time_shifted_pseudo_edge,none,True,1600,2.345937590402488,17.34652360493298,20260827
time_shifted_pseudo_edge,none,True,1601,-7.578145021686769,17.34652360493298,20260827
time_shifted_pseudo_edge,none,True,1602,-14.238271711999076,17.34652360493298,20260827
time_shifted_pseudo_edge,none,True,1603,6.080967935863103,17.34652360493298,20260827
time_shifted_pseudo_edge,none,True,1604,4.14686359325265,17.34652360493298,20260827
time_shifted_pseudo_edge,none,True,1605,1.437083627414425,17.34652360493298,20260827
time_shifted_pseudo_edge,none,True,1606,0.5822620422761341,17.34652360493298,20260827
time_shifted_pseudo_edge,none,True,1607,0.4710977555221627,17.34652360493298,20260827
time_shifted_pseudo_edge,none,True,1608,-4.765308814991678,17.34652360493298,20260827
time_shifted_pseudo_edge,none,True,1609,-2.546112182919793,17.34652360493298,20260827
time_shifted_pseudo_edge,none,True,1610,5.752492723555592,17.34652360493298,20260827
time_shifted_pseudo_edge,none,True,1611,2.512612565217711,17.34652360493298,20260827
time_shifted_pseudo_edge,none,True,1612,-7.420460550265018,17.34652360493298,20260827
time_shifted_pseudo_edge,none,True,1613,3.011496420116751,17.34652360493298,20260827
time_shifted_pseudo_edge,none,True,1614,-4.143678028837732,17.34652360493298,20260827
time_shifted_pseudo_edge,none,True,1615,-0.5781608752373936,17.34652360493298,20260827
time_shifted_pseudo_edge,none,True,1616,-4.184377929967989,17.34652360493298,20260827
time_shifted_pseudo_edge,none,True,1617,1.5613620633637066,17.34652360493298,20260827
time_shifted_pseudo_edge,none,True,1618,0.9608403306771158,17.34652360493298,20260827
time_shifted_pseudo_edge,none,True,1619,-2.070226131121831,17.34652360493298,20260827
time_shifted_pseudo_edge,none,True,1620,-0.0680092693031159,17.34652360493298,20260827
time_shifted_pseudo_edge,none,True,1621,-0.8458243655114007,17.34652360493298,20260827
time_shifted_pseudo_edge,none,True,1622,2.9953590661864147,17.34652360493298,20260827
time_shifted_pseudo_edge,none,True,1623,-9.564869507213926,17.34652360493298,20260827
time_shifted_pseudo_edge,none,True,1624,10.10027586116139,17.34652360493298,20260827
time_shifted_pseudo_edge,none,True,1625,-0.7191092136404857,17.34652360493298,20260827
time_shifted_pseudo_edge,none,True,1626,0.72958610847863,17.34652360493298,20260827
time_shifted_pseudo_edge,none,True,1627,-3.4380629981343684,17.34652360493298,20260827
time_shifted_pseudo_edge,none,True,1628,2.3005025036804856,17.34652360493298,20260827
time_shifted_pseudo_edge,none,True,1629,-5.92361256272216,17.34652360493298,20260827
time_shifted_pseudo_edge,none,True,1630,0.35367518998445857,17.34652360493298,20260827
time_shifted_pseudo_edge,none,True,1631,8.893763682339472,17.34652360493298,20260827
time_shifted_pseudo_edge,none,True,1632,4.8640208428322484,17.34652360493298,20260827
time_shifted_pseudo_edge,none,True,1633,-0.6127966027801773,17.34652360493298,20260827
time_shifted_pseudo_edge,none,True,1634,-3.0401786583225445,17.34652360493298,20260827
time_shifted_pseudo_edge,none,True,1635,2.8402070677469813,17.34652360493298,20260827
time_shifted_pseudo_edge,none,True,1636,-6.405787524890563,17.34652360493298,20260827
time_shifted_pseudo_edge,none,True,1637,-1.8150576001798506,17.34652360493298,20260827
time_shifted_pseudo_edge,none,True,1638,-0.09122044384199145,17.34652360493298,20260827
time_shifted_pseudo_edge,none,True,1639,-0.09443280650765189,17.34652360493298,20260827
time_shifted_pseudo_edge,none,True,1640,1.8697809788359239,17.34652360493298,20260827
time_shifted_pseudo_edge,none,True,1641,7.81694943829853,17.34652360493298,20260827
time_shifted_pseudo_edge,none,True,1642,8.166314573292947,17.34652360493298,20260827
time_shifted_pseudo_edge,none,True,1643,-3.1829497822275807,17.34652360493298,20260827
time_shifted_pseudo_edge,none,True,1644,-6.435966107776481,17.34652360493298,20260827
time_shifted_pseudo_edge,none,True,1645,8.296220856660037,17.34652360493298,20260827
time_shifted_pseudo_edge,none,True,1646,0.1848404551424956,17.34652360493298,20260827
time_shifted_pseudo_edge,none,True,1647,-8.04222371597654,17.34652360493298,20260827
time_shifted_pseudo_edge,none,True,1648,-5.874139160098853,17.34652360493298,20260827
time_shifted_pseudo_edge,none,True,1649,-1.0769448125701295,17.34652360493298,20260827
time_shifted_pseudo_edge,none,True,1650,0.7734824776659049,17.34652360493298,20260827
time_shifted_pseudo_edge,none,True,1651,3.0192601629128797,17.34652360493298,20260827
time_shifted_pseudo_edge,none,True,1652,6.819002414871337,17.34652360493298,20260827
time_shifted_pseudo_edge,none,True,1653,-3.3185402421216024,17.34652360493298,20260827
time_shifted_pseudo_edge,none,True,1654,-0.12662569257716322,17.34652360493298,20260827
time_shifted_pseudo_edge,none,True,1655,-0.5520407780532641,17.34652360493298,20260827
time_shifted_pseudo_edge,none,True,1656,-2.6165264174559844,17.34652360493298,20260827
time_shifted_pseudo_edge,none,True,1657,-0.615223894379985,17.34652360493298,20260827
time_shifted_pseudo_edge,none,True,1658,5.391797271257096,17.34652360493298,20260827
time_shifted_pseudo_edge,none,True,1659,12.505117873082353,17.34652360493298,20260827
time_shifted_pseudo_edge,none,True,1660,1.1197541864119707,17.34652360493298,20260827
time_shifted_pseudo_edge,none,True,1661,-2.561651600650625,17.34652360493298,20260827
time_shifted_pseudo_edge,none,True,1662,-1.987212114016455,17.34652360493298,20260827
time_shifted_pseudo_edge,none,True,1663,-9.571632459673436,17.34652360493298,20260827
time_shifted_pseudo_edge,none,True,1664,-1.6963572096119686,17.34652360493298,20260827
time_shifted_pseudo_edge,none,True,1665,-2.314977697690063,17.34652360493298,20260827
time_shifted_pseudo_edge,none,True,1666,3.5184945231151525,17.34652360493298,20260827
time_shifted_pseudo_edge,none,True,1667,-2.016000895612093,17.34652360493298,20260827
time_shifted_pseudo_edge,none,True,1668,1.0448894701226141,17.34652360493298,20260827
time_shifted_pseudo_edge,none,True,1669,2.7515697211342083,17.34652360493298,20260827
time_shifted_pseudo_edge,none,True,1670,-1.6465035871321827,17.34652360493298,20260827
time_shifted_pseudo_edge,none,True,1671,3.4708817701447363,17.34652360493298,20260827
time_shifted_pseudo_edge,none,True,1672,2.0974898829382513,17.34652360493298,20260827
time_shifted_pseudo_edge,none,True,1673,-4.387037217128928,17.34652360493298,20260827
time_shifted_pseudo_edge,none,True,1674,-4.363245753074931,17.34652360493298,20260827
time_shifted_pseudo_edge,none,True,1675,-1.700270689622823,17.34652360493298,20260827
time_shifted_pseudo_edge,none,True,1676,3.627835530610848,17.34652360493298,20260827
time_shifted_pseudo_edge,none,True,1677,-3.9543122698548405,17.34652360493298,20260827
time_shifted_pseudo_edge,none,True,1678,-3.138177125938698,17.34652360493298,20260827
time_shifted_pseudo_edge,none,True,1679,5.698870624432434,17.34652360493298,20260827
time_shifted_pseudo_edge,none,True,1680,2.0569558225561244,17.34652360493298,20260827
time_shifted_pseudo_edge,none,True,1681,-3.6346796800760846,17.34652360493298,20260827
time_shifted_pseudo_edge,none,True,1682,-2.7544148052037865,17.34652360493298,20260827
time_shifted_pseudo_edge,none,True,1683,-0.70422349091394,17.34652360493298,20260827
time_shifted_pseudo_edge,none,True,1684,-0.8519810835956966,17.34652360493298,20260827
time_shifted_pseudo_edge,none,True,1685,-0.9388766993340989,17.34652360493298,20260827
time_shifted_pseudo_edge,none,True,1686,0.7781233330258595,17.34652360493298,20260827
time_shifted_pseudo_edge,none,True,1687,-3.421202515134756,17.34652360493298,20260827
time_shifted_pseudo_edge,none,True,1688,-4.213348511428904,17.34652360493298,20260827
time_shifted_pseudo_edge,none,True,1689,2.2855612721205816,17.34652360493298,20260827
time_shifted_pseudo_edge,none,True,1690,3.3864658339446367,17.34652360493298,20260827
time_shifted_pseudo_edge,none,True,1691,8.405963126824647,17.34652360493298,20260827
time_shifted_pseudo_edge,none,True,1692,-2.564490469678459,17.34652360493298,20260827
time_shifted_pseudo_edge,none,True,1693,5.62334415720965,17.34652360493298,20260827
time_shifted_pseudo_edge,none,True,1694,-2.582792020162597,17.34652360493298,20260827
time_shifted_pseudo_edge,none,True,1695,2.712594964607962,17.34652360493298,20260827
time_shifted_pseudo_edge,none,True,1696,1.527260443829519,17.34652360493298,20260827
time_shifted_pseudo_edge,none,True,1697,-2.7070842851864607,17.34652360493298,20260827
time_shifted_pseudo_edge,none,True,1698,5.11583603487755,17.34652360493298,20260827
time_shifted_pseudo_edge,none,True,1699,1.1387710881849085,17.34652360493298,20260827
time_shifted_pseudo_edge,none,True,1700,1.7111655552940128,17.34652360493298,20260827
time_shifted_pseudo_edge,none,True,1701,7.886648675881569,17.34652360493298,20260827
time_shifted_pseudo_edge,none,True,1702,3.002910869769871,17.34652360493298,20260827
time_shifted_pseudo_edge,none,True,1703,-3.038344266977013,17.34652360493298,20260827
time_shifted_pseudo_edge,none,True,1704,-11.684675344534405,17.34652360493298,20260827
time_shifted_pseudo_edge,none,True,1705,-6.5465789519488045,17.34652360493298,20260827
time_shifted_pseudo_edge,none,True,1706,-2.284847846990541,17.34652360493298,20260827
time_shifted_pseudo_edge,none,True,1707,0.8396455675129415,17.34652360493298,20260827
time_shifted_pseudo_edge,none,True,1708,-9.47494325799744,17.34652360493298,20260827
time_shifted_pseudo_edge,none,True,1709,7.596599393685152,17.34652360493298,20260827
time_shifted_pseudo_edge,none,True,1710,6.2109688492589905,17.34652360493298,20260827
time_shifted_pseudo_edge,none,True,1711,2.5624970837582763,17.34652360493298,20260827
time_shifted_pseudo_edge,none,True,1712,3.042383586825393,17.34652360493298,20260827
time_shifted_pseudo_edge,none,True,1713,3.723218669794977,17.34652360493298,20260827
time_shifted_pseudo_edge,none,True,1714,-0.5159757674965818,17.34652360493298,20260827
time_shifted_pseudo_edge,none,True,1715,6.287291553998646,17.34652360493298,20260827
time_shifted_pseudo_edge,none,True,1716,-1.2931784143613958,17.34652360493298,20260827
time_shifted_pseudo_edge,none,True,1717,-3.2305535032028745,17.34652360493298,20260827
time_shifted_pseudo_edge,none,True,1718,-0.889700822271195,17.34652360493298,20260827
time_shifted_pseudo_edge,none,True,1719,11.189106038438203,17.34652360493298,20260827
time_shifted_pseudo_edge,none,True,1720,1.9007511666094126,17.34652360493298,20260827
time_shifted_pseudo_edge,none,True,1721,-0.7343831130967616,17.34652360493298,20260827
time_shifted_pseudo_edge,none,True,1722,-4.26130972273719,17.34652360493298,20260827
time_shifted_pseudo_edge,none,True,1723,4.6959945747178375,17.34652360493298,20260827
time_shifted_pseudo_edge,none,True,1724,1.935546317582984,17.34652360493298,20260827
time_shifted_pseudo_edge,none,True,1725,1.9990939985824734,17.34652360493298,20260827
time_shifted_pseudo_edge,none,True,1726,1.5834547327069668,17.34652360493298,20260827
time_shifted_pseudo_edge,none,True,1727,5.443274569352042,17.34652360493298,20260827
time_shifted_pseudo_edge,none,True,1728,7.966783219773718,17.34652360493298,20260827
time_shifted_pseudo_edge,none,True,1729,1.0279388477980587,17.34652360493298,20260827
time_shifted_pseudo_edge,none,True,1730,-1.8374126152763657,17.34652360493298,20260827
time_shifted_pseudo_edge,none,True,1731,-0.33012744963246327,17.34652360493298,20260827
time_shifted_pseudo_edge,none,True,1732,-4.934215154808792,17.34652360493298,20260827
time_shifted_pseudo_edge,none,True,1733,-0.45237159158863305,17.34652360493298,20260827
time_shifted_pseudo_edge,none,True,1734,4.833538413441095,17.34652360493298,20260827
time_shifted_pseudo_edge,none,True,1735,-0.5061570306483872,17.34652360493298,20260827
time_shifted_pseudo_edge,none,True,1736,3.7797005866809306,17.34652360493298,20260827
time_shifted_pseudo_edge,none,True,1737,-0.8783589071523786,17.34652360493298,20260827
time_shifted_pseudo_edge,none,True,1738,-3.6147690893664755,17.34652360493298,20260827
time_shifted_pseudo_edge,none,True,1739,-5.134376465836141,17.34652360493298,20260827
time_shifted_pseudo_edge,none,True,1740,1.7694330990777365,17.34652360493298,20260827
time_shifted_pseudo_edge,none,True,1741,0.9094381703510843,17.34652360493298,20260827
time_shifted_pseudo_edge,none,True,1742,5.2448725624293235,17.34652360493298,20260827
time_shifted_pseudo_edge,none,True,1743,-2.5617861861954556,17.34652360493298,20260827
time_shifted_pseudo_edge,none,True,1744,5.665989657008278,17.34652360493298,20260827
time_shifted_pseudo_edge,none,True,1745,2.833490895543576,17.34652360493298,20260827
time_shifted_pseudo_edge,none,True,1746,12.634088602150406,17.34652360493298,20260827
time_shifted_pseudo_edge,none,True,1747,0.09056199570404148,17.34652360493298,20260827
time_shifted_pseudo_edge,none,True,1748,-0.03065288974823681,17.34652360493298,20260827
time_shifted_pseudo_edge,none,True,1749,-7.247812219672675,17.34652360493298,20260827
time_shifted_pseudo_edge,none,True,1750,3.754014588625469,17.34652360493298,20260827
time_shifted_pseudo_edge,none,True,1751,-1.8908217058164505,17.34652360493298,20260827
time_shifted_pseudo_edge,none,True,1752,-7.990278089817289,17.34652360493298,20260827
time_shifted_pseudo_edge,none,True,1753,-0.9666220161639085,17.34652360493298,20260827
time_shifted_pseudo_edge,none,True,1754,6.955339417041433,17.34652360493298,20260827
time_shifted_pseudo_edge,none,True,1755,-1.9905907628238677,17.34652360493298,20260827
time_shifted_pseudo_edge,none,True,1756,4.856012707398616,17.34652360493298,20260827
time_shifted_pseudo_edge,none,True,1757,1.6666161455606954,17.34652360493298,20260827
time_shifted_pseudo_edge,none,True,1758,1.1158097272941492,17.34652360493298,20260827
time_shifted_pseudo_edge,none,True,1759,0.45411104089037563,17.34652360493298,20260827
time_shifted_pseudo_edge,none,True,1760,-2.964080695824769,17.34652360493298,20260827
time_shifted_pseudo_edge,none,True,1761,1.0975946262942218,17.34652360493298,20260827
time_shifted_pseudo_edge,none,True,1762,3.248435441749641,17.34652360493298,20260827
time_shifted_pseudo_edge,none,True,1763,-7.687039333030091,17.34652360493298,20260827
time_shifted_pseudo_edge,none,True,1764,0.03691646157545785,17.34652360493298,20260827
time_shifted_pseudo_edge,none,True,1765,2.121149924347312,17.34652360493298,20260827
time_shifted_pseudo_edge,none,True,1766,2.4357553406470336,17.34652360493298,20260827
time_shifted_pseudo_edge,none,True,1767,1.7189704074913252,17.34652360493298,20260827
time_shifted_pseudo_edge,none,True,1768,-3.1430873684786214,17.34652360493298,20260827
time_shifted_pseudo_edge,none,True,1769,6.71749497012096,17.34652360493298,20260827
time_shifted_pseudo_edge,none,True,1770,-6.573791428646036,17.34652360493298,20260827
time_shifted_pseudo_edge,none,True,1771,-7.115579172549505,17.34652360493298,20260827
time_shifted_pseudo_edge,none,True,1772,1.5448194152977983,17.34652360493298,20260827
time_shifted_pseudo_edge,none,True,1773,-6.609618024184076,17.34652360493298,20260827
time_shifted_pseudo_edge,none,True,1774,-2.323562792007334,17.34652360493298,20260827
time_shifted_pseudo_edge,none,True,1775,3.986668686971679,17.34652360493298,20260827
time_shifted_pseudo_edge,none,True,1776,-1.1473644049100253,17.34652360493298,20260827
time_shifted_pseudo_edge,none,True,1777,2.8802229487706588,17.34652360493298,20260827
time_shifted_pseudo_edge,none,True,1778,-5.425112527004719,17.34652360493298,20260827
time_shifted_pseudo_edge,none,True,1779,0.8133487178934526,17.34652360493298,20260827
time_shifted_pseudo_edge,none,True,1780,-3.84899416208165,17.34652360493298,20260827
time_shifted_pseudo_edge,none,True,1781,0.9148700156586501,17.34652360493298,20260827
time_shifted_pseudo_edge,none,True,1782,-5.731444809556755,17.34652360493298,20260827
time_shifted_pseudo_edge,none,True,1783,-5.201108319656515,17.34652360493298,20260827
time_shifted_pseudo_edge,none,True,1784,-4.332719940150145,17.34652360493298,20260827
time_shifted_pseudo_edge,none,True,1785,0.6209301740263942,17.34652360493298,20260827
time_shifted_pseudo_edge,none,True,1786,-0.9256306911011243,17.34652360493298,20260827
time_shifted_pseudo_edge,none,True,1787,0.4056607199229654,17.34652360493298,20260827
time_shifted_pseudo_edge,none,True,1788,-9.821540611568697,17.34652360493298,20260827
time_shifted_pseudo_edge,none,True,1789,-6.467414192553454,17.34652360493298,20260827
time_shifted_pseudo_edge,none,True,1790,-2.273177279136985,17.34652360493298,20260827
time_shifted_pseudo_edge,none,True,1791,-9.957885319287032,17.34652360493298,20260827
time_shifted_pseudo_edge,none,True,1792,0.78274383817364,17.34652360493298,20260827
time_shifted_pseudo_edge,none,True,1793,2.178390875590565,17.34652360493298,20260827
time_shifted_pseudo_edge,none,True,1794,-2.370044397661278,17.34652360493298,20260827
time_shifted_pseudo_edge,none,True,1795,-0.13734588133137318,17.34652360493298,20260827
time_shifted_pseudo_edge,none,True,1796,-2.3497777024970854,17.34652360493298,20260827
time_shifted_pseudo_edge,none,True,1797,-7.373602515642226,17.34652360493298,20260827
time_shifted_pseudo_edge,none,True,1798,-0.029118658205697256,17.34652360493298,20260827
time_shifted_pseudo_edge,none,True,1799,1.4345176400554809,17.34652360493298,20260827
time_shifted_pseudo_edge,none,True,1800,5.931714612895321,17.34652360493298,20260827
time_shifted_pseudo_edge,none,True,1801,-0.4546719144874048,17.34652360493298,20260827
time_shifted_pseudo_edge,none,True,1802,-4.210382230041527,17.34652360493298,20260827
time_shifted_pseudo_edge,none,True,1803,4.152823931241388,17.34652360493298,20260827
time_shifted_pseudo_edge,none,True,1804,4.846953742884348,17.34652360493298,20260827
time_shifted_pseudo_edge,none,True,1805,-2.240165904634263,17.34652360493298,20260827
time_shifted_pseudo_edge,none,True,1806,9.981783767973369,17.34652360493298,20260827
time_shifted_pseudo_edge,none,True,1807,-5.270828131393275,17.34652360493298,20260827
time_shifted_pseudo_edge,none,True,1808,-0.9982424973064209,17.34652360493298,20260827
time_shifted_pseudo_edge,none,True,1809,-2.747804219393845,17.34652360493298,20260827
time_shifted_pseudo_edge,none,True,1810,-0.4750591690917414,17.34652360493298,20260827
time_shifted_pseudo_edge,none,True,1811,0.7919650481446053,17.34652360493298,20260827
time_shifted_pseudo_edge,none,True,1812,-8.861395133319672,17.34652360493298,20260827
time_shifted_pseudo_edge,none,True,1813,-2.5640188945861215,17.34652360493298,20260827
time_shifted_pseudo_edge,none,True,1814,-7.123293381143288,17.34652360493298,20260827
time_shifted_pseudo_edge,none,True,1815,1.589670417468075,17.34652360493298,20260827
time_shifted_pseudo_edge,none,True,1816,-1.7312092486756872,17.34652360493298,20260827
time_shifted_pseudo_edge,none,True,1817,-1.7376083544068963,17.34652360493298,20260827
time_shifted_pseudo_edge,none,True,1818,5.5996894766321486,17.34652360493298,20260827
time_shifted_pseudo_edge,none,True,1819,0.5653729449112052,17.34652360493298,20260827
time_shifted_pseudo_edge,none,True,1820,-10.958170959864031,17.34652360493298,20260827
time_shifted_pseudo_edge,none,True,1821,0.05070533451686384,17.34652360493298,20260827
time_shifted_pseudo_edge,none,True,1822,8.215551586820709,17.34652360493298,20260827
time_shifted_pseudo_edge,none,True,1823,4.754446478277044,17.34652360493298,20260827
time_shifted_pseudo_edge,none,True,1824,-0.009195206027261298,17.34652360493298,20260827
time_shifted_pseudo_edge,none,True,1825,0.9193416149350129,17.34652360493298,20260827
time_shifted_pseudo_edge,none,True,1826,0.010873613979382567,17.34652360493298,20260827
time_shifted_pseudo_edge,none,True,1827,-3.536344668380695,17.34652360493298,20260827
time_shifted_pseudo_edge,none,True,1828,-9.502631552402942,17.34652360493298,20260827
time_shifted_pseudo_edge,none,True,1829,-5.102650876199,17.34652360493298,20260827
time_shifted_pseudo_edge,none,True,1830,3.4488116893827856,17.34652360493298,20260827
time_shifted_pseudo_edge,none,True,1831,-0.1484818563002663,17.34652360493298,20260827
time_shifted_pseudo_edge,none,True,1832,-7.662090905921021,17.34652360493298,20260827
time_shifted_pseudo_edge,none,True,1833,6.605706890419818,17.34652360493298,20260827
time_shifted_pseudo_edge,none,True,1834,-1.5446323562083601,17.34652360493298,20260827
time_shifted_pseudo_edge,none,True,1835,-0.2061818757919458,17.34652360493298,20260827
time_shifted_pseudo_edge,none,True,1836,-2.919981023546251,17.34652360493298,20260827
time_shifted_pseudo_edge,none,True,1837,-0.6377479375177656,17.34652360493298,20260827
time_shifted_pseudo_edge,none,True,1838,-2.5899302023773974,17.34652360493298,20260827
time_shifted_pseudo_edge,none,True,1839,-1.8846774045108392,17.34652360493298,20260827
time_shifted_pseudo_edge,none,True,1840,4.277448057055987,17.34652360493298,20260827
time_shifted_pseudo_edge,none,True,1841,0.5967947094598121,17.34652360493298,20260827
time_shifted_pseudo_edge,none,True,1842,-8.452353589676395,17.34652360493298,20260827
time_shifted_pseudo_edge,none,True,1843,-5.621763547170955,17.34652360493298,20260827
time_shifted_pseudo_edge,none,True,1844,-3.624374081141277,17.34652360493298,20260827
time_shifted_pseudo_edge,none,True,1845,4.283269665986269,17.34652360493298,20260827
time_shifted_pseudo_edge,none,True,1846,-1.7248623373389484,17.34652360493298,20260827
time_shifted_pseudo_edge,none,True,1847,-1.4516958841558525,17.34652360493298,20260827
time_shifted_pseudo_edge,none,True,1848,1.8673756358364817,17.34652360493298,20260827
time_shifted_pseudo_edge,none,True,1849,1.3326918330088469,17.34652360493298,20260827
time_shifted_pseudo_edge,none,True,1850,5.269484526067828,17.34652360493298,20260827
time_shifted_pseudo_edge,none,True,1851,-1.8187683247903028,17.34652360493298,20260827
time_shifted_pseudo_edge,none,True,1852,10.03433353813223,17.34652360493298,20260827
time_shifted_pseudo_edge,none,True,1853,-2.7032260302981572,17.34652360493298,20260827
time_shifted_pseudo_edge,none,True,1854,1.4715483246586134,17.34652360493298,20260827
time_shifted_pseudo_edge,none,True,1855,4.187983138089253,17.34652360493298,20260827
time_shifted_pseudo_edge,none,True,1856,5.494351351866002,17.34652360493298,20260827
time_shifted_pseudo_edge,none,True,1857,2.032273840216127,17.34652360493298,20260827
time_shifted_pseudo_edge,none,True,1858,5.199863485724878,17.34652360493298,20260827
time_shifted_pseudo_edge,none,True,1859,-3.817972791358784,17.34652360493298,20260827
time_shifted_pseudo_edge,none,True,1860,-0.6934978892238892,17.34652360493298,20260827
time_shifted_pseudo_edge,none,True,1861,-0.6643844149409119,17.34652360493298,20260827
time_shifted_pseudo_edge,none,True,1862,-2.6073802696256987,17.34652360493298,20260827
time_shifted_pseudo_edge,none,True,1863,-3.358515447091639,17.34652360493298,20260827
time_shifted_pseudo_edge,none,True,1864,-4.775791603907934,17.34652360493298,20260827
time_shifted_pseudo_edge,none,True,1865,-2.295736134152414,17.34652360493298,20260827
time_shifted_pseudo_edge,none,True,1866,0.20383952460446805,17.34652360493298,20260827
time_shifted_pseudo_edge,none,True,1867,11.768213587984796,17.34652360493298,20260827
time_shifted_pseudo_edge,none,True,1868,-3.365278838316184,17.34652360493298,20260827
time_shifted_pseudo_edge,none,True,1869,-2.9348148302588624,17.34652360493298,20260827
time_shifted_pseudo_edge,none,True,1870,2.5827809760859863,17.34652360493298,20260827
time_shifted_pseudo_edge,none,True,1871,-4.6465163882014275,17.34652360493298,20260827
time_shifted_pseudo_edge,none,True,1872,-2.689435900915104,17.34652360493298,20260827
time_shifted_pseudo_edge,none,True,1873,4.73180556222126,17.34652360493298,20260827
time_shifted_pseudo_edge,none,True,1874,-2.280096741000506,17.34652360493298,20260827
time_shifted_pseudo_edge,none,True,1875,1.1549581254376309,17.34652360493298,20260827
time_shifted_pseudo_edge,none,True,1876,-12.934961718333307,17.34652360493298,20260827
time_shifted_pseudo_edge,none,True,1877,2.0017950897703147,17.34652360493298,20260827
time_shifted_pseudo_edge,none,True,1878,3.9355199041188373,17.34652360493298,20260827
time_shifted_pseudo_edge,none,True,1879,-4.974920327278903,17.34652360493298,20260827
time_shifted_pseudo_edge,none,True,1880,5.754499843585535,17.34652360493298,20260827
time_shifted_pseudo_edge,none,True,1881,-3.3138635651473507,17.34652360493298,20260827
time_shifted_pseudo_edge,none,True,1882,-4.568063076569078,17.34652360493298,20260827
time_shifted_pseudo_edge,none,True,1883,9.6458735427264,17.34652360493298,20260827
time_shifted_pseudo_edge,none,True,1884,-2.2032485782782287,17.34652360493298,20260827
time_shifted_pseudo_edge,none,True,1885,-4.230242847578239,17.34652360493298,20260827
time_shifted_pseudo_edge,none,True,1886,2.6554816989446794,17.34652360493298,20260827
time_shifted_pseudo_edge,none,True,1887,-3.996844325449462,17.34652360493298,20260827
time_shifted_pseudo_edge,none,True,1888,-1.2128029742749207,17.34652360493298,20260827
time_shifted_pseudo_edge,none,True,1889,-3.664086512257196,17.34652360493298,20260827
time_shifted_pseudo_edge,none,True,1890,-5.536595849768915,17.34652360493298,20260827
time_shifted_pseudo_edge,none,True,1891,-11.3480541909673,17.34652360493298,20260827
time_shifted_pseudo_edge,none,True,1892,-0.20346025358117525,17.34652360493298,20260827
time_shifted_pseudo_edge,none,True,1893,7.0337714413488985,17.34652360493298,20260827
time_shifted_pseudo_edge,none,True,1894,-4.500187067493388,17.34652360493298,20260827
time_shifted_pseudo_edge,none,True,1895,0.48437203648784705,17.34652360493298,20260827
time_shifted_pseudo_edge,none,True,1896,-6.707244241003359,17.34652360493298,20260827
time_shifted_pseudo_edge,none,True,1897,-3.3969681676252463,17.34652360493298,20260827
time_shifted_pseudo_edge,none,True,1898,-1.4694703065497707,17.34652360493298,20260827
time_shifted_pseudo_edge,none,True,1899,-2.519352014931006,17.34652360493298,20260827
time_shifted_pseudo_edge,none,True,1900,4.531928132003606,17.34652360493298,20260827
time_shifted_pseudo_edge,none,True,1901,-1.7166970686970588,17.34652360493298,20260827
time_shifted_pseudo_edge,none,True,1902,-10.71633129882569,17.34652360493298,20260827
time_shifted_pseudo_edge,none,True,1903,10.525874500043301,17.34652360493298,20260827
time_shifted_pseudo_edge,none,True,1904,-0.6044147405064226,17.34652360493298,20260827
time_shifted_pseudo_edge,none,True,1905,1.142956328639239,17.34652360493298,20260827
time_shifted_pseudo_edge,none,True,1906,-3.0504272041094582,17.34652360493298,20260827
time_shifted_pseudo_edge,none,True,1907,-2.1951809974629906,17.34652360493298,20260827
time_shifted_pseudo_edge,none,True,1908,-3.5516957199080768,17.34652360493298,20260827
time_shifted_pseudo_edge,none,True,1909,-6.778306816814565,17.34652360493298,20260827
time_shifted_pseudo_edge,none,True,1910,-5.570726054345534,17.34652360493298,20260827
time_shifted_pseudo_edge,none,True,1911,-3.1460636501941917,17.34652360493298,20260827
time_shifted_pseudo_edge,none,True,1912,-5.466469786434647,17.34652360493298,20260827
time_shifted_pseudo_edge,none,True,1913,6.268717607167237,17.34652360493298,20260827
time_shifted_pseudo_edge,none,True,1914,1.4613140513714682,17.34652360493298,20260827
time_shifted_pseudo_edge,none,True,1915,-0.8048617774820269,17.34652360493298,20260827
time_shifted_pseudo_edge,none,True,1916,-1.432810618490841,17.34652360493298,20260827
time_shifted_pseudo_edge,none,True,1917,3.611670914725442,17.34652360493298,20260827
time_shifted_pseudo_edge,none,True,1918,-2.1828033619745213,17.34652360493298,20260827
time_shifted_pseudo_edge,none,True,1919,-2.5695676801682796,17.34652360493298,20260827
time_shifted_pseudo_edge,none,True,1920,-5.402874735377174,17.34652360493298,20260827
time_shifted_pseudo_edge,none,True,1921,3.1182300932782936,17.34652360493298,20260827
time_shifted_pseudo_edge,none,True,1922,0.4854606772670377,17.34652360493298,20260827
time_shifted_pseudo_edge,none,True,1923,-3.8553442550067873,17.34652360493298,20260827
time_shifted_pseudo_edge,none,True,1924,2.102963193926277,17.34652360493298,20260827
time_shifted_pseudo_edge,none,True,1925,-1.9016488237748208,17.34652360493298,20260827
time_shifted_pseudo_edge,none,True,1926,5.29826379911266,17.34652360493298,20260827
time_shifted_pseudo_edge,none,True,1927,-4.27737101708409,17.34652360493298,20260827
time_shifted_pseudo_edge,none,True,1928,-0.5341987048618385,17.34652360493298,20260827
time_shifted_pseudo_edge,none,True,1929,-6.686536293233315,17.34652360493298,20260827
time_shifted_pseudo_edge,none,True,1930,-3.422466341387118,17.34652360493298,20260827
time_shifted_pseudo_edge,none,True,1931,-0.7973135413763346,17.34652360493298,20260827
time_shifted_pseudo_edge,none,True,1932,4.417579880406164,17.34652360493298,20260827
time_shifted_pseudo_edge,none,True,1933,-5.910983671224979,17.34652360493298,20260827
time_shifted_pseudo_edge,none,True,1934,3.9649807585801624,17.34652360493298,20260827
time_shifted_pseudo_edge,none,True,1935,-5.218373375497562,17.34652360493298,20260827
time_shifted_pseudo_edge,none,True,1936,-4.096638997944292,17.34652360493298,20260827
time_shifted_pseudo_edge,none,True,1937,2.847969535836772,17.34652360493298,20260827
time_shifted_pseudo_edge,none,True,1938,2.8872829315444255,17.34652360493298,20260827
time_shifted_pseudo_edge,none,True,1939,-1.1543431213508668,17.34652360493298,20260827
time_shifted_pseudo_edge,none,True,1940,0.5391939208349784,17.34652360493298,20260827
time_shifted_pseudo_edge,none,True,1941,-4.295499609703474,17.34652360493298,20260827
time_shifted_pseudo_edge,none,True,1942,3.4438312167172156,17.34652360493298,20260827
time_shifted_pseudo_edge,none,True,1943,-3.3625595934592605,17.34652360493298,20260827
time_shifted_pseudo_edge,none,True,1944,16.16580770669844,17.34652360493298,20260827
time_shifted_pseudo_edge,none,True,1945,1.1588222343137413,17.34652360493298,20260827
time_shifted_pseudo_edge,none,True,1946,-3.538636752146861,17.34652360493298,20260827
time_shifted_pseudo_edge,none,True,1947,-9.960516675072888,17.34652360493298,20260827
time_shifted_pseudo_edge,none,True,1948,-1.3535943164960336,17.34652360493298,20260827
time_shifted_pseudo_edge,none,True,1949,-5.875505138692932,17.34652360493298,20260827
time_shifted_pseudo_edge,none,True,1950,-4.728078447980399,17.34652360493298,20260827
time_shifted_pseudo_edge,none,True,1951,6.442174398030806,17.34652360493298,20260827
time_shifted_pseudo_edge,none,True,1952,-0.45054574172352185,17.34652360493298,20260827
time_shifted_pseudo_edge,none,True,1953,-3.7850062191114953,17.34652360493298,20260827
time_shifted_pseudo_edge,none,True,1954,-7.207960612199665,17.34652360493298,20260827
time_shifted_pseudo_edge,none,True,1955,7.422959340089907,17.34652360493298,20260827
time_shifted_pseudo_edge,none,True,1956,-0.3305787655622322,17.34652360493298,20260827
time_shifted_pseudo_edge,none,True,1957,-3.377330682688192,17.34652360493298,20260827
time_shifted_pseudo_edge,none,True,1958,-5.79210931799428,17.34652360493298,20260827
time_shifted_pseudo_edge,none,True,1959,-1.7850863061755176,17.34652360493298,20260827
time_shifted_pseudo_edge,none,True,1960,-2.6511517069289057,17.34652360493298,20260827
time_shifted_pseudo_edge,none,True,1961,-1.4420314112817678,17.34652360493298,20260827
time_shifted_pseudo_edge,none,True,1962,5.695403379224901,17.34652360493298,20260827
time_shifted_pseudo_edge,none,True,1963,6.341417411667011,17.34652360493298,20260827
time_shifted_pseudo_edge,none,True,1964,-4.500930695812683,17.34652360493298,20260827
time_shifted_pseudo_edge,none,True,1965,4.122640275024752,17.34652360493298,20260827
time_shifted_pseudo_edge,none,True,1966,-9.707709955345212,17.34652360493298,20260827
time_shifted_pseudo_edge,none,True,1967,-0.4845952745634423,17.34652360493298,20260827
time_shifted_pseudo_edge,none,True,1968,0.4672687185603981,17.34652360493298,20260827
time_shifted_pseudo_edge,none,True,1969,-2.58899950671418,17.34652360493298,20260827
time_shifted_pseudo_edge,none,True,1970,12.258808990112172,17.34652360493298,20260827
time_shifted_pseudo_edge,none,True,1971,-2.10913777450851,17.34652360493298,20260827
time_shifted_pseudo_edge,none,True,1972,-8.51420960662582,17.34652360493298,20260827
time_shifted_pseudo_edge,none,True,1973,-1.163105727340876,17.34652360493298,20260827
time_shifted_pseudo_edge,none,True,1974,0.6983901876458252,17.34652360493298,20260827
time_shifted_pseudo_edge,none,True,1975,11.043774101159475,17.34652360493298,20260827
time_shifted_pseudo_edge,none,True,1976,1.5979227723365579,17.34652360493298,20260827
time_shifted_pseudo_edge,none,True,1977,-10.481967904681374,17.34652360493298,20260827
time_shifted_pseudo_edge,none,True,1978,2.5422180887615355,17.34652360493298,20260827
time_shifted_pseudo_edge,none,True,1979,4.983948460258062,17.34652360493298,20260827
time_shifted_pseudo_edge,none,True,1980,3.2353644174947758,17.34652360493298,20260827
time_shifted_pseudo_edge,none,True,1981,2.76724455338977,17.34652360493298,20260827
time_shifted_pseudo_edge,none,True,1982,5.428252276635704,17.34652360493298,20260827
time_shifted_pseudo_edge,none,True,1983,4.712323347712515,17.34652360493298,20260827
time_shifted_pseudo_edge,none,True,1984,-2.5019364991914013,17.34652360493298,20260827
time_shifted_pseudo_edge,none,True,1985,1.1420377013913559,17.34652360493298,20260827
time_shifted_pseudo_edge,none,True,1986,-0.25635156158004124,17.34652360493298,20260827
time_shifted_pseudo_edge,none,True,1987,3.0071637048821724,17.34652360493298,20260827
time_shifted_pseudo_edge,none,True,1988,-1.790132924566169,17.34652360493298,20260827
time_shifted_pseudo_edge,none,True,1989,-8.78811422329981,17.34652360493298,20260827
time_shifted_pseudo_edge,none,True,1990,-1.5318784688912088,17.34652360493298,20260827
time_shifted_pseudo_edge,none,True,1991,4.000422762443975,17.34652360493298,20260827
time_shifted_pseudo_edge,none,True,1992,-3.0834536404917094,17.34652360493298,20260827
time_shifted_pseudo_edge,none,True,1993,-1.5671410048247398,17.34652360493298,20260827
time_shifted_pseudo_edge,none,True,1994,1.8688677526511697,17.34652360493298,20260827
time_shifted_pseudo_edge,none,True,1995,-0.10188816150005783,17.34652360493298,20260827
time_shifted_pseudo_edge,none,True,1996,3.5875035043277728,17.34652360493298,20260827
time_shifted_pseudo_edge,none,True,1997,0.1738848850970178,17.34652360493298,20260827
time_shifted_pseudo_edge,none,True,1998,-3.3598790355830728,17.34652360493298,20260827
time_shifted_pseudo_edge,none,True,1999,2.269791451102726,17.34652360493298,20260827
time_shifted_pseudo_edge,none,True,2000,-7.370370218550098,17.34652360493298,20260827
